-- MySQL dump 10.13  Distrib 8.0.36, for Linux (x86_64)
--
-- Host: localhost    Database: virtual_interview_db
-- ------------------------------------------------------
-- Server version	8.0.36

/*!40101 SET @OLD_CHARACTER_SET_CLIENT=@@CHARACTER_SET_CLIENT */;
/*!40101 SET @OLD_CHARACTER_SET_RESULTS=@@CHARACTER_SET_RESULTS */;
/*!40101 SET @OLD_COLLATION_CONNECTION=@@COLLATION_CONNECTION */;
/*!50503 SET NAMES utf8mb4 */;
/*!40103 SET @OLD_TIME_ZONE=@@TIME_ZONE */;
/*!40103 SET TIME_ZONE='+00:00' */;
/*!40014 SET @OLD_UNIQUE_CHECKS=@@UNIQUE_CHECKS, UNIQUE_CHECKS=0 */;
/*!40014 SET @OLD_FOREIGN_KEY_CHECKS=@@FOREIGN_KEY_CHECKS, FOREIGN_KEY_CHECKS=0 */;
/*!40101 SET @OLD_SQL_MODE=@@SQL_MODE, SQL_MODE='NO_AUTO_VALUE_ON_ZERO' */;
/*!40111 SET @OLD_SQL_NOTES=@@SQL_NOTES, SQL_NOTES=0 */;

--
-- Table structure for table `analysis_reports`
--

DROP TABLE IF EXISTS `analysis_reports`;
/*!40101 SET @saved_cs_client     = @@character_set_client */;
/*!50503 SET character_set_client = utf8mb4 */;
CREATE TABLE `analysis_reports` (
  `id` bigint unsigned NOT NULL AUTO_INCREMENT COMMENT '报告唯一ID',
  `session_id` varchar(255) COLLATE utf8mb4_unicode_ci NOT NULL COMMENT '对应的面试会话ID',
  `generated_at` timestamp NOT NULL DEFAULT CURRENT_TIMESTAMP COMMENT '报告生成时间',
  `overall_summary` text CHARACTER SET utf8mb4 COLLATE utf8mb4_unicode_ci COMMENT '总体表现概述',
  `score_professional_knowledge` decimal(5,2) DEFAULT NULL COMMENT '核心能力-专业知识水平得分',
  `score_skill_match` decimal(5,2) DEFAULT NULL COMMENT '核心能力-技能匹配度得分',
  `score_verbal_expression` decimal(5,2) DEFAULT NULL COMMENT '核心能力-语言表达能力得分',
  `score_logical_thinking` decimal(5,2) DEFAULT NULL COMMENT '核心能力-逻辑思维能力得分',
  `score_innovation` decimal(5,2) DEFAULT NULL COMMENT '核心能力-创新能力得分',
  `score_stress_resistance` decimal(5,2) DEFAULT NULL COMMENT '核心能力-应变抗压能力得分',
  `behavioral_analysis` text CHARACTER SET utf8mb4 COLLATE utf8mb4_unicode_ci COMMENT '面试行为表现分析总结',
  `behavioral_suggestions` text CHARACTER SET utf8mb4 COLLATE utf8mb4_unicode_ci COMMENT '面试行为表现改进建议',
  `tension_curve_data` json DEFAULT NULL COMMENT '紧张度曲线数据（JSON），如：[{"time": "01:30", "value": 20}]',
  `overall_suggestions` text CHARACTER SET utf8mb4 COLLATE utf8mb4_unicode_ci COMMENT '综合建议',
  `filler_word_usage` text CHARACTER SET utf8mb4 COLLATE utf8mb4_unicode_ci COMMENT '口头禅/填充词使用频率{"嗯": 10, "那个": 5}''',
  `eye_contact_percentage` text CHARACTER SET utf8mb4 COLLATE utf8mb4_unicode_ci COMMENT '眼神交流（注视摄像头）分析得分，【以问题为界限，如：问题1-眼神飘忽不定：0.3 问题2：正视镜头:0.8】',
  PRIMARY KEY (`id`),
  UNIQUE KEY `session_id` (`session_id`),
  KEY `idx_session_id` (`session_id`)
) ENGINE=InnoDB AUTO_INCREMENT=44 DEFAULT CHARSET=utf8mb4 COLLATE=utf8mb4_unicode_ci COMMENT='存储详细的面试后分析报告';
/*!40101 SET character_set_client = @saved_cs_client */;

--
-- Dumping data for table `analysis_reports`
--

LOCK TABLES `analysis_reports` WRITE;
/*!40000 ALTER TABLE `analysis_reports` DISABLE KEYS */;
INSERT INTO `analysis_reports` VALUES (27,'1-8-1751877600000','2025-07-08 03:30:00','候选人在此次面试中表现卓越。其技术功底深厚，尤其在分布式系统和Java核心原理方面展现了专家级的理解。沟通表达清晰、自信，逻辑严谨，是一位非常理想的高级工程师人选。',98.00,95.00,92.00,94.00,85.00,95.00,'全程行为表现从容自信。眼神交流稳定（平均专注度 >0.92），面带微笑，肢体语言放松，无明显紧张迹象。在回答问题时，语速平稳，条理清晰，展现了优秀的心理素质。','表现非常出色，请继续保持自信和专业的态度。','[{\"time\": \"00:15\", \"value\": 8}, {\"time\": \"02:40\", \"value\": 5}, {\"time\": \"04:55\", \"value\": 6}]','建议继续深化在微服务治理和性能调优方面的知识，未来有望成为技术架构领域的专家。','{}','{\"问题1\": 0.92, \"问题2\": 0.95, \"问题3\": 0.93}'),(28,'1-9-1751964000000','2025-07-09 08:50:00','候选人掌握了岗位所需的基础知识，但技术深度有待加强。沟通态度诚恳，但在面对追问时自信心不足，影响了表达的流畅性。整体来看，是一位有潜力的初级开发者，需要进一步打磨。',75.00,78.00,70.00,76.00,70.00,72.00,'面试初期表现出明显的紧张情绪，如注意力分散、小动作增多。在回答熟悉的问题时状态有所好转，但面对难题时紧张情绪再次出现。眼神交流有待提升。','建议在面试前进行充分的模拟练习，特别是针对自我介绍和技术难点部分。尝试使用更自信的肢体语言，如保持背部挺直、与面试官保持稳定的眼神接触。','[{\"time\": \"00:35\", \"value\": 65}, {\"time\": \"02:10\", \"value\": 25}, {\"time\": \"04:30\", \"value\": 55}]','建议系统性地深入学习JavaScript核心概念，如作用域、事件循环和内存管理，并通过项目实践来巩固。同时，加强口头表达训练，提升沟通自信心。','{\"啊\": 1, \"嗯\": 2}','{\"问题1\": 0.65, \"问题2\": 0.88, \"问题3\": 0.71}'),(29,'1-8-1752050400000','2025-07-10 08:50:00','候选人对产品经理岗位的认知非常欠缺，回答问题空洞，缺乏基本的逻辑和分析能力。面试准备严重不足，不符合岗位要求。',40.00,35.00,50.00,40.00,50.00,30.00,'全程表现出极度紧张和不自信。眼神长时间躲闪，几乎没有有效的眼神交流（平均专注度 <0.45）。回答问题时，肢体僵硬，声音微弱，反映出巨大的心理压力。','建议从根本上提升自信心。在面试前，务必对所应聘的岗位进行深入研究和学习。通过小范围的分享或讨论来锻炼当众表达的能力。','[{\"time\": \"01:10\", \"value\": 88}, {\"time\": \"03:50\", \"value\": 92}]','建议系统性地学习产品经理的工作方法论，包括市场分析、用户研究、需求文档撰写等。可以从阅读相关书籍、分析成熟APP开始，逐步建立产品思维。','{\"嗯\": 1, \"我觉得\": 1}','{\"问题1\": 0.45, \"问题2\": 0.38}'),(30,'1-10-1752136800000','2025-07-11 09:15:00','候选人展现了优秀的抗压能力和扎实的算法功底。虽然在压力面试的开场略显紧张，但能迅速调整心态，清晰、准确地完成任务。面对追问，逻辑清晰，反应迅速，是一位心理素质和技术能力俱佳的候选人。',90.00,88.00,85.00,92.00,80.00,95.00,'面试初期有轻微紧张迹象，但在进入答题状态后迅速恢复平稳。在阐述理论知识时，眼神坚定，表达自信，展现了良好的临场应变能力。','在压力面试的开场，可以尝试通过深呼吸等方式更快地进入状态。其他方面表现很好，继续保持。','[{\"time\": \"03:00\", \"value\": 40}, {\"time\": \"05:30\", \"value\": 10}]','算法基础非常牢固。建议在准备面试时，可以多接触一些系统设计类问题，以拓宽技术视野，为未来发展做准备。','{}','{\"问题1\": 0.85, \"问题2\": 0.94}'),(31,'1-9-1752223200000','2025-07-12 10:50:00','候选人在行为面试中表现出色，展现了较高的情商和自我认知。回答问题结构清晰，内容真诚，能够巧妙地将个人特质与职业要求相结合。沟通能力强，态度积极。',80.00,85.00,92.00,90.00,82.00,90.00,'行为举止得体，全程保持放松和自信的状态。眼神交流自然，面带微笑，给面试官留下了非常好的印象。','表现非常优秀，在行为面试方面几乎没有缺点。','[{\"time\": \"02:02\", \"value\": 10}]','建议在后续的技术面试中，也能保持如此自信和从容的心态，将你的软实力和硬技能更好地结合起来。','{}','{\"问题1\": 0.91}'),(32,'1-8-1752309600000','2025-07-13 11:15:00','候选人对后端核心技术有不错的掌握，但对部分知识点的理解深度稍有欠缺。沟通表达能力良好，但在回答并发相关问题时，出现了轻微的紧张和思考停顿。',85.00,82.00,84.00,86.00,78.00,80.00,'大部分时间表现放松，但在特定技术难点上，行为指标（如眨眼频率、视线转移）显示出轻微的紧张情绪。','当遇到不完全确定的问题时，可以先坦诚地说明自己了解的程度，然后尝试从自己的理解出发进行逻辑推理，而不是直接卡顿。','[{\"time\": \"02:02\", \"value\": 15}, {\"time\": \"05:40\", \"value\": 35}]','建议重点加强对并发编程和JVM底层原理的学习，通过阅读源码或相关书籍来构建更完整的知识体系。','{}','{\"问题1\": 0.89, \"问题2\": 0.85}'),(33,'1-9-1752396000000','2025-07-14 12:25:00','候选人在群面环境中表现被动，发言次数少，且观点缺乏有力的论据支撑。在被追问时，思考深度不足，未能提出建设性的方案。团队协作和当众表达能力有待提高。',70.00,72.00,65.00,70.00,68.00,60.00,'在群体讨论中，行为表现出明显的回避和紧张。长时间保持沉默，发言时声音小，眼神不敢与其他成员接触。','建议多参加小组讨论、辩论赛等活动，刻意练习在群体中表达观点的能力。发言前可以先快速构建提纲，确保言之有物。','[{\"time\": \"08:15\", \"value\": 80}, {\"time\": \"12:40\", \"value\": 65}]','群面不仅考察个人观点，更考察团队协作能力。建议在后续的群面中，可以尝试承担一些功能性角色，如破冰者、计时员、总结者，来增加自己的参与度和贡献度。','{\"我...我觉得\": 1, \"嗯...就是\": 1}','{\"问题1\": 0.55, \"问题2\": 0.62}'),(34,'1-10-1752482400000','2025-07-15 13:45:00','候选人在多对一的面试压力下表现不佳，显得非常紧张，导致语言组织混乱，未能清晰地阐述自己的设计思路。虽然点出了一些关键词，但知识没有形成体系，无法应对复杂的系统设计问题。',65.00,68.00,60.00,62.00,60.00,45.00,'行为指标显示候选人处于高度紧张状态。注意力涣散，眼神回避，头部晃动剧烈，这些都严重影响了面试官对其技术能力的评估。','面对压力场景，首先要调整呼吸，让自己冷静下来。听清问题后，可以向面试官申请几十秒的思考时间来组织思路，这比慌乱作答要好得多。','[{\"time\": \"05:10\", \"value\": 90}]','建议系统性地学习和梳理高并发系统设计知识，形成自己的方法论。同时，必须加强抗压训练，多参与模拟面试，习惯在高压环境下思考和表达。','{\"呃...\": 1, \"然后...\": 1, \"可能...\": 1}','{\"问题1\": 0.48}'),(35,'1-8-1752568800000','2025-07-16 14:35:00','候选人对前端核心原理的理解非常深入，展现了扎实的技术功底。表达自信、流畅，与岗位要求高度匹配，是一位优秀的前端开发工程师。',95.00,92.00,90.00,92.00,85.00,94.00,'行为表现非常专业和自信。在回答核心技术问题时，全程保持高度专注，眼神坚定，展现出对自己知识储备的强大信心。','表现近乎完美，继续保持对技术的热情和深度探索。','[{\"time\": \"05:00\", \"value\": 5}]','非常优秀。如果能在回答中主动补充Vue3中Proxy相对于Object.defineProperty的优势，可以进一步展现你的技术前瞻性。','{}','{\"问题1\": 0.94}'),(36,'1-8-1752828000000','2025-07-19 07:50:00','候选人计算机基础知识非常扎实，对操作系统中的核心概念理解准确、清晰。表达流畅，态度从容，展现了良好的学业背景和学习能力。',92.00,88.00,90.00,91.00,80.00,92.00,'行为表现从容自信，回答问题时专注度高，无紧张迹象，体现了良好的学术素养。','非常棒的基础。在面试中，可以尝试将这些理论知识与实际应用场景结合，会更有说服力。','[{\"time\": \"03:00\", \"value\": 7}]','建议在扎实理论的基础上，多参与实践项目，将理论知识转化为解决实际问题的能力。','{}','{\"问题1\": 0.93}'),(37,'1-9-1752914400000','2025-07-20 08:35:00','候选人对Java基础知识掌握良好，能够满足实习岗位的基本要求。沟通清晰，态度端正，具备较好的培养潜力。',85.00,82.00,84.00,86.00,75.00,88.00,'全程表现放松、自信，能够与面试官进行良好的互动和眼神交流，展现了积极的求职态度。','基础不错，继续保持。','[{\"time\": \"04:00\", \"value\": 12}]','建议在回答问题时，可以尝试主动扩展。例如，在回答完`==`和`equals`的区别后，主动引出`hashCode`，会显得你知识体系更完整。','{}','{\"问题1\": 0.90}'),(38,'1-10-1753000800000','2025-07-21 09:55:00','候选人对数据仓库领域有基本的概念性了解，但缺乏深入的理解和实践经验。在面对追问时，暴露出知识深度不足的问题。',78.00,75.00,80.00,79.00,72.00,75.00,'在回答熟悉的概念时表现尚可，但在被问及不熟悉的细节时，出现了明显的紧张和不确定性，如视线下降、语速变慢。','当遇到知识盲区时，诚实地承认并表达学习的意愿，通常比含糊其辞要好。这能展现你的诚实和成长型思维。','[{\"time\": \"06:00\", \"value\": 20}, {\"time\": \"12:00\", \"value\": 50}]','建议将理论学习与实践结合起来。可以尝试自己动手搭建一个小型数据仓库项目，或参与开源项目，以加深对缓慢变化维等概念的理解。','{\"嗯...\": 1}','{\"问题1\": 0.80, \"问题2\": 0.72}'),(39,'1-8-1751888800000','2025-07-08 07:10:00','候选人对C++的核心概念有基本了解，但掌握不够牢固，尤其是在内存管理方面。回答问题时略显犹豫，自信心有待提升。',72.00,75.00,70.00,74.00,70.00,78.00,'在回答C++核心问题时，行为上表现出轻微的紧张和不确定性，如思考停顿、视线游移。','在阐述技术概念时，尽量使用果断、清晰的语言。面试前可以通过反复演练来增强对核心知识点的肌肉记忆。','[{\"time\": \"05:00\", \"value\": 45}]','C++中内存管理是重中之重。强烈建议深入学习并实践智能指针（`unique_ptr`, `shared_ptr`, `weak_ptr`）的使用，这是现代C++开发的必备技能。','{\"嗯...\": 1}','{\"问题1\": 0.78}'),(40,'1-9-1751988000000','2025-07-09 14:40:00','候选人基础知识异常扎实，在快问快答环节中反应迅速，回答准确全面，展现了出色的学习能力和知识储备。',95.00,90.00,92.00,94.00,85.00,96.00,'行为表现堪称典范。面对快节奏的提问，毫无紧张感，全程从容自信，注意力高度集中，展现了极佳的面试状态。','非常优秀，无可挑剔。','[{\"time\": \"02:00\", \"value\": 4}]','基础非常牢固。后续可以在项目经验中，更多地思考如何将这些基础知识应用到复杂的业务场景中，解决实际问题。','{}','{\"问题1\": 0.96}'),(41,'1-10-1752084000000','2025-07-10 17:30:00','候选人沟通能力良好，但在阐述职业规划等深层问题时，思考深度不足，回答略显空泛。',75.00,78.00,85.00,78.00,72.00,82.00,'行为状态放松，沟通意愿强。但在回答规划类问题时，出现了思考性停顿，表明对该问题缺乏提前准备。','对于“职业规划”这类常见问题，建议提前进行深入思考，并准备好有结构、有具体计划的答案，以展现你的上进心和目标感。','[{\"time\": \"05:00\", \"value\": 25}]','建议将长远目标分解为短期、中期、长期三个阶段，并为每个阶段设立具体、可衡量的目标（SMART原则），这样会让你的规划听起来更具体、更可信。','{\"嗯...\": 1}','{\"问题1\": 0.82}'),(42,'1-8-1752170400000','2025-07-11 18:45:00','候选人对公司产品有一定了解，并能从用户角度提出自己的看法。沟通积极主动，表现出对岗位的热情。但在分析的深度和广度上还有提升空间。',80.00,85.00,88.00,84.00,82.00,88.00,'在讨论熟悉和感兴趣的话题时，候选人表现出积极、愉悦的情绪，沟通状态良好，能与面试官形成良好的互动。','在分析产品时，除了用户体验，还可以尝试从商业模式、技术实现、市场竞争等更宏观的维度进行分析，以展现更全面的能力。','[{\"time\": \"05:00\", \"value\": 15}]','建议在面试前，不仅要体验公司的核心产品，还要对其发展历程、市场定位、主要竞品等进行研究，这样能让你的回答更有深度和见地。','{}','{\"问题1\": 0.90}'),(43,'1-9-1752256800000','2025-07-12 19:50:00','候选人对产品方法论的掌握非常欠缺，回答问题不成体系，思路混乱。在被要求阐述具体执行方案时，表现出明显的困难。产品经理所需的基本素养有待建立。',60.00,62.00,68.00,60.00,65.00,68.00,'在面对抽象的方法论问题时，候选人表现出不确定和轻微的紧张。眼神游离，回答内容空洞，反映出其知识储备和思考能力的不足。','建议系统性地学习产品经理的工作流程和方法论。可以从一个点开始，比如“如何做竞品分析”，并形成自己的分析框架。','[{\"time\": \"10:00\", \"value\": 60}]','成为一名产品经理需要建立一套完整的工作方法论。建议阅读如《启示录》、《人人都是产品经理》等经典书籍，并尝试用书中的理论去分析你身边的产品，进行刻意练习。','{\"我会...\": 1}','{\"问题1\": 0.68}');
/*!40000 ALTER TABLE `analysis_reports` ENABLE KEYS */;
UNLOCK TABLES;

--
-- Table structure for table `career_assessments`
--

DROP TABLE IF EXISTS `career_assessments`;
/*!40101 SET @saved_cs_client     = @@character_set_client */;
/*!50503 SET character_set_client = utf8mb4 */;
CREATE TABLE `career_assessments` (
  `id` bigint unsigned NOT NULL AUTO_INCREMENT COMMENT '评测报告唯一ID',
  `user_id` bigint unsigned NOT NULL COMMENT '所属用户ID',
  `total_interviews_analyzed` int NOT NULL COMMENT '本次评测所分析的面试总次数',
  `average_overall_score` decimal(5,2) DEFAULT NULL COMMENT '所有面试的平均综合分',
  `competency_radar_data` json DEFAULT NULL COMMENT '核心能力雷达图数据，格式: {"professional_knowledge": 88.5, ...}',
  `strengths_summary` text COLLATE utf8mb4_general_ci COMMENT 'AI分析-综合优势总结',
  `improvement_summary` text COLLATE utf8mb4_general_ci COMMENT 'AI分析-待改进领域总结',
  `behavioral_habits_summary` text COLLATE utf8mb4_general_ci COMMENT 'AI分析-行为习惯总结',
  `career_suggestions` text COLLATE utf8mb4_general_ci COMMENT 'AI分析-职业发展建议',
  `suitable_positions` text COLLATE utf8mb4_general_ci COMMENT 'AI分析-推荐岗位方向',
  `created_at` timestamp NOT NULL DEFAULT CURRENT_TIMESTAMP COMMENT '报告生成时间',
  `updated_at` timestamp NOT NULL DEFAULT CURRENT_TIMESTAMP ON UPDATE CURRENT_TIMESTAMP COMMENT '报告更新时间',
  `position_fit_analysis` text CHARACTER SET utf8mb4 COLLATE utf8mb4_general_ci COMMENT 'AI分析-岗位匹配度深度分析',
  PRIMARY KEY (`id`),
  UNIQUE KEY `uk_user_id` (`user_id`) COMMENT '一个用户通常只需要一份最新的评测报告'
) ENGINE=InnoDB AUTO_INCREMENT=2 DEFAULT CHARSET=utf8mb4 COLLATE=utf8mb4_general_ci COMMENT='用户的综合职业能力评测报告表';
/*!40101 SET character_set_client = @saved_cs_client */;

--
-- Dumping data for table `career_assessments`
--

LOCK TABLES `career_assessments` WRITE;
/*!40000 ALTER TABLE `career_assessments` DISABLE KEYS */;
INSERT INTO `career_assessments` VALUES (1,1,16,78.33,'{\"innovation\": 73.56, \"skill_match\": 77.81, \"logical_thinking\": 78.63, \"stress_resistance\": 77.38, \"verbal_expression\": 78.31, \"professional_knowledge\": 78.44}','候选人在多个技术领域展现了扎实的专业知识和出色的学习能力，特别是在计算机基础知识、前端开发、以及分布式系统方面。沟通能力强，能与面试官进行良好的互动，表现出积极的求职态度和良好的心理素质。','尽管候选人在多个领域表现优秀，但在面对复杂系统设计问题时，知识体系不够完善，需要加强深入理解和实践经验。在高压面试环境下，部分候选人表现出紧张情绪，影响表达流畅性。此外，对于产品经理等岗位的认知和规划能力有待提高。','多数情况下，候选人能够保持自信和从容的态度回答问题，但面对特定技术难点或抽象问题时，个别候选人会表现出轻微的紧张情绪，如视线游移、语速变慢等。在群体讨论环境中，一些候选人的表达能力和团队协作意识有待提升。','建议候选人加强对复杂系统设计问题的深入研究和实践，同时参加相关领域的项目或实习以增强经验。对于产品经理职位，建议通过案例学习和模拟训练来提升规划能力和产品方法论的理解。考虑参与公开演讲或领导力培训以提高团队协作和公众表达能力。','基于候选人的综合表现和技术能力，推荐其向算法工程师、后端工程师和数据分析师方向发展。这些岗位与其深厚的技术背景和出色的学习能力相匹配。考虑到其对产品经理角色的准备不足，建议避免应聘该类岗位。','2025-07-20 15:56:26','2025-07-20 15:56:26','候选人的技术能力和逻辑思维能力与其目标岗位（算法工程师、后端工程师、数据分析师）高度匹配。尤其是对前端核心原理和分布式系统的理解显示出强大的专业实力。然而，对于产品经理角色，其缺乏必要的产品方法论知识和职业规划深度，建议针对该岗位进行专项培训和准备。');
/*!40000 ALTER TABLE `career_assessments` ENABLE KEYS */;
UNLOCK TABLES;

--
-- Table structure for table `channel_topics`
--

DROP TABLE IF EXISTS `channel_topics`;
/*!40101 SET @saved_cs_client     = @@character_set_client */;
/*!50503 SET character_set_client = utf8mb4 */;
CREATE TABLE `channel_topics` (
  `channel_id` bigint unsigned NOT NULL COMMENT '频道ID',
  `topic_id` int unsigned NOT NULL COMMENT '知识点ID',
  PRIMARY KEY (`channel_id`,`topic_id`) COMMENT '联合主键，防止重复关联',
  KEY `idx_topic_id` (`topic_id`) COMMENT '为知识点ID创建索引，方便反向查询'
) ENGINE=InnoDB DEFAULT CHARSET=utf8mb4 COLLATE=utf8mb4_unicode_ci COMMENT='频道与知识点的关联表';
/*!40101 SET character_set_client = @saved_cs_client */;

--
-- Dumping data for table `channel_topics`
--

LOCK TABLES `channel_topics` WRITE;
/*!40000 ALTER TABLE `channel_topics` DISABLE KEYS */;
INSERT INTO `channel_topics` VALUES (2,1),(7,1),(11,1),(13,1),(18,1),(2,3),(7,4),(13,4),(7,5),(13,5),(1,6),(11,6),(13,6),(17,6),(20,6),(1,7),(11,7),(13,7),(17,7),(20,7),(1,8),(4,8),(12,8),(14,8),(16,8),(17,8),(20,8),(3,9),(8,9),(14,9),(21,9),(3,10),(8,10),(14,10),(4,11),(9,11),(19,11),(6,12),(9,12),(19,12),(6,13),(9,13),(5,14),(10,14),(15,14),(5,15),(15,15),(1,16),(19,16),(2,17),(11,17),(18,17),(2,18),(18,18),(7,19),(20,19),(2,20),(3,21),(21,21);
/*!40000 ALTER TABLE `channel_topics` ENABLE KEYS */;
UNLOCK TABLES;

--
-- Table structure for table `chats`
--

DROP TABLE IF EXISTS `chats`;
/*!40101 SET @saved_cs_client     = @@character_set_client */;
/*!50503 SET character_set_client = utf8mb4 */;
CREATE TABLE `chats` (
  `chat_id` varchar(36) COLLATE utf8mb4_general_ci NOT NULL COMMENT '会话的唯一标识符，主键。推荐使用UUID格式，以保证全局唯一性。',
  `user_id` bigint unsigned NOT NULL COMMENT '外键，关联到用户表(users)的主键ID，用于标识该会话属于哪个用户。',
  `title` varchar(255) COLLATE utf8mb4_general_ci NOT NULL COMMENT '会话的标题，方便用户识别，此标题用户可以修改。',
  `system_prompt` text COLLATE utf8mb4_general_ci COMMENT '系统级提示(System Prompt)，用于设定AI在该会话中的角色、背景或行为准则。',
  `created_at` timestamp NOT NULL DEFAULT CURRENT_TIMESTAMP COMMENT '会话的创建时间，在插入记录时默认为当前服务器时间。',
  `updated_at` timestamp NOT NULL DEFAULT CURRENT_TIMESTAMP ON UPDATE CURRENT_TIMESTAMP COMMENT '会话的最后更新时间。每当记录更新时，会自动更新为当前时间戳。主要用于会话列表的排序。',
  `is_deleted` int DEFAULT '0' COMMENT '软删除标记,0表示为删除',
  PRIMARY KEY (`chat_id`),
  KEY `idx_userId_updated_at` (`user_id`,`updated_at` DESC),
  CONSTRAINT `chats_ibfk_1` FOREIGN KEY (`user_id`) REFERENCES `users` (`id`) ON DELETE CASCADE
) ENGINE=InnoDB DEFAULT CHARSET=utf8mb4 COLLATE=utf8mb4_general_ci COMMENT='聊天会话表';
/*!40101 SET character_set_client = @saved_cs_client */;

--
-- Dumping data for table `chats`
--

LOCK TABLES `chats` WRITE;
/*!40000 ALTER TABLE `chats` DISABLE KEYS */;
INSERT INTO `chats` VALUES ('1',1,'王源丁真','1','2025-06-30 04:24:53','2025-06-30 12:06:28',1),('1-1751204505674-8458',1,'修改标题测试','你是一个专业的AI面试助手，名叫InterviewX。你的回答应该专业、简洁、有帮助，并且总是使用中文。','2025-06-29 13:41:46','2025-06-30 05:35:50',0),('1-1751214122630-7122',1,'如何打印简历','你是一个专业的AI面试助手，名叫InterviewX。你的回答应该专业、简洁、有帮助，并且总是使用中文。','2025-06-29 16:22:03','2025-06-29 16:22:14',1),('1-1751216084992-3803',1,'简历该怎么写','你是一个专业的AI面试助手，名叫InterviewX。你的回答应该专业、简洁、有帮助，并且总是使用中文。','2025-06-29 16:54:45','2025-06-29 17:14:25',1),('1-xx-test',1,'demo','11','2025-06-29 10:59:17','2025-06-29 12:43:53',1),('1-xx-test2',1,'不好','','2025-06-29 12:49:24','2025-06-30 07:51:35',0),('guest-1751285789920-59667',1,'你好','','2025-06-30 12:16:28','2025-06-30 12:16:55',0),('guest-1751356189707-29788',1,'你好，开玩笑就应激怎么办','','2025-07-01 07:49:49','2025-07-01 07:49:57',1),('guest-1751705550678-23113',1,'你好','','2025-07-05 08:52:23','2025-07-05 08:52:25',0),('guest-1752204470429-66962',2,'张玉泉还是挺帅的','','2025-07-11 03:27:49','2025-07-11 03:29:05',0),('guest-1752647678512-3426',2,'1','','2025-07-16 06:34:25','2025-07-16 06:34:27',0),('guest-1752650442226-48929',1,'test','','2025-07-16 07:20:28','2025-07-16 07:20:30',0),('guest-1752658269794-86234',7,'如何准备技术面试？','','2025-07-16 09:31:13','2025-07-16 09:31:29',0),('guest-1752718259746-23623',1,'你好 我是谁','','2025-07-17 02:11:00','2025-07-17 02:11:02',0),('guest-1752718293665-52179',1,'简历应该怎么写？','','2025-07-17 02:11:34','2025-07-17 02:11:49',0),('guest-1752847367024-12762',1,'你好','','2025-07-18 14:02:47','2025-07-18 14:02:49',0),('guest-1752847367311-57717',1,'如何准备技术面试？','','2025-07-18 14:02:48','2025-07-18 14:03:03',0),('guest-1752861704930-88869',1,'你好 我是echo','','2025-07-18 18:01:45','2025-07-18 18:02:07',0);
/*!40000 ALTER TABLE `chats` ENABLE KEYS */;
UNLOCK TABLES;

--
-- Table structure for table `chats_messages`
--

DROP TABLE IF EXISTS `chats_messages`;
/*!40101 SET @saved_cs_client     = @@character_set_client */;
/*!50503 SET character_set_client = utf8mb4 */;
CREATE TABLE `chats_messages` (
  `id` bigint NOT NULL AUTO_INCREMENT COMMENT '消息的唯一ID，设为自增主键。',
  `chat_id` varchar(36) COLLATE utf8mb4_general_ci NOT NULL COMMENT '外键，关联到会话表(chats)的chatId，用于标识该消息属于哪个会话。',
  `role` varchar(20) COLLATE utf8mb4_general_ci NOT NULL COMMENT '消息发送者的角色，例如 ''user'' (用户) 或 ''assistant''。',
  `content` longtext COLLATE utf8mb4_general_ci NOT NULL COMMENT '消息的具体文本内容。',
  `created_at` timestamp NOT NULL DEFAULT CURRENT_TIMESTAMP COMMENT '消息的创建时间，在插入记录时默认为当前服务器时间。',
  PRIMARY KEY (`id`),
  KEY `idx_chatId_created_at` (`chat_id`,`created_at`),
  CONSTRAINT `chats_messages_ibfk_1` FOREIGN KEY (`chat_id`) REFERENCES `chats` (`chat_id`) ON DELETE CASCADE
) ENGINE=InnoDB AUTO_INCREMENT=96 DEFAULT CHARSET=utf8mb4 COLLATE=utf8mb4_general_ci COMMENT='存储每个会话中的具体聊天记录';
/*!40101 SET character_set_client = @saved_cs_client */;

--
-- Dumping data for table `chats_messages`
--

LOCK TABLES `chats_messages` WRITE;
/*!40000 ALTER TABLE `chats_messages` DISABLE KEYS */;
INSERT INTO `chats_messages` VALUES (9,'1-xx-test','user','你好','2025-06-29 10:59:17'),(10,'1-xx-test','assistant','你好！很高兴为你服务。请问有什么我可以帮助你的吗？','2025-06-29 10:59:19'),(11,'1-xx-test','user','你好','2025-06-29 11:58:42'),(12,'1-xx-test','assistant','你好！很高兴与你交流。有什么我可以帮助你的吗？','2025-06-29 11:58:43'),(15,'1-xx-test','user','你好','2025-06-29 12:41:25'),(16,'1-xx-test','assistant','您好！很高兴与您交流。有什么我可以帮您的吗？','2025-06-29 12:41:26'),(17,'1-xx-test','user','你好\n','2025-06-29 12:43:44'),(18,'1-xx-test','assistant','您好！很高兴与您交流。有什么我可以帮您的吗？','2025-06-29 12:43:45'),(19,'1-xx-test','user','你是？','2025-06-29 12:43:53'),(20,'1-xx-test2','user','你好','2025-06-29 12:49:24'),(21,'1-xx-test2','assistant','你好！很高兴为你服务。请问有什么我可以帮助你的吗？','2025-06-29 12:49:26'),(22,'1-xx-test2','user','简历该如何写','2025-06-29 12:55:40'),(23,'1-xx-test2','assistant','撰写简历是一项需要细致考虑和精心策划的任务。以下是一些关键步骤，帮助你写出一份出色的简历：\n\n1. **个人信息**：\n   - 姓名\n   - 联系方式（电话、电子邮件）\n   - LinkedIn或其他职业社交平台链接（可选）\n\n2. **职业目标**：\n   - 简短描述你的职业目标或求职意向。\n   - 例如：“寻求软件开发工程师职位，以利用我在Java和Python编程方面的专业技能。”\n\n3. **教育背景**：\n   - 按时间顺序列出你的学历和相关课程。\n   - 包括学校名称、学位、专业以及毕业日期。\n   - 如有荣誉或特别成就，可以简要提及。\n\n4. **工作经验**：\n   - 按时间倒序排列你的工作经历。\n   - 对于每份工作，包括公司名称、职位、工作时间以及主要职责和成就。\n   - 使用动词开头的短语来描述你的职责，如“管理”、“开发”、“实施”等。\n   - 量化成果，例如“提高了销售额20%”或“减少了运营成本15%”。\n\n5. **技能**：\n   - 列出与职位相关的硬技能（如编程语言、软件工具等）和软技能（如团队合作、领导力等）。\n   - 确保这些技能与招聘方的需求相匹配。\n\n6. **证书与培训**：\n   - 如果你有相关的专业证书或参加过特别的培训课程，请在这部分列出。\n\n7. **项目经验**：\n   - 如果有与应聘职位相关的项目经验，可以单独列出。\n   - 描述项目的目标、你的角色、所采取的行动以及最终的成果。\n\n8. **附加部分**（可选）：\n   - 兴趣爱好：如果与职位相关，可以简要提及。\n   - 语言能力：如果你掌握多种语言，可以列出。\n   - 志愿者经历：如果有，也可以提及。\n\n9. **格式与排版**：\n   - 保持简历的简洁性和易读性。\n   - 使用清晰的字体和合适的字号。\n   - 确保没有语法错误或拼写错误。\n\n10. **定制化**：\n    - 根据不同的职位定制简历。\n    - 针对每个职位突出最相关的经验和技能。\n\n最后，记得在提交前仔细检查简历，确保所有信息都是准确无误的。祝你求职顺利！','2025-06-29 12:55:54'),(24,'1-xx-test2','user','该如何突出优点\n\n','2025-06-29 12:58:42'),(25,'1-xx-test2','assistant','突出优点可以通过以下几个步骤来实现：\n\n1. **自我评估**: 首先，你需要进行一次全面的自我评估。列出你的优点和特长，包括专业技能、软技能（如沟通能力、团队合作能力）和个人特质（如乐观、耐心）。\n\n2. **具体化**: 将每个优点具体化。例如，如果你的优点是“组织能力强”，你可以进一步描述：“能够高效地安排任务和时间，确保项目按时完成。”\n\n3. **举例说明**: 使用具体的例子来支持你的优点。比如，如果你的优点是“解决问题能力”，可以举一个你成功解决复杂问题的具体案例。\n\n4. **量化成果**: 如果可能的话，用数据和事实来量化你的优点。例如，“在上一份工作中，我通过优化流程提高了团队的工作效率20%。”\n\n5. **匹配职位要求**: 根据应聘职位的要求，选择最相关的优点进行强调。确保你的优点与职位的职责和要求相匹配。\n\n6. **诚实自信**: 在展示优点时，保持诚实和自信。不要夸大或虚构，但也不要低估自己的能力。\n\n7. **持续提升**: 不断学习和提升自己的各项技能，这样可以持续更新你的优点，并在面试或简历中展现出你的成长和进步。\n\n通过以上步骤，你可以有效地突出自己的优点，使自己在求职或职场中脱颖而出。','2025-06-29 12:58:50'),(26,'1-xx-test2','user','怎样突出特点','2025-06-29 13:27:40'),(27,'1-xx-test2','assistant','突出特点可以通过以下几个方面来实现：\n\n1. **明确目标受众**: 了解你的目标受众，他们的兴趣、需求和偏好。根据这些信息来调整你的特点展示方式。\n\n2. **独特性**: 找到并强调你的独特之处。无论是产品、服务还是个人特质，独特的卖点（USP）都能吸引注意力。\n\n3. **故事讲述**: 通过讲故事的方式来展示你的特点，使信息更加生动和有趣。人们往往更容易记住一个有情感连接的故事。\n\n4. **视觉呈现**: 使用高质量的图片、视频或图表来直观地展示你的特点。视觉效果可以迅速抓住注意力。\n\n5. **用户评价**: 展示来自其他用户的正面评价和推荐。真实的声音比任何广告都有效。\n\n6. **专业认证**: 如果适用，提供相关的专业认证或奖项，以证明你的专业性和可靠性。\n\n7. **数据支持**: 使用统计数据和研究结果来支持你的特点。这增加了可信度，并展示了你的专业性。\n\n8. **对比分析**: 将你的特点与竞争对手进行对比，突出你的优势。\n\n9. **简洁明了**: 避免过度复杂的描述，用简单明了的语言传达你的特点。\n\n10. **持续优化**: 根据反馈和市场变化不断调整你的特点展示策略，确保始终保持相关性和吸引力。\n\n通过上述方法，你可以有效地突出自己或产品的特点，从而在竞争中脱颖而出。','2025-06-29 13:27:49'),(28,'1-1751204505674-8458','user','简历该如何写','2025-06-29 13:41:46'),(29,'1-1751204505674-8458','assistant','编写一份出色的简历是求职过程中至关重要的一步。以下是一些建议，帮助你打造一份吸引人的简历：\n\n### 1. **基本信息**\n- **姓名**: 放在最显眼的位置。\n- **联系方式**: 包括电话号码和电子邮箱，确保这些联系方式是最新的。\n- **地址**: 可以包括你的居住地或学校地址，但不一定是必须的。\n\n### 2. **个人简介**\n- **简短介绍**: 用一两句话简要介绍你自己，突出你的核心优势和职业目标。例如：“拥有五年市场推广经验的专业人士，擅长数字营销与品牌管理。”\n\n### 3. **教育背景**\n- **学历**: 按时间逆序排列，从最近的教育经历开始。\n- **学校名称**、**学位**、**专业**、**毕业日期**。\n- **相关课程或项目**: 如果与你申请的职位相关，可以列出几门重要的课程或参与的项目。\n\n### 4. **工作经验**\n- **公司名称**、**职位名称**、**工作时间段**。\n- **主要职责和成就**: 使用动词开头的句子描述你的工作职责和取得的成果。例如：“负责制定并执行市场推广策略，使销售额增长了20%。”\n- **量化成果**: 尽可能用具体数字来说明你的成就，如“提升客户满意度至95%”。\n\n### 5. **技能**\n- **硬技能**: 如编程语言、软件工具等。\n- **软技能**: 如团队合作、沟通能力、领导力等。\n\n### 6. **证书和奖项**\n- **相关证书**: 如专业认证、培训证书等。\n- **获得的奖项**: 特别是那些与职业相关的奖项。\n\n### 7. **兴趣爱好**\n- **相关兴趣**: 选择与职业相关的兴趣爱好，这可以帮助雇主更好地了解你的个人特质。\n- **避免过多细节**: 简单列举一两项即可。\n\n### 8. **其他信息**\n- **语言能力**: 如果你精通多种语言，可以列出你的语言水平。\n- **志愿者经历**: 如果与求职相关，也可以简要提及。\n\n### 注意事项\n- **格式整洁**: 确保简历排版清晰，使用统一的字体和字号。\n- **长度适中**: 一般一页纸为宜，除非你有非常丰富的经验。\n- **个性化**: 根据不同的职位定制简历，强调与该职位相关的经验和技能。\n- **校对**: 仔细检查拼写和语法错误，确保简历的专业性和准确性。\n\n通过遵循以上建议，你可以制作出一份既专业又吸引人的简历，提高获得面试机会的可能性。','2025-06-29 13:42:02'),(30,'1-1751214122630-7122','user','如何打印简历','2025-06-29 16:22:03'),(31,'1-1751214122630-7122','assistant','打印简历是求职过程中的重要环节，它不仅能够展示你的专业形象，还能给招聘人员留下深刻的第一印象。以下是一些关于如何打印简历的建议：\n\n1. **选择合适的纸张**\n   - 选择高质量的光面纸或高克重的普通白纸。\n   - 考虑使用带有轻微纹理的纸张，以避免墨迹在纸上扩散。\n\n2. **设置打印机**\n   - 确保打印机已正确安装并处于良好工作状态。\n   - 根据需要调整打印机的分辨率设置，通常建议使用300dpi或更高的分辨率以确保打印质量。\n\n3. **检查排版**\n   - 在打印前仔细检查简历的格式和布局，确保所有文本、图片和表格都正确无误地显示在页面上。\n   - 注意边距和对齐方式，确保简历内容不会因打印而被压缩或截断。\n\n4. **利用打印预览功能**\n   - 大多数文档编辑软件都提供打印预览功能，利用这一功能可以在实际打印前查看简历的最终效果。\n   - 根据预览结果调整任何可能的问题，如字体大小、页边距等。\n\n综上所述，通过这些步骤，你可以确保打印出的简历既专业又吸引人，为求职之路增添助力。','2025-06-29 16:22:14'),(32,'1-1751216084992-3803','user','简历该怎么写','2025-06-29 16:54:45'),(33,'1-1751216084992-3803','assistant','撰写简历时，需要遵循一定的结构和格式，确保内容清晰、有条理，并且突出个人优势。以下是一份简历的基本构成和写作建议：\n\n### 一、基本信息\n- **姓名**: 全名\n- **联系方式**: 电话号码、电子邮箱地址\n- **地址**: 居住地（可选）\n\n### 二、求职目标（可选）\n简要描述你的职业目标或求职意向，让招聘者一目了然。例如：“寻求软件开发工程师职位，利用我的技术专长为贵公司开发高效、创新的软件产品。”\n\n### 三、教育背景\n1. **学历**: 学位名称（如学士、硕士等）、毕业院校、毕业时间\n2. **主修课程**: 列出与所申请职位相关的专业课程\n3. **荣誉与奖项**: 如果有相关学术成就或奖励，可以在此部分提及\n\n### 四、工作经历\n按时间倒序排列，每段经历包括：\n- **公司名称**: 任职单位\n- **职位名称**: 具体岗位\n- **工作时间**: 起止日期\n- **工作职责与成就**: 使用动词开头的短句描述你的职责和取得的成果，尽量量化结果，如“提高了销售额20%”。\n\n### 五、技能与特长\n- **专业技能**: 列出与应聘职位直接相关的技术能力，如编程语言、软件工具等。\n- **软技能**: 包括沟通能力、团队合作、解决问题的能力等。\n- **语言能力**: 如果有多语言能力，也请注明。\n\n### 六、项目经验（可选）\n针对一些技术性或创意类职位，展示你参与过的项目，特别是那些能够体现你能力和成果的项目。\n\n### 七、证书与培训（可选）\n如果拥有行业认可的证书或参加过专业培训，请在此处列出。\n\n### 八、兴趣爱好（可选）\n简短介绍自己的兴趣爱好，尤其是那些能体现你个性特点或额外技能的活动。\n\n### 九、注意事项\n- **简洁明了**: 保持简历长度适中，通常不超过两页A4纸。\n- **定制性**: 根据不同职位调整简历内容，突出与该职位最相关的经验和技能。\n- **校对**: 仔细检查语法错误和拼写错误，必要时可以请他人帮忙审阅。\n- **诚实**: 确保所有信息的真实性，不要夸大其词。\n\n希望这些建议能帮助你制作出一份优秀的简历！如果有任何具体问题，欢迎随时提问。','2025-06-29 16:54:59'),(34,'1-1751216084992-3803','user','如何优化','2025-06-29 17:02:08'),(35,'1-1751216084992-3803','assistant','当然，优化是一个广泛的概念，具体取决于您希望优化什么。以下是一些常见的优化领域以及相应的建议：\n\n### 1. 工作效率\n- **任务管理**：使用工具如Trello、Asana等来组织和跟踪任务。\n- **时间管理**：采用番茄工作法（Pomodoro Technique）来提高专注度。\n- **自动化**：利用软件自动化重复性高的任务，如使用Zapier或IFTTT。\n\n### 2. 技术性能\n- **代码优化**：对代码进行重构，减少冗余，提高执行效率。\n- **数据库查询**：优化SQL查询，确保索引正确，使用缓存机制。\n- **硬件升级**：根据需要增加内存、更换更快的处理器或硬盘。\n\n### 3. 健康与健身\n- **饮食计划**：制定均衡的饮食计划，确保摄入足够的营养。\n- **定期锻炼**：结合有氧运动和力量训练，每周至少三次。\n- **充足睡眠**：保证每晚7-9小时的高质量睡眠。\n\n### 4. 学习与成长\n- **设定目标**：明确短期和长期目标，制定实现路径。\n- **持续学习**：利用在线课程、书籍和研讨会不断充实自己。\n- **反思总结**：定期回顾自己的进步和挑战，调整学习策略。\n\n### 5. 财务管理\n- **预算规划**：制定月度和年度预算，坚持记录支出。\n- **投资理财**：了解不同的投资渠道，分散风险。\n- **债务管理**：优先偿还高利率债务，避免不必要的消费。\n\n请告诉我您具体想要优化的方面，我将提供更详细的建议。','2025-06-29 17:02:18'),(36,'1-1751216084992-3803','user','还能往那些方面优化\n','2025-06-29 17:12:35'),(37,'1-1751216084992-3803','assistant','当然，我们可以从多个方面进一步优化智能助手的性能和用户体验。以下是一些建议：\n\n### 1. **自然语言处理能力**\n- **更精准的语义理解**：通过引入先进的自然语言处理（NLP）模型，提高对用户输入的理解能力，减少误解和歧义。\n- **情感识别与回应**：能够识别用户的情感状态，并做出相应的情感化回复，提升交流的亲和力。\n\n### 2. **个性化服务**\n- **用户偏好学习**：根据用户的提问历史和反馈，逐步了解其偏好，提供更加个性化的建议和服务。\n- **定制化内容推荐**：根据用户的兴趣和需求，推荐相关的新闻、文章或资源。\n\n### 3. **多模态交互**\n- **语音交互优化**：改进语音识别和合成技术，使语音交互更加流畅自然。\n- **图像与视频支持**：扩展功能，支持图像和视频的分析和处理，如图片识别、视频摘要等。\n\n### 4. **实时信息更新**\n- **动态知识库**：定期更新知识库，确保提供的信息是最新的。\n- **实时数据接入**：集成实时数据源，如天气、股票行情等，提供即时信息服务。\n\n### 5. **隐私与安全**\n- **数据加密**：加强用户数据的加密和保护，确保信息安全。\n- **隐私政策透明**：清晰透明的隐私政策，让用户了解他们的数据如何被使用和保护。\n\n### 6. **用户界面与体验**\n- **界面友好性**：设计简洁直观的用户界面，减少操作步骤，提高易用性。\n- **跨平台兼容性**：支持多种设备和操作系统，包括手机、平板、电脑等，提供一致的用户体验。\n\n### 7. **持续学习与反馈机制**\n- **机器学习与反馈循环**：建立有效的反馈机制，不断通过用户反馈进行自我学习和优化。\n- **社区参与**：鼓励用户参与到产品的改进过程中，收集社区的意见和建议。\n\n通过这些方面的优化，智能助手可以更好地满足用户需求，提供更加高效、便捷、个性化的服务。如果您有任何具体的需求或问题，欢迎随时告诉我！','2025-06-29 17:12:48'),(38,'1-1751216084992-3803','user','特点如何写','2025-06-29 17:14:14'),(39,'1-1751216084992-3803','assistant','写特点时，可以从多个角度出发，确保内容既全面又具体。以下是一些建议：\n\n1. **明确主题**：首先，确定你要描述的对象或事物是什么。例如，是产品、服务、个人特质还是某个项目的特点。\n\n2. **突出优势**：强调那些使对象与众不同的优势和优点。这些可以是功能性的、美观的、创新的或者用户体验上的。\n\n3. **使用具体例子**：通过具体的例子来说明特点，这样可以让读者更容易理解和记住。\n\n4. **避免过度夸张**：虽然要突出特点，但也要确保信息的真实性，不要夸大其词。\n\n5. **结构清晰**：按照一定的逻辑顺序组织内容，比如从最重要的特点开始，或者按照功能分类。\n\n6. **语言简洁明了**：尽量使用简单直接的语言，避免复杂的句子结构和专业术语，除非目标受众熟悉这些术语。\n\n7. **考虑读者需求**：根据目标读者的兴趣和需求来调整内容的深度和广度。\n\n8. **检查语法和拼写**：在完成初稿后，仔细检查语法错误和拼写错误，确保文档的专业性和可读性。\n\n9. **获取反馈**：如果可能的话，让同事或朋友阅读你的特点描述，他们的反馈可以帮助你发现可能遗漏的细节或需要改进的地方。\n\n10. **不断迭代**：根据反馈进行修改和完善，直到达到满意的效果。\n\n举个例子，如果你要描述一款新手机的特点，你可以这样写：\n\n\"这款新手机以其卓越的性能和优雅的设计脱颖而出。它配备了最新的处理器，确保了流畅的操作体验；同时，拥有一块高清显示屏，为用户带来震撼的视觉享受。此外，它还具备长续航能力和快速充电技术，让你的生活更加便捷。无论是工作还是娱乐，这款手机都能完美满足你的需求。\"\n\n这样的描述既突出了手机的优势，又通过具体的例子让读者能够直观地感受到这些特点。','2025-06-29 17:14:25'),(40,'1','user','1','2025-06-30 04:24:53'),(41,'1','assistant','你好！欢迎使用智能助手。请问有什么我可以帮你的吗？','2025-06-30 04:24:54'),(42,'1-1751204505674-8458','user','修改标题','2025-06-30 05:30:30'),(43,'1-1751204505674-8458','assistant','当然，我可以帮助你修改标题。请告诉我当前的标题以及你想要的修改内容或风格，我会根据你的需求进行调整。','2025-06-30 05:30:32'),(44,'1-1751204505674-8458','user','简历该如何优化\n','2025-06-30 05:32:42'),(45,'1-1751204505674-8458','assistant','优化简历是一个关键步骤，可以帮助你在求职过程中脱颖而出。以下是一些建议，帮助你优化你的简历：\n\n### 1. **明确目标**\n- **职位匹配**: 确保你的简历与申请的职位高度相关。针对每个职位定制简历，突出与该职位相关的经验和技能。\n- **关键词使用**: 研究招聘广告中的关键词，并在简历中使用这些关键词，以提高通过自动筛选系统的机会。\n\n### 2. **结构清晰**\n- **简洁明了**: 使用简洁、清晰的语言，避免冗长的句子和复杂的术语。\n- **逻辑顺序**: 按照时间逆序排列工作经历，从最近的开始。教育背景可以按时间顺序排列。\n\n### 3. **个人信息**\n- **基本信息**: 包括姓名、联系方式（电话和邮箱）、地址等。确保信息准确无误。\n- **个人简介**: 用一两句话概括你的核心优势和职业目标。例如：“拥有五年市场推广经验的专业人士，擅长数字营销与品牌管理。”\n\n### 4. **工作经验**\n- **职责与成就**: 使用动词开头的句子描述你的工作职责和取得的成果。例如：“负责制定并执行市场推广策略，使销售额增长了20%。”\n- **量化成果**: 尽可能用具体数字来说明你的成就，如“提升客户满意度至95%”。\n\n### 5. **教育背景**\n- **学历信息**: 包括学校名称、学位、专业和毕业日期。\n- **相关课程或项目**: 如果与你申请的职位相关，可以列出几门重要的课程或参与的项目。\n\n### 6. **技能**\n- **硬技能**: 如编程语言、软件工具等。\n- **软技能**: 如团队合作、沟通能力、领导力等。\n\n### 7. **证书和奖项**\n- **相关证书**: 如专业认证、培训证书等。\n- **获得的奖项**: 特别是那些与职业相关的奖项。\n\n### 8. **兴趣爱好**\n- **相关兴趣**: 选择与职业相关的兴趣爱好，这可以帮助雇主更好地了解你的个人特质。\n- **避免过多细节**: 简单列举一两项即可。\n\n### 9. **格式和排版**\n- **简洁美观**: 确保简历排版清晰，使用统一的字体和字号。\n- **长度适中**: 一般一页纸为宜，除非你有非常丰富的经验。\n\n### 10. **校对和反馈**\n- **仔细检查**: 仔细检查拼写和语法错误，确保简历的专业性和准确性。\n- **寻求反馈**: 请朋友或同事帮忙审阅简历，提供反馈意见。\n\n通过遵循以上建议，你可以制作出一份既专业又吸引人的简历，提高获得面试机会的可能性。如果你有任何具体的问题或需要进一步的帮助，请随时告诉我！','2025-06-30 05:32:58'),(46,'1-1751204505674-8458','user','还能如何优化','2025-06-30 05:35:48'),(47,'1-1751204505674-8458','assistant','当然，我很乐意帮助你优化。请告诉我你希望改进的具体方面或问题，我会根据你的需求给出相应的建议和指导。','2025-06-30 05:35:50'),(48,'1-xx-test2','user','介绍ai使用','2025-06-30 07:50:06'),(49,'1-xx-test2','user','你好','2025-06-30 07:51:33'),(50,'1-xx-test2','assistant','您好！很高兴为您服务。请问有什么可以帮助您的吗？','2025-06-30 07:51:35'),(51,'1','user','我需要编写简历','2025-06-30 07:51:52'),(52,'1','assistant','当然，我很乐意帮助你编写简历。请告诉我你的基本信息和工作经历，以便我为你提供更有针对性的建议。','2025-06-30 07:53:02'),(53,'1','user','如何使用ai','2025-06-30 07:59:24'),(54,'1','assistant','使用AI（人工智能）的方法多种多样，具体取决于你希望利用AI完成的任务。以下是一些常见的应用场景和基本步骤：\n\n### 1. **自然语言处理（NLP）**\nNLP是AI的一个分支，用于让计算机理解和生成人类语言。\n- **聊天机器人**: 开发一个能够与用户进行对话的聊天机器人，例如智能助手或客服系统。\n- **文本分析**: 自动分析大量文本数据，提取关键信息，如情感分析、主题分类等。\n\n### 2. **图像识别**\n图像识别技术可以让计算机“看到”并理解图片内容。\n- **面部识别**: 通过摄像头捕捉人脸并识别个人身份。\n- **物体检测**: 在图片中识别特定物体，如自动驾驶汽车中的行人和障碍物识别。\n\n### 3. **机器学习**\n机器学习是AI的一个重要分支，它使计算机能够从数据中学习和改进性能。\n- **预测分析**: 使用历史数据来预测未来的走势，如股票市场预测或天气预测。\n- **推荐系统**: 根据用户的历史行为推荐商品或内容，如在线购物平台的商品推荐。\n\n### 4. **深度学习**\n深度学习是一种基于神经网络的机器学习方法，可以处理更复杂的任务。\n- **语音识别**: 将语音转换为文本，如智能语音助手（如Siri、Alexa）。\n- **图像生成**: 生成逼真的图像或视频，如GAN（生成对抗网络）。\n\n### 5. **强化学习**\n强化学习让计算机通过试错来学习最佳策略。\n- **游戏AI**: 训练AI在游戏中做出最优决策，如AlphaGo击败人类围棋选手。\n- **自动驾驶**: 通过模拟驾驶环境，训练自动驾驶系统做出安全决策。\n\n### 6. **实际应用示例**\n- **智能家居**: 使用AI控制家中的电器设备，如智能灯泡、恒温器等。\n- **医疗诊断**: 利用AI分析医学影像，辅助医生进行疾病诊断。\n- **金融风控**: 通过AI模型评估贷款申请者的风险，提高信贷审批的准确性。\n\n### 入门资源\n- **在线课程**: Coursera、edX、Udacity等平台上有许多关于AI的课程。\n- **开源项目**: GitHub上有众多开源的AI项目，可以作为学习和实践的资源。\n- **书籍**: 《人工智能：一种现代方法》（Stuart Russell, Peter Norvig）是一本经典的教材。\n\n如果你有具体的应用场景或问题，请告诉我，我可以提供更详细的指导！','2025-06-30 07:59:39'),(55,'1','user','ai使用的进阶步奏','2025-06-30 08:00:28'),(56,'1','assistant','在人工智能（AI）的世界里，进阶之路充满了挑战与机遇。从基础认知到深入应用，每一步都需精心规划与实践。以下是一些关于AI使用的进阶步骤：\n\n1. **学习基础知识**\n   - **基本概念**：首先，你需要掌握AI的基本概念，包括机器学习、深度学习和自然语言处理等核心术语和原理。这些是构建更高级AI应用的基石。\n   - **数据理解**：了解如何收集、整理和预处理数据，这是AI项目成功的关键。你需要学会如何从海量数据中提取有价值的信息，并确保数据的质量和一致性。\n   - **工具使用**：熟悉常用的AI开发工具，如DeepSeek、Whisk、可灵和剪映等，这些工具可以帮助你生成脚本、文案、静态图片、视频画面和配音，最终合成为一个完整的作品。\n\n2. **实践项目开发**\n   - **简单应用**：开始时，你可以从简单的AI聊天机器人入手，体验AI的魅力。例如，使用ChatGPT或类似平台，提出问题并观察AI的回答。\n   - **复杂项目**：随着技能的提升，可以尝试更复杂的项目，如利用AI技术制作视频、音频或其他多媒体内容。通过实践，你将更深入地理解AI在不同领域的应用。\n   - **智能体创建**：学习如何创建智能体，即能够感知环境、做出决策并采取行动以实现特定目标的人工智能系统。这可能需要结合多个AI工具和技术，如Manus和秘塔AI搜索等。\n\n3. **提升技术能力**\n   - **系统重构**：在掌握了基本的AI应用开发后，可以进一步探索系统的重构和优化。了解如何将AI技术与现有业务系统深度耦合，形成智能化服务网络。\n   - **提示词设计**：学习如何设计有效的提示词，让大模型在特定场景下输出精准结果。这将帮助你更精确地控制AI的行为，满足复杂需求。\n   - **外部工具结合**：结合外部上下文管理工具和结构化提示框架，如Context7或其社区驱动的对应物ctxs.ai，可以显著提升AI辅助编程的效率和质量。\n\n4. **参与社区交流**\n   - **加入论坛**：积极参与AI相关的论坛和社区，与其他开发者交流心得和经验。这不仅可以拓宽你的视野，还能帮助你解决在实践中遇到的问题。\n   - **关注动态**：关注AI领域的最新动态和研究成果，保持对新技术和新趋势的敏感度。这将有助于你及时调整学习方向和实践策略。\n\n总的来说，AI使用的进阶之路需要不断学习、实践和创新。通过掌握基础知识、参与项目开发、提升技术能力和参与社区交流，你将逐步成长为一名优秀的AI开发者。','2025-06-30 08:00:47'),(57,'1','user','你好','2025-06-30 11:56:11'),(58,'1','assistant','你好！很高兴为你服务。有什么我可以帮你的吗？','2025-06-30 11:56:12'),(59,'1','user','你好','2025-06-30 12:06:27'),(60,'1','assistant','您好！很高兴与您交流。有什么我可以帮您的吗？','2025-06-30 12:06:28'),(61,'guest-1751285789920-59667','user','你好','2025-06-30 12:16:29'),(62,'guest-1751285789920-59667','assistant','您好！我是智能助手，很高兴为您服务。请问有什么可以帮到您的？','2025-06-30 12:16:30'),(63,'guest-1751285789920-59667','user','张玉泉帅吗','2025-06-30 12:16:45'),(64,'guest-1751285789920-59667','assistant','关于“张玉泉帅吗”的问题，由于这涉及到个人审美和主观感受，因此无法给出一个确切的答案。不过，可以从多个角度来探讨这个问题：\n\n1. **个人魅力**：\n   - 张玉泉在职业生涯中展现出的专业素养和领导能力，无疑为他增添了独特的个人魅力。\n   - 他的学术成就和艺术造诣，也是他个人魅力的重要组成部分。\n\n2. **公众形象**：\n   - 作为公众人物，张玉泉的公众形象通常是基于他在职业领域的表现和社会活动的贡献来塑造的。\n   - 他的言行举止、着装打扮以及与公众的互动方式，都可能影响人们对他外貌的评价。\n\n3. **社会评价**：\n   - 社会评价是多元化的，不同的人可能有不同的看法。\n   - 有些人可能认为张玉泉的外貌符合他们的审美标准，而另一些人则可能有不同的看法。\n\n4. **个人喜好**：\n   - 最重要的是，每个人对于“帅”的定义都是不同的。\n   - 因此，是否认为张玉泉帅，很大程度上取决于个人的喜好和审美观念。\n\n综上所述，虽然无法直接回答“张玉泉是否帅”的问题，但可以确定的是，他的个人魅力、公众形象以及社会评价都是多方面因素的综合体现。至于他是否符合某些人的审美标准，则完全取决于个人的喜好和看法。','2025-06-30 12:16:55'),(65,'guest-1751356189707-29788','user','你好，开玩笑就应激怎么办','2025-07-01 07:49:50'),(66,'guest-1751356189707-29788','assistant','你好！面对开玩笑引起的应激反应，可以尝试以下几种方法来缓解：\n\n1. **深呼吸**：当你感到紧张或应激时，深呼吸可以帮助你放松。试着慢慢吸气，然后缓缓呼气，重复几次。\n\n2. **转移注意力**：如果可能的话，尝试将注意力转移到其他事情上，比如做一些轻松的活动或者专注于某个任务。\n\n3. **表达感受**：如果你觉得合适，可以告诉对方你的感受，让对方知道他们的玩笑让你感到不舒服。有时候，人们并不意识到他们的行为对别人的影响。\n\n4. **设定界限**：如果某人经常开不合时宜的玩笑，你可以明确地告诉他们你的界限在哪里，让他们知道你不喜欢这种类型的玩笑。\n\n5. **自我肯定**：提醒自己你是有价值的，别人的玩笑不能定义你。保持自信，相信自己能够处理这种情况。\n\n6. **寻求支持**：如果你发现很难独自应对这种情况，可以向朋友、家人或专业人士寻求帮助和支持。\n\n记住，每个人都有权在不被冒犯的环境中生活和工作。保护自己的情感健康是非常重要的。希望这些建议对你有所帮助！','2025-07-01 07:49:57'),(68,'guest-1751705550678-23113','user','你好','2025-07-05 08:52:24'),(69,'guest-1751705550678-23113','assistant','您好！有什么我可以帮您的吗？','2025-07-05 08:52:25'),(70,'guest-1752204470429-66962','user','你好','2025-07-11 03:27:50'),(71,'guest-1752204470429-66962','assistant','你好！很高兴能为你提供帮助。请问有什么我可以帮助你的吗？','2025-07-11 03:27:51'),(72,'guest-1752204470429-66962','user','章鱼全帅吗','2025-07-11 03:28:20'),(73,'guest-1752204470429-66962','assistant','章鱼哥，全名Squidward Tentacles，是美国动漫《海绵宝宝》中的重要角色。他以其独特的个性和外貌在粉丝中拥有极高的人气。关于章鱼哥是否“全帅”的问题，可以从以下几个方面进行探讨：\n\n1. **外貌特征**：章鱼哥是一只大鼻子秃脑门的章鱼，有着黄色的长卷发。这种独特的外貌设计使得他在众多角色中脱颖而出，具有一定的辨识度和吸引力。\n\n2. **个性魅力**：章鱼哥以他的高傲、挑剔和爱抱怨的性格而闻名。然而，正是这些性格特点使得他更加真实和立体，也为他赢得了观众的喜爱。他的个性魅力在一定程度上增加了他的帅气值。\n\n3. **剧情影响**：在《海绵宝宝》的剧情中，章鱼哥经历了一些变化，如被冒失的海绵宝宝用门拍了脸后需要手术等。这些经历不仅丰富了他的故事线，也使他的形象更加多元化。尽管这些变化并非直接提升他的帅气度，但它们确实为观众提供了更深入的了解和关注。\n\n综上所述，章鱼哥是否“全帅”是一个主观问题，不同的人可能有不同的看法。但从多个角度来看，他确实具备一定的帅气因素。','2025-07-11 03:28:31'),(74,'guest-1752204470429-66962','user','666','2025-07-11 03:29:04'),(75,'guest-1752204470429-66962','assistant','你好，有什么可以为你效劳的吗？','2025-07-11 03:29:05'),(76,'guest-1752647678512-3426','user','1','2025-07-16 06:34:25'),(77,'guest-1752647678512-3426','assistant','嗨，很高兴能在这里帮助你！如果你有任何问题或需要帮助，请随时告诉我。我在这里随时准备提供支持。','2025-07-16 06:34:27'),(78,'guest-1752650442226-48929','user','test','2025-07-16 07:20:29'),(79,'guest-1752650442226-48929','assistant','您好！我是智能助手，请问有什么可以帮到您的？','2025-07-16 07:20:30'),(80,'guest-1752658269794-86234','user','如何准备技术面试？','2025-07-16 09:31:13'),(81,'guest-1752658269794-86234','assistant','准备技术面试是一个重要的过程，需要系统性地复习和准备。以下是一些建议：\n\n### 1. **理解公司和职位**\n- **研究公司文化和技术栈**：了解目标公司的业务模式、产品、技术栈以及公司文化，这有助于你在面试中展示你的热情和匹配度。\n- **阅读职位描述**：仔细阅读职位描述，明确职责和要求，并针对这些要求准备相应的答案。\n\n### 2. **基础知识复习**\n- **数据结构与算法**：这是大多数技术面试的核心部分。确保你熟悉常见的数据结构和算法（如数组、链表、树、图、排序算法、动态规划等）。可以使用《算法导论》或在线课程如LeetCode、HackerRank进行练习。\n- **计算机科学基础**：包括操作系统、网络、数据库、编译原理等。\n\n### 3. **项目经验回顾**\n- **准备项目介绍**：选择几个你认为最能体现你能力的项目，准备好详细的介绍。包括项目背景、你的角色、使用的技术、遇到的挑战及解决方案。\n- **STAR法则**：使用情境（Situation）、任务（Task）、行动（Action）和结果（Result）来组织你的回答。\n\n### 4. **编程能力提升**\n- **刷题**：在LeetCode、HackerRank等平台上刷题，特别是高频面试题。不仅要会做，还要理解背后的思路和优化方法。\n- **代码质量**：注意代码的可读性和效率，避免低级错误。可以找同事或朋友帮你审查代码。\n\n### 5. **模拟面试**\n- **找同伴练习**：和朋友或同事进行模拟面试，尽量模拟真实面试环境，包括限时答题、行为面试问题等。\n- **反馈与改进**：记录下每次模拟面试中的问题和不足，及时改进。\n\n### 6. **软技能准备**\n- **沟通技巧**：学会清晰、简洁地表达自己的观点和解决方案。\n- **团队合作**：展示你在团队中的合作能力和解决问题的能力。\n- **压力管理**：面试时可能会遇到紧张情绪，提前练习如何保持冷静和专注。\n\n### 7. **心理准备**\n- **自信与积极心态**：保持自信，相信自己的能力。即使遇到不会的问题，也不要慌张，尝试从不同角度思考解决方案。\n- **休息与放松**：面试前保证充足的睡眠，做一些放松的活动，以最佳状态迎接面试。\n\n通过以上步骤的系统准备，相信你会在技术面试中表现出色。祝你面试顺利！','2025-07-16 09:31:29'),(82,'guest-1752718259746-23623','user','你好 我是谁','2025-07-17 02:11:00'),(83,'guest-1752718259746-23623','assistant','你好！很高兴为你服务。关于你的问题，我目前掌握的信息有限，无法确定你是谁。但我会尽最大努力帮助你解决问题或提供所需的信息。请随时告诉我你需要什么样的帮助，我将竭诚为你服务。','2025-07-17 02:11:02'),(84,'guest-1752718293665-52179','user','简历应该怎么写？','2025-07-17 02:11:34'),(85,'guest-1752718293665-52179','assistant','写一份出色的简历是求职过程中的重要步骤。以下是一些关键步骤和提示，帮助你制作出引人注目的简历：\n\n### 1. 个人信息\n- **姓名**: 放在简历的最顶部。\n- **联系方式**: 包括电话号码、电子邮箱和居住地址（可选）。确保你的联系方式准确无误。\n\n### 2. 职业目标或简介\n简短地介绍你是谁，以及你在寻找什么样的工作。这有助于招聘经理快速了解你的意图和背景。例如：\n```\n职业目标：寻求在市场营销领域担任高级市场分析师职位，运用我的数据分析技能和市场研究经验，帮助企业制定有效的市场策略。\n```\n\n### 3. 教育背景\n列出你的学历信息，包括学校名称、学位、主修课程及毕业日期。按时间倒序排列，最新的教育经历在前。例如：\n```\n北京理工大学 | 工商管理硕士 | 2023年6月\n北京大学 | 经济学学士 | 2019年6月\n```\n\n### 4. 工作经验\n详细描述你的工作经历，特别是与你申请的职位相关的经验。使用动词开头的句子，突出成就和责任。例如：\n```\n高级市场分析师 | ABC公司 | 2020年7月 - 至今\n- 负责市场调研与分析，帮助公司确定目标市场并制定营销策略。\n- 开发并实施客户满意度调查，提升客户忠诚度。\n- 协助销售团队通过数据驱动的方法提高销售业绩，实现年度销售增长20%。\n```\n\n### 5. 技能\n列出与职位相关的专业技能和个人技能。例如：\n```\n- 数据分析工具：Python, R, SQL\n- 项目管理：敏捷方法，Scrum\n- 软技能：沟通协调，团队合作，时间管理\n```\n\n### 6. 证书和培训\n如果你有相关的专业证书或参加过重要的培训课程，可以在这里列出。例如：\n```\nPMP认证 | 项目管理专业人士 | 2021年12月\n数据分析培训 | 完成于2022年3月\n```\n\n### 7. 其他部分（可选）\n根据需要添加其他部分，如志愿者经历、获奖情况、出版物等。\n\n### 8. 注意事项\n- **简洁明了**: 每份简历应控制在一页以内，除非你有丰富的工作经验。\n- **关键词**: 使用招聘广告中的关键词，以提高被筛选系统识别的机会。\n- **格式和排版**: 保持简历整洁、易读，使用合适的字体和间距。\n\n希望这些提示对你有所帮助！如果有更具体的问题或需要进一步的帮助，请告诉我。','2025-07-17 02:11:49'),(86,'guest-1752847367024-12762','user','你好','2025-07-18 14:02:48'),(87,'guest-1752847367311-57717','user','如何准备技术面试？','2025-07-18 14:02:49'),(88,'guest-1752847367024-12762','assistant','你好！很高兴为你服务。请问有什么可以帮你的吗？','2025-07-18 14:02:49'),(89,'guest-1752847367311-57717','assistant','准备技术面试是一个系统化的过程，涉及多个方面的准备。以下是一些关键步骤和建议：\n\n### 1. 了解公司和职位\n- **研究公司**: 访问公司的官方网站，阅读其使命、愿景、核心价值观以及最近的新闻动态。这有助于你理解公司的文化和业务方向。\n- **职位描述**: 仔细阅读职位描述，明确岗位职责和要求。注意关键词和技能要求，这将帮助你针对性地准备面试。\n\n### 2. 复习基础知识\n- **编程语言**: 确保你对所使用语言的基础知识有扎实的理解，包括语法、数据结构、算法等。\n- **计算机科学基础**: 复习计算机科学的基础知识，如操作系统、网络、数据库等。\n- **项目经验**: 准备好介绍你过去的项目经验，特别是那些与职位相关的项目。\n\n### 3. 刷题与练习\n- **LeetCode、HackerRank等平台**: 在这些平台上进行大量的编程练习，尤其是算法和数据结构题目。\n- **模拟面试**: 参加在线模拟面试，提高应对实际面试问题的能力。\n\n### 4. 准备行为面试问题\n- **STAR法则**: 使用STAR（Situation, Task, Action, Result）方法来回答行为面试问题，使你的回答更具结构性和说服力。\n- **常见行为面试问题**: 准备并练习回答一些常见的行为面试问题，如“你为什么想加入我们公司？”“你最大的弱点是什么？”等。\n\n### 5. 技术面试准备\n- **常见问题类型**: 了解常见的技术面试问题类型，如编程题、系统设计题、数据库查询优化等。\n- **深度与广度**: 确保你的知识既有深度也有广度，不仅要掌握核心技术，还要了解相关领域的最新发展。\n\n### 6. 软技能准备\n- **沟通能力**: 良好的沟通能力对于技术面试同样重要。确保你能清晰、简洁地表达自己的想法。\n- **团队合作**: 展示你在团队环境中工作的能力，包括协作解决问题和分享知识的经验。\n\n### 7. 心态调整\n- **保持自信**: 相信自己的准备和能力，面试时保持冷静和自信。\n- **接受失败**: 如果面试没有通过，不要气馁。分析面试中的表现，找出不足之处，为下一次面试做准备。\n\n通过上述步骤的系统化准备，你可以更有信心地面对技术面试，并提高成功的机会。祝你面试顺利！','2025-07-18 14:03:03'),(90,'guest-1752861704930-88869','user','你好 我是echo','2025-07-18 18:01:46'),(91,'guest-1752861704930-88869','assistant','你好，echo！很高兴与你交流。有什么我可以帮助你的吗？','2025-07-18 18:01:47'),(92,'guest-1752861704930-88869','user','我叫什么名字','2025-07-18 18:01:57'),(93,'guest-1752861704930-88869','assistant','你好，echo！我是智能助手。请问有什么我可以帮助你的吗？','2025-07-18 18:01:57'),(94,'guest-1752861704930-88869','user','你叫什么名字','2025-07-18 18:02:06'),(95,'guest-1752861704930-88869','assistant','你好，我叫智能助手。有什么我可以帮助你的吗？','2025-07-18 18:02:07');
/*!40000 ALTER TABLE `chats_messages` ENABLE KEYS */;
UNLOCK TABLES;

--
-- Table structure for table `experience_comments`
--

DROP TABLE IF EXISTS `experience_comments`;
/*!40101 SET @saved_cs_client     = @@character_set_client */;
/*!50503 SET character_set_client = utf8mb4 */;
CREATE TABLE `experience_comments` (
  `id` bigint unsigned NOT NULL AUTO_INCREMENT COMMENT '评论唯一ID',
  `post_id` bigint unsigned NOT NULL COMMENT '关联的面经ID (逻辑关联 experience_posts.id)',
  `user_id` bigint unsigned NOT NULL COMMENT '评论者ID (逻辑关联 users.id)',
  `parent_comment_id` bigint unsigned DEFAULT NULL COMMENT '父评论ID (逻辑自关联 experience_comments.id)',
  `content` text COLLATE utf8mb4_general_ci NOT NULL COMMENT '评论内容',
  `created_at` timestamp NOT NULL DEFAULT CURRENT_TIMESTAMP COMMENT '创建时间',
  `updated_at` timestamp NOT NULL DEFAULT CURRENT_TIMESTAMP ON UPDATE CURRENT_TIMESTAMP COMMENT '更新时间',
  PRIMARY KEY (`id`),
  KEY `idx_post_id_created_at` (`post_id`,`created_at`) COMMENT '快速查找某篇文章下的评论'
) ENGINE=InnoDB AUTO_INCREMENT=126 DEFAULT CHARSET=utf8mb4 COLLATE=utf8mb4_general_ci ROW_FORMAT=DYNAMIC COMMENT='面经评论表';
/*!40101 SET character_set_client = @saved_cs_client */;

--
-- Dumping data for table `experience_comments`
--

LOCK TABLES `experience_comments` WRITE;
/*!40000 ALTER TABLE `experience_comments` DISABLE KEYS */;
INSERT INTO `experience_comments` VALUES (1,1,2,NULL,'大佬太强了！布隆过滤器都用上了！学习了！','2025-07-20 19:25:06','2025-07-20 19:25:06'),(2,1,1,1,'过奖了，也是准备了很久。','2025-07-20 19:25:06','2025-07-20 19:25:06'),(3,2,6,NULL,'我也是面试的时候闭包这里没答好，感谢楼主分享，一起加油！','2025-07-20 19:25:06','2025-07-20 19:25:06'),(4,2,1,3,'共勉！基础打牢是关键。','2025-07-20 19:25:06','2025-07-20 19:25:06'),(5,3,4,NULL,'感同身受，产品不是靠想当然，背后都是严谨的逻辑。楼主加油！','2025-07-20 19:25:06','2025-07-20 19:25:06'),(6,4,5,NULL,'感谢楼主分享！正需要这种抗压经验！快排的优化思路能再分享下吗？','2025-07-20 19:25:06','2025-07-20 19:25:06'),(7,4,1,6,'可以，我一般是用三数取中法来选基准，能有效避免最坏情况。','2025-07-20 19:25:06','2025-07-20 19:25:06'),(8,4,5,7,'明白了，多谢！','2025-07-20 19:25:06','2025-07-20 19:25:06'),(9,5,4,NULL,'这个回答思路很赞，学习了！','2025-07-20 19:25:06','2025-07-20 19:25:06'),(10,6,3,NULL,'三次握手是为了防止已失效的连接请求报文突然又传送到了服务端，因而产生错误。','2025-07-20 19:25:06','2025-07-20 19:25:06'),(11,7,4,NULL,'原来群面还有这种角色定位，学到了，感谢！','2025-07-20 19:25:06','2025-07-20 19:25:06'),(12,8,2,NULL,'拍拍楼主，多对一确实压力大，调整好心态下次再战！','2025-07-20 19:25:06','2025-07-20 19:25:06'),(13,1,3,NULL,'请问楼主，Redis集群方案具体是怎么做的？用的哨兵还是Cluster模式？','2025-07-20 19:25:06','2025-07-20 19:25:06'),(14,1,1,13,'我们项目用的是Cluster模式，主要是为了横向扩展。','2025-07-20 19:25:06','2025-07-20 19:25:06'),(15,1,5,NULL,'太强了，感觉每个问题都答在了点上，收藏了慢慢学习。','2025-07-20 19:25:06','2025-07-20 19:25:06'),(16,2,2,NULL,'楼主别灰心，实习生面试能答成这样已经不错了。','2025-07-20 19:25:06','2025-07-20 19:25:06'),(17,2,5,NULL,'闭包确实是前端面试的一大难点，推荐楼主去看《你不知道的JavaScript》。','2025-07-20 19:25:06','2025-07-20 19:25:06'),(18,2,1,17,'好的，感谢推荐！马上去看。','2025-07-20 19:25:06','2025-07-20 19:25:06'),(19,3,6,NULL,'我也是想转产品的，看了楼主的帖子，感觉要学的东西还很多。','2025-07-20 19:25:06','2025-07-20 19:25:06'),(20,3,2,NULL,'楼主别气馁，失败是成功之母，这次面试是宝贵的经验。','2025-07-20 19:25:06','2025-07-20 19:25:06'),(21,3,1,20,'谢谢鼓励！','2025-07-20 19:25:06','2025-07-20 19:25:06'),(22,3,4,19,'是的，可以先从竞品分析报告写起，锻炼自己的分析能力。','2025-07-20 19:25:06','2025-07-20 19:25:06'),(23,4,3,NULL,'心理素质太重要了，恭喜楼主顶住压力！','2025-07-20 19:25:06','2025-07-20 19:25:06'),(24,4,2,NULL,'华为的压力面果然名不虚传，佩服楼主。','2025-07-20 19:25:06','2025-07-20 19:25:06'),(25,5,2,NULL,'真诚永远是必杀技。','2025-07-20 19:25:06','2025-07-20 19:25:06'),(26,5,6,NULL,'我面试时也这么回答的，面试官反馈很好。','2025-07-20 19:25:06','2025-07-20 19:25:06'),(27,5,1,26,'是的，这个问题的关键就是展示你的成熟度和自我认知。','2025-07-20 19:25:06','2025-07-20 19:25:06'),(28,5,3,NULL,'收藏了，下次面试就用这个思路。','2025-07-20 19:25:06','2025-07-20 19:25:06'),(29,6,1,10,'对，我当时就是忘了说这个关键点。','2025-07-20 19:25:06','2025-07-20 19:25:06'),(30,6,2,NULL,'关于ConcurrentHashMap，1.8的锁优化确实是个高频考点。','2025-07-20 19:25:06','2025-07-20 19:25:06'),(31,6,5,NULL,'感谢分享，都是经典问题，很有参考价值。','2025-07-20 19:25:06','2025-07-20 19:25:06'),(32,6,6,NULL,'字节的面试果然很重基础。','2025-07-20 19:25:06','2025-07-20 19:25:06'),(33,7,2,NULL,'是的，群面不是要当“杠精”，而是要推动团队达成共识。','2025-07-20 19:25:06','2025-07-20 19:25:06'),(34,7,6,NULL,'我上次群面就做了timer，感觉效果还不错，至少有参与感了。','2025-07-20 19:25:06','2025-07-20 19:25:06'),(35,7,1,34,'对，这就是贡献的一种方式。','2025-07-20 19:25:06','2025-07-20 19:25:06'),(36,7,5,NULL,'学习了，下次群面不当小透明了。','2025-07-20 19:25:06','2025-07-20 19:25:06'),(37,8,3,NULL,'系统设计题确实需要提前准备好框架，比如可以从QPS预估、系统拆分、数据存储、高可用保障这几个方面去说。','2025-07-20 19:25:06','2025-07-20 19:25:06'),(38,8,1,37,'受教了，我就是完全没框架，像无头苍蝇一样乱说。','2025-07-20 19:25:06','2025-07-20 19:25:06'),(39,8,6,NULL,'抱抱楼主，我也是社恐，不敢想象这种场面。','2025-07-20 19:25:06','2025-07-20 19:25:06'),(40,8,5,NULL,'多练习就好了，可以找朋友帮你模拟这种场景。','2025-07-20 19:25:06','2025-07-20 19:25:06'),(41,9,3,NULL,'感谢分享，SCD确实是个难点。','2025-07-20 19:25:06','2025-07-20 19:25:06'),(42,9,6,NULL,'我也是数据分析，感觉现在面试越来越卷了。','2025-07-20 19:25:06','2025-07-20 19:25:06'),(43,9,1,NULL,'楼主的总结很到位，基础理论很重要。','2025-07-20 19:25:06','2025-07-20 19:25:06'),(44,9,2,43,'是的，AI面试官会顺着一个点深挖，必须把基础打牢。','2025-07-20 19:25:06','2025-07-20 19:25:06'),(45,9,4,NULL,'有推荐学习SCD的资料吗？','2025-07-20 19:25:06','2025-07-20 19:25:06'),(46,10,6,NULL,'确实，这个问题我面试被问过好几次了。','2025-07-20 19:25:06','2025-07-20 19:25:06'),(47,10,2,NULL,'楼主说得对，能主动提到hashCode绝对是加分项。','2025-07-20 19:25:06','2025-07-20 19:25:06'),(48,10,1,NULL,'总结得很好，基础决定上层建筑。','2025-07-20 19:25:06','2025-07-20 19:25:06'),(49,10,5,NULL,'感谢楼主，正在准备实习面试，很有帮助！','2025-07-20 19:25:06','2025-07-20 19:25:06'),(50,10,3,47,'是的，这说明你不仅知道怎么用，还理解了底层的数据结构。','2025-07-20 19:25:06','2025-07-20 19:25:06'),(51,11,3,NULL,'太对了，我上次面试也被问了死锁，幸好准备了。','2025-07-20 19:25:06','2025-07-20 19:25:06'),(52,11,2,NULL,'恭喜楼主！92分太牛了！','2025-07-20 19:25:06','2025-07-20 19:25:06'),(53,11,5,NULL,'确实，基础知识才是内功。','2025-07-20 19:25:06','2025-07-20 19:25:06'),(54,11,6,NULL,'感谢提醒，我马上去复习OS！','2025-07-20 19:25:06','2025-07-20 19:25:06'),(55,11,1,51,'是的，死锁的四个条件和如何破坏它们，也是高频考点。','2025-07-20 19:25:06','2025-07-20 19:25:06'),(56,12,6,NULL,'哈哈，楼主这个经历有点搞笑。','2025-07-20 19:25:06','2025-07-20 19:25:06'),(57,12,1,NULL,'确实，面试时目标要明确。','2025-07-20 19:25:06','2025-07-20 19:25:06'),(58,12,3,NULL,'AI面试官可能就是根据你的回答来调整问题的，很智能。','2025-07-20 19:25:06','2025-07-20 19:25:06'),(59,12,4,NULL,'摸摸楼主，下次准备充分再去。','2025-07-20 19:25:06','2025-07-20 19:25:06'),(60,12,2,56,'现在回想起来是挺搞笑的，当时只想找个地缝钻进去。','2025-07-20 19:25:06','2025-07-20 19:25:06'),(61,13,6,NULL,'楼主是不是进错房间了？','2025-07-20 19:25:06','2025-07-20 19:25:06'),(62,13,4,NULL,'运营总监岗怎么会是技术面呢？','2025-07-20 19:25:06','2025-07-20 19:25:06'),(63,13,1,62,'可能系统出错了，不过也提醒了我，不管什么岗位，逻辑思维都是通用的。','2025-07-20 19:25:06','2025-07-20 19:25:06'),(64,13,2,NULL,'拍拍楼主，就当是一次压力测试了。','2025-07-20 19:25:06','2025-07-20 19:25:06'),(65,13,5,NULL,'这经历也太奇葩了。','2025-07-20 19:25:06','2025-07-20 19:25:06'),(66,14,1,NULL,'自我介绍是门面，必须好好准备。','2025-07-20 19:25:06','2025-07-20 19:25:06'),(67,14,6,NULL,'是的，我一般会准备一个1分钟版本和一个3分钟版本。','2025-07-20 19:25:06','2025-07-20 19:25:06'),(68,14,2,NULL,'感谢楼主分享，我之前也没重视过自我介绍。','2025-07-20 19:25:06','2025-07-20 19:25:06'),(69,14,3,67,'好方法，学习了！','2025-07-20 19:25:06','2025-07-20 19:25:06'),(70,14,5,NULL,'项目经验一定要说得具体，最好有数据支撑。','2025-07-20 19:25:06','2025-07-20 19:25:06'),(71,15,4,NULL,'楼主心态真好，还敢把这么尬的经历分享出来。','2025-07-20 19:25:06','2025-07-20 19:25:06'),(72,15,6,NULL,'哈哈，王源梗玩得飞起。','2025-07-20 19:25:06','2025-07-20 19:25:06'),(73,15,2,NULL,'虽然很搞笑，但确实是个教训，面试不能太随意。','2025-07-20 19:25:06','2025-07-20 19:25:06'),(74,15,1,71,'希望能给大家带来一点欢乐和警示吧。','2025-07-20 19:25:06','2025-07-20 19:25:06'),(75,15,5,NULL,'面试官：我只是想招个运营，你却想来开演唱会。','2025-07-20 19:25:06','2025-07-20 19:25:06'),(76,16,4,NULL,'楼主是不是对运营有什么误解...','2025-07-20 19:25:06','2025-07-20 19:25:06'),(77,16,6,NULL,'感觉楼主需要先想清楚自己想做什么。','2025-07-20 19:25:06','2025-07-20 19:25:06'),(78,16,1,NULL,'职业规划很重要，方向错了，努力白费。','2025-07-20 19:25:06','2025-07-20 19:25:06'),(79,16,3,NULL,'建议楼主可以找职业导师聊聊。','2025-07-20 19:25:06','2025-07-20 19:25:06'),(80,16,2,77,'说得对，先定位，再努力。','2025-07-20 19:25:06','2025-07-20 19:25:06'),(81,17,1,NULL,'这个问题很经典，考察的是从点到面的能力。','2025-07-20 19:25:06','2025-07-20 19:25:06'),(82,17,2,NULL,'我一般会从监控、预案、解决、复盘四个方面去回答。','2025-07-20 19:25:06','2025-07-20 19:25:06'),(83,17,5,NULL,'消息队列确实是削峰填谷的利器。','2025-07-20 19:25:06','2025-07-20 19:25:06'),(84,17,6,NULL,'学习了，系统设计这块水太深了。','2025-07-20 19:25:06','2025-07-20 19:25:06'),(85,17,3,82,'这个框架很好，收藏了！','2025-07-20 19:25:06','2025-07-20 19:25:06'),(86,18,2,NULL,'楼主总结得很对，自我介绍就是给面试官画重点的时间。','2025-07-20 19:25:06','2025-07-20 19:25:06'),(87,18,6,NULL,'是的，要把自己最匹配岗位的地方前置。','2025-07-20 19:25:06','2025-07-20 19:25:06'),(88,18,3,NULL,'我之前就是吃了这个亏，项目经历说了一大堆，但没突出重点。','2025-07-20 19:25:06','2025-07-20 19:25:06'),(89,18,1,88,'对，要学会剪裁信息，而不是堆砌信息。','2025-07-20 19:25:06','2025-07-20 19:25:06'),(90,18,4,NULL,'感谢分享，我马上去改我的自我介绍。','2025-07-20 19:25:06','2025-07-20 19:25:06'),(91,19,1,NULL,'校招确实很看重逻辑能力。','2025-07-20 19:25:06','2025-07-20 19:25:06'),(92,19,4,NULL,'运营岗的专业知识指的是什么呢？比如用户增长模型？','2025-07-20 19:25:06','2025-07-20 19:25:06'),(93,19,2,92,'对，比如AARRR模型，还有一些活动策划、数据分析的方法论。','2025-07-20 19:25:06','2025-07-20 19:25:06'),(94,19,6,NULL,'感觉运营要学的东西好杂。','2025-07-20 19:25:06','2025-07-20 19:25:06'),(95,19,4,94,'是的，所以需要有自己的知识体系。','2025-07-20 19:25:06','2025-07-20 19:25:06'),(96,20,4,NULL,'楼主，你是来搞笑的吗？','2025-07-20 19:25:06','2025-07-20 19:25:06'),(97,20,6,NULL,'虽然但是，有点可爱是怎么回事。','2025-07-20 19:25:06','2025-07-20 19:25:06'),(98,20,1,NULL,'这篇帖子应该发到搞笑区（狗头）','2025-07-20 19:25:06','2025-07-20 19:25:06'),(99,20,5,NULL,'面试官：我当时害怕极了。','2025-07-20 19:25:06','2025-07-20 19:25:06'),(100,20,3,96,'他好像真的很喜欢唱歌。','2025-07-20 19:25:06','2025-07-20 19:25:06'),(101,21,4,NULL,'想看大佬的具体回答！','2025-07-20 19:25:06','2025-07-20 19:25:06'),(102,21,2,NULL,'恭喜楼主！高分上岸！','2025-07-20 19:25:06','2025-07-20 19:25:06'),(103,21,3,NULL,'看来运营岗也开始卷方法论了。','2025-07-20 19:25:06','2025-07-20 19:25:06'),(104,21,6,NULL,'沾沾喜气，希望我面试也顺利！','2025-07-20 19:25:06','2025-07-20 19:25:06'),(105,21,1,101,'可惜没有对话记录，但核心就是要把每个点都说出自己的思考和逻辑。','2025-07-20 19:25:06','2025-07-20 19:25:06'),(106,22,1,NULL,'楼主的总结很到位，要把个人特质转化为岗位优势。','2025-07-20 19:25:06','2025-07-20 19:25:06'),(107,22,4,NULL,'比如可以说，喜欢唱歌锻炼了我的表达能力和舞台表现力，有助于进行用户沟通和宣讲。','2025-07-20 19:25:06','2025-07-20 19:25:06'),(108,22,2,107,'这个思路太棒了！学习了！','2025-07-20 19:25:06','2025-07-20 19:25:06'),(109,22,6,NULL,'面试真是处处是学问啊。','2025-07-20 19:25:06','2025-07-20 19:25:06'),(110,22,5,NULL,'临场应变能力确实很难，需要多练习。','2025-07-20 19:25:06','2025-07-20 19:25:06'),(111,23,6,NULL,'感谢楼主分享，反面教材也很有用！','2025-07-20 19:25:06','2025-07-20 19:25:06'),(112,23,1,NULL,'能复盘自己的不足，本身就是一种进步。','2025-07-20 19:25:06','2025-07-20 19:25:06'),(113,23,2,NULL,'这个session id好奇怪，session-test-001。','2025-07-20 19:25:06','2025-07-20 19:25:06'),(114,23,3,113,'楼主说了是测试会话嘛。','2025-07-20 19:25:06','2025-07-20 19:25:06'),(115,23,4,NULL,'加油楼主，下次会更好的！','2025-07-20 19:25:06','2025-07-20 19:25:06'),(116,24,2,NULL,'这个确实，如果自我介绍不能引起面试官的兴趣，后面可能就没机会了。','2025-07-20 19:25:06','2025-07-20 19:25:06'),(117,24,6,NULL,'太真实了，面试就是一场信息战。','2025-07-20 19:25:06','2025-07-20 19:25:06'),(118,24,3,NULL,'所以说，开场白非常重要。','2025-07-20 19:25:06','2025-07-20 19:25:06'),(119,24,5,NULL,'至少要说一下自己的技术栈和项目亮点吧。','2025-07-20 19:25:06','2025-07-20 19:25:06'),(120,24,1,119,'是的，我就是吃了这个亏，大家引以为戒。','2025-07-20 19:25:06','2025-07-20 19:25:06'),(121,25,1,NULL,'楼主总结得太对了，项目经验和岗位JD的匹配度是关键。','2025-07-20 19:25:06','2025-07-20 19:25:06'),(122,25,3,NULL,'是的，技术再牛，如果和岗位要求不符，也很难通过。','2025-07-20 19:25:06','2025-07-20 19:25:06'),(123,25,6,NULL,'所以在投简历的时候就要看清楚JD。','2025-07-20 19:25:06','2025-07-20 19:25:06'),(124,25,5,NULL,'有时候也可以在面试中引导，突出自己已有经验和岗位要求的共通之处。','2025-07-20 19:25:06','2025-07-20 19:25:06'),(125,25,2,124,'对，这是一种很高级的面试技巧。','2025-07-20 19:25:06','2025-07-20 19:25:06');
/*!40000 ALTER TABLE `experience_comments` ENABLE KEYS */;
UNLOCK TABLES;

--
-- Table structure for table `experience_interactions`
--

DROP TABLE IF EXISTS `experience_interactions`;
/*!40101 SET @saved_cs_client     = @@character_set_client */;
/*!50503 SET character_set_client = utf8mb4 */;
CREATE TABLE `experience_interactions` (
  `id` bigint unsigned NOT NULL AUTO_INCREMENT,
  `user_id` bigint unsigned NOT NULL COMMENT '用户ID (逻辑关联 users.id)',
  `post_id` bigint unsigned NOT NULL COMMENT '面经ID (逻辑关联 experience_posts.id)',
  `interaction_type` enum('LIKE','COLLECT') COLLATE utf8mb4_general_ci NOT NULL COMMENT '互动类型 (LIKE:点赞, COLLECT:收藏)',
  `created_at` timestamp NOT NULL DEFAULT CURRENT_TIMESTAMP COMMENT '互动时间',
  PRIMARY KEY (`id`)
) ENGINE=InnoDB AUTO_INCREMENT=161 DEFAULT CHARSET=utf8mb4 COLLATE=utf8mb4_general_ci ROW_FORMAT=DYNAMIC COMMENT='用户对文章的互动记录(点赞、收藏)';
/*!40101 SET character_set_client = @saved_cs_client */;

--
-- Dumping data for table `experience_interactions`
--

LOCK TABLES `experience_interactions` WRITE;
/*!40000 ALTER TABLE `experience_interactions` DISABLE KEYS */;
INSERT INTO `experience_interactions` VALUES (1,2,1,'LIKE','2025-07-20 19:25:06'),(2,3,1,'LIKE','2025-07-20 19:25:06'),(3,5,1,'LIKE','2025-07-20 19:25:06'),(4,4,1,'LIKE','2025-07-20 19:25:06'),(5,6,1,'LIKE','2025-07-20 19:25:06'),(6,2,1,'COLLECT','2025-07-20 19:25:06'),(7,3,1,'COLLECT','2025-07-20 19:25:06'),(8,4,1,'COLLECT','2025-07-20 19:25:06'),(9,5,1,'COLLECT','2025-07-20 19:25:06'),(10,6,2,'LIKE','2025-07-20 19:25:06'),(11,3,2,'LIKE','2025-07-20 19:25:06'),(12,2,2,'LIKE','2025-07-20 19:25:06'),(13,4,2,'LIKE','2025-07-20 19:25:06'),(14,6,2,'COLLECT','2025-07-20 19:25:06'),(15,2,2,'COLLECT','2025-07-20 19:25:06'),(16,5,2,'COLLECT','2025-07-20 19:25:06'),(17,4,3,'LIKE','2025-07-20 19:25:06'),(18,2,3,'LIKE','2025-07-20 19:25:06'),(19,6,3,'LIKE','2025-07-20 19:25:06'),(20,4,3,'COLLECT','2025-07-20 19:25:06'),(21,6,3,'COLLECT','2025-07-20 19:25:06'),(22,2,4,'LIKE','2025-07-20 19:25:06'),(23,3,4,'LIKE','2025-07-20 19:25:06'),(24,5,4,'LIKE','2025-07-20 19:25:06'),(25,6,4,'LIKE','2025-07-20 19:25:06'),(26,1,4,'LIKE','2025-07-20 19:25:06'),(27,4,4,'LIKE','2025-07-20 19:25:06'),(28,2,4,'COLLECT','2025-07-20 19:25:06'),(29,3,4,'COLLECT','2025-07-20 19:25:06'),(30,5,4,'COLLECT','2025-07-20 19:25:06'),(31,1,4,'COLLECT','2025-07-20 19:25:06'),(32,6,4,'COLLECT','2025-07-20 19:25:06'),(33,4,5,'LIKE','2025-07-20 19:25:06'),(34,6,5,'LIKE','2025-07-20 19:25:06'),(35,2,5,'LIKE','2025-07-20 19:25:06'),(36,3,5,'LIKE','2025-07-20 19:25:06'),(37,4,5,'COLLECT','2025-07-20 19:25:06'),(38,2,5,'COLLECT','2025-07-20 19:25:06'),(39,1,5,'COLLECT','2025-07-20 19:25:06'),(40,2,6,'LIKE','2025-07-20 19:25:06'),(41,3,6,'LIKE','2025-07-20 19:25:06'),(42,5,6,'LIKE','2025-07-20 19:25:06'),(43,6,6,'LIKE','2025-07-20 19:25:06'),(44,2,6,'COLLECT','2025-07-20 19:25:06'),(45,6,6,'COLLECT','2025-07-20 19:25:06'),(46,3,6,'COLLECT','2025-07-20 19:25:06'),(47,5,6,'COLLECT','2025-07-20 19:25:06'),(48,4,7,'LIKE','2025-07-20 19:25:06'),(49,2,7,'LIKE','2025-07-20 19:25:06'),(50,6,7,'LIKE','2025-07-20 19:25:06'),(51,4,7,'COLLECT','2025-07-20 19:25:06'),(52,2,7,'COLLECT','2025-07-20 19:25:06'),(53,5,7,'COLLECT','2025-07-20 19:25:06'),(54,2,8,'LIKE','2025-07-20 19:25:06'),(55,3,8,'LIKE','2025-07-20 19:25:06'),(56,6,8,'LIKE','2025-07-20 19:25:06'),(57,2,8,'COLLECT','2025-07-20 19:25:06'),(58,5,8,'COLLECT','2025-07-20 19:25:06'),(59,6,8,'COLLECT','2025-07-20 19:25:06'),(61,3,9,'LIKE','2025-07-20 19:25:06'),(62,4,9,'LIKE','2025-07-20 19:25:06'),(63,6,9,'LIKE','2025-07-20 19:25:06'),(65,3,9,'COLLECT','2025-07-20 19:25:06'),(66,6,9,'COLLECT','2025-07-20 19:25:06'),(68,2,10,'LIKE','2025-07-20 19:25:06'),(69,4,10,'LIKE','2025-07-20 19:25:06'),(70,5,10,'LIKE','2025-07-20 19:25:06'),(71,6,10,'LIKE','2025-07-20 19:25:06'),(73,2,10,'COLLECT','2025-07-20 19:25:06'),(74,4,10,'COLLECT','2025-07-20 19:25:06'),(75,5,10,'COLLECT','2025-07-20 19:25:06'),(76,6,10,'COLLECT','2025-07-20 19:25:06'),(77,2,11,'LIKE','2025-07-20 19:25:06'),(78,3,11,'LIKE','2025-07-20 19:25:06'),(79,4,11,'LIKE','2025-07-20 19:25:06'),(80,5,11,'LIKE','2025-07-20 19:25:06'),(81,6,11,'LIKE','2025-07-20 19:25:06'),(82,1,11,'LIKE','2025-07-20 19:25:06'),(83,2,11,'COLLECT','2025-07-20 19:25:06'),(84,3,11,'COLLECT','2025-07-20 19:25:06'),(85,4,11,'COLLECT','2025-07-20 19:25:06'),(86,5,11,'COLLECT','2025-07-20 19:25:06'),(87,6,11,'COLLECT','2025-07-20 19:25:06'),(88,1,11,'COLLECT','2025-07-20 19:25:06'),(89,1,12,'LIKE','2025-07-20 19:25:06'),(90,6,12,'LIKE','2025-07-20 19:25:06'),(91,6,12,'COLLECT','2025-07-20 19:25:06'),(92,6,13,'LIKE','2025-07-20 19:25:06'),(93,4,13,'COLLECT','2025-07-20 19:25:06'),(94,1,14,'LIKE','2025-07-20 19:25:06'),(95,2,14,'LIKE','2025-07-20 19:25:06'),(96,6,14,'LIKE','2025-07-20 19:25:06'),(97,1,14,'COLLECT','2025-07-20 19:25:06'),(98,6,14,'COLLECT','2025-07-20 19:25:06'),(99,4,15,'LIKE','2025-07-20 19:25:06'),(100,6,15,'LIKE','2025-07-20 19:25:06'),(101,4,15,'COLLECT','2025-07-20 19:25:06'),(102,6,15,'COLLECT','2025-07-20 19:25:06'),(103,4,16,'LIKE','2025-07-20 19:25:06'),(104,6,16,'COLLECT','2025-07-20 19:25:06'),(105,1,17,'LIKE','2025-07-20 19:25:06'),(106,2,17,'LIKE','2025-07-20 19:25:06'),(107,5,17,'LIKE','2025-07-20 19:25:06'),(108,6,17,'LIKE','2025-07-20 19:25:06'),(109,1,17,'COLLECT','2025-07-20 19:25:06'),(110,2,17,'COLLECT','2025-07-20 19:25:06'),(111,5,17,'COLLECT','2025-07-20 19:25:06'),(112,6,17,'COLLECT','2025-07-20 19:25:06'),(113,2,18,'LIKE','2025-07-20 19:25:06'),(114,3,18,'LIKE','2025-07-20 19:25:06'),(115,6,18,'LIKE','2025-07-20 19:25:06'),(116,2,18,'COLLECT','2025-07-20 19:25:06'),(117,6,18,'COLLECT','2025-07-20 19:25:06'),(118,1,19,'LIKE','2025-07-20 19:25:06'),(119,4,19,'LIKE','2025-07-20 19:25:06'),(120,1,19,'COLLECT','2025-07-20 19:25:06'),(121,4,19,'COLLECT','2025-07-20 19:25:06'),(122,4,20,'LIKE','2025-07-20 19:25:06'),(123,6,20,'COLLECT','2025-07-20 19:25:06'),(124,1,21,'LIKE','2025-07-20 19:25:06'),(125,2,21,'LIKE','2025-07-20 19:25:06'),(126,3,21,'LIKE','2025-07-20 19:25:06'),(127,4,21,'LIKE','2025-07-20 19:25:06'),(128,6,21,'LIKE','2025-07-20 19:25:06'),(129,1,21,'COLLECT','2025-07-20 19:25:06'),(130,2,21,'COLLECT','2025-07-20 19:25:06'),(131,3,21,'COLLECT','2025-07-20 19:25:06'),(132,4,21,'COLLECT','2025-07-20 19:25:06'),(133,6,21,'COLLECT','2025-07-20 19:25:06'),(134,1,22,'LIKE','2025-07-20 19:25:06'),(135,4,22,'LIKE','2025-07-20 19:25:06'),(136,1,22,'COLLECT','2025-07-20 19:25:06'),(137,4,22,'COLLECT','2025-07-20 19:25:06'),(138,6,23,'LIKE','2025-07-20 19:25:06'),(139,6,23,'COLLECT','2025-07-20 19:25:06'),(140,2,24,'LIKE','2025-07-20 19:25:06'),(141,6,24,'LIKE','2025-07-20 19:25:06'),(142,2,24,'COLLECT','2025-07-20 19:25:06'),(143,3,24,'COLLECT','2025-07-20 19:25:06'),(144,6,24,'COLLECT','2025-07-20 19:25:06'),(145,1,25,'LIKE','2025-07-20 19:25:06'),(146,3,25,'LIKE','2025-07-20 19:25:06'),(147,5,25,'LIKE','2025-07-20 19:25:06'),(148,6,25,'LIKE','2025-07-20 19:25:06'),(149,1,25,'COLLECT','2025-07-20 19:25:06'),(150,3,25,'COLLECT','2025-07-20 19:25:06'),(151,5,25,'COLLECT','2025-07-20 19:25:06'),(152,6,25,'COLLECT','2025-07-20 19:25:06'),(157,1,9,'LIKE','2025-07-21 02:07:05'),(158,1,9,'COLLECT','2025-07-21 02:07:08'),(159,1,24,'LIKE','2025-07-21 02:07:16'),(160,1,24,'COLLECT','2025-07-21 02:07:17');
/*!40000 ALTER TABLE `experience_interactions` ENABLE KEYS */;
UNLOCK TABLES;

--
-- Table structure for table `experience_posts`
--

DROP TABLE IF EXISTS `experience_posts`;
/*!40101 SET @saved_cs_client     = @@character_set_client */;
/*!50503 SET character_set_client = utf8mb4 */;
CREATE TABLE `experience_posts` (
  `id` bigint unsigned NOT NULL AUTO_INCREMENT COMMENT '面经唯一ID',
  `user_id` bigint unsigned NOT NULL COMMENT '作者的用户ID (逻辑关联 users.id)',
  `session_id` varchar(255) COLLATE utf8mb4_general_ci NOT NULL COMMENT '关联的面试会话ID (逻辑关联 interview_sessions.id)',
  `title` varchar(255) COLLATE utf8mb4_general_ci NOT NULL COMMENT '面经标题',
  `content` mediumtext COLLATE utf8mb4_general_ci NOT NULL COMMENT '用户撰写的复盘内容 (支持富文本)',
  `visibility` enum('PUBLIC','PRIVATE') COLLATE utf8mb4_general_ci NOT NULL DEFAULT 'PUBLIC' COMMENT '可见性 (PUBLIC:公开, PRIVATE:私有)',
  `is_anonymous` tinyint(1) NOT NULL DEFAULT '0' COMMENT '是否匿名发布 (0:否, 1:是)',
  `status` varchar(255) COLLATE utf8mb4_general_ci NOT NULL DEFAULT 'PUBLISHED' COMMENT '状态 (PUBLISHED:已发布, UNDER_REVIEW:审核中, HIDDEN:已隐藏)',
  `is_featured` tinyint(1) NOT NULL DEFAULT '0' COMMENT '是否为精华帖 (0:否, 1:是)',
  `views_count` int unsigned NOT NULL DEFAULT '0' COMMENT '浏览量',
  `likes_count` int unsigned NOT NULL DEFAULT '0' COMMENT '点赞数',
  `comments_count` int unsigned NOT NULL DEFAULT '0' COMMENT '评论数',
  `collections_count` int unsigned NOT NULL DEFAULT '0' COMMENT '收藏数',
  `shared_report_elements` json DEFAULT NULL COMMENT '选择性分享的报告元素, 如: {"show_radar": true, "show_score": false}',
  `tags` text COLLATE utf8mb4_general_ci COMMENT '标签列表：["标签1","标签2"]',
  `experience_url` varchar(255) COLLATE utf8mb4_general_ci DEFAULT NULL COMMENT '面经的封面链接',
  `created_at` timestamp NOT NULL DEFAULT CURRENT_TIMESTAMP COMMENT '创建时间',
  `updated_at` timestamp NOT NULL DEFAULT CURRENT_TIMESTAMP ON UPDATE CURRENT_TIMESTAMP COMMENT '更新时间',
  PRIMARY KEY (`id`),
  KEY `idx_status_visibility_counts` (`status`,`visibility`,`likes_count`,`comments_count`) COMMENT '用于排序和筛选',
  KEY `idx_user_id` (`user_id`)
) ENGINE=InnoDB AUTO_INCREMENT=26 DEFAULT CHARSET=utf8mb4 COLLATE=utf8mb4_general_ci ROW_FORMAT=DYNAMIC COMMENT='面经分享主表';
/*!40101 SET character_set_client = @saved_cs_client */;

--
-- Dumping data for table `experience_posts`
--

LOCK TABLES `experience_posts` WRITE;
/*!40000 ALTER TABLE `experience_posts` DISABLE KEYS */;
INSERT INTO `experience_posts` VALUES (1,1,'1-8-1751877600000','阿里社招Java专家面经（92.5分），全程高能！','概述\n面试总分92.5，体验非常好，AI面试官的问题很有深度，直击要害。分享出来希望能帮助到大家。\n\n面试问题\n1.  自我介绍：重点讲了负责的电商项目和技术栈。\n2.  Redis应用：深入问了缓存穿透、雪崩的解决方案，我提到了布隆过滤器和集群高可用方案。\n3.  Spring Boot自动配置原理：这个问题考察得很细，需要了解`@EnableAutoConfiguration`和`spring.factories`机制。\n\n总结\n这次面试证明了基础和原理的重要性，死记硬背肯定不行。AI的追问能有效考察出候选人的技术深度。','PUBLIC',0,'PUBLISHED',0,1520,5,5,4,'{\"radar_data\": true, \"overall_summary\": false, \"recommendations\": true, \"filler_word_usage\": true, \"tension_curve_data\": false, \"behavioral_analysis\": true, \"overall_suggestions\": true, \"question_analysis_data\": false}','[\"Java\", \"阿里巴巴\", \"社招\", \"后端\", \"Redis\"]','https://echo-interview.oss-cn-guangzhou.aliyuncs.com/interview/channel/d6192bee-ae46-4624-afe7-50f83dd9d661.jpg','2025-07-08 04:00:00','2025-07-21 04:51:39'),(2,1,'1-9-1751964000000','腾讯前端实习面试复盘（76.8分），基础不牢地动山摇','概述\n分数不高，勉强及格。面试过程有点紧张，特别是自我介绍环节卡壳了，给大家提个醒，一定要提前准备好。\n\n面试问题\n1.  CSS盒模型：回答出了标准盒模型和IE盒模型的区别，但忘记说`box-sizing`了。\n2.  闭包：对闭包的理解只停留在表面，被追问应用场景和内存泄漏时就答不出来了。\n\n总结\n前端基础还是最重要的，不能只停留在会用框架的层面。这次模拟面试暴露了我的很多问题，感谢平台，继续加油吧！','PUBLIC',0,'PUBLISHED',0,850,4,5,3,'{\"radar_data\": false, \"overall_summary\": true, \"recommendations\": true, \"filler_word_usage\": false, \"tension_curve_data\": true, \"behavioral_analysis\": false, \"overall_suggestions\": true, \"question_analysis_data\": true}','[\"前端\", \"腾讯\", \"实习\", \"JavaScript\", \"CSS\"]','https://echo-interview.oss-cn-guangzhou.aliyuncs.com/interview/user/8bb2b502-f87d-4f01-ab90-430d0a19869c.jpg','2025-07-09 09:00:00','2025-07-21 04:51:39'),(3,1,'1-8-1752050400000','美团产品经理面试凉经（45分），准备不足的惨痛教训','概述\n彻底凉了，分数说明一切。想转行产品，但发现自己完全没入门，回答得一塌糊涂，全程紧张到说不出话。\n\n面试问题\n1.  为什么想做产品经理？ 我回答得太感性，说觉得很酷，被面试官判断为没有深入思考。\n2.  分析常用APP：我分析了微信，但只说了功能全、可以换主题这种皮毛，完全没体现出产品思维。\n\n总结\n给想转行产品的同学提个醒，千万不要凭一腔热血。没有方法论、不懂用户分析，是走不远的。我要回去好好看书了。','PUBLIC',0,'PUBLISHED',0,2300,3,5,2,'{\"radar_data\": true, \"overall_summary\": true, \"recommendations\": false, \"filler_word_usage\": true, \"tension_curve_data\": true, \"behavioral_analysis\": true, \"overall_suggestions\": false, \"question_analysis_data\": false}','[\"产品经理\", \"美团\", \"校招\", \"凉经\"]','https://echo-interview.oss-cn-guangzhou.aliyuncs.com/interview/channel/aebb32cd-ddc5-45d9-aee2-9cde662294f0.jpg','2025-07-10 09:00:00','2025-07-21 04:51:39'),(4,1,'1-10-1752136800000','华为算法岗压力面（85分）通过！分享下抗压经验','概述\n面试官风格很严肃，开场就让我手写快排，压力很大。但顶住压力后，后面就顺畅多了。\n\n面试问题\n1.  手写快排：有点紧张，但还是写出来了。\n2.  快排最坏情况和复杂度：这个准备过，回答得比较好，还补充了优化方案。\n\n总结\n压力面考察的不仅是技术，更是心理素质。关键是要相信自己，即使紧张也要保持思考，把会的东西清晰地表达出来。','PUBLIC',1,'PUBLISHED',0,3502,6,5,5,'{\"radar_data\": false, \"overall_summary\": false, \"recommendations\": false, \"filler_word_usage\": true, \"tension_curve_data\": true, \"behavioral_analysis\": true, \"overall_suggestions\": true, \"question_analysis_data\": true}','[\"算法\", \"华为\", \"校招\", \"压力面\"]','https://echo-interview.oss-cn-guangzhou.aliyuncs.com/interview/user/1a1f8949-432e-4401-a5bf-61f551b1dc27.jpg','2025-07-11 10:00:00','2025-07-21 04:51:39'),(5,1,'1-9-1752223200000','一次非常舒服的行为面试（88分），附回答思路','概述\n这是一次快速开始的面试，没有固定的岗位，主要考察通用能力和行为问题。\n\n面试问题\n谈谈你的优缺点：这个问题是必考题。我的回答思路是：\n* 优点：结合岗位要求说，比如学习能力强，并举例说明。\n* 缺点：说一个无伤大雅、可以通过努力改进的缺点，并强调自己正在改进。我说了自己有时过于追求细节。\n\n总结\n行为面试考察的是候选人的自我认知和表达能力。真诚是最好的技巧。','PUBLIC',0,'PUBLISHED',0,980,4,5,3,'{\"radar_data\": true, \"overall_summary\": true, \"recommendations\": true, \"filler_word_usage\": false, \"tension_curve_data\": false, \"behavioral_analysis\": false, \"overall_suggestions\": false, \"question_analysis_data\": true}','[\"面试技巧\", \"行为面试\", \"软实力\"]','https://echo-interview.oss-cn-guangzhou.aliyuncs.com/interview/channel/b536ebf9-8726-4d01-a0e8-538669056d71.jpg','2025-07-12 11:00:00','2025-07-21 04:51:39'),(6,1,'1-8-1752309600000','字节后端校招面经（82分），TCP和HashMap是重点','概述\n面试官是技术型的，问的问题都很经典，但会追问细节。\n\n面试问题\n1.  TCP三次握手：回答了基本流程，但没说清楚为何是三次，被追问了。\n2.  HashMap vs ConcurrentHashMap：说出了线程安全和实现上的区别，但对JDK 1.8的细节掌握不够。\n\n总结\n对于经典八股文，不能只停留在“是什么”，还要深入理解“为什么”，这样才能应对追问。','PUBLIC',0,'PUBLISHED',0,1200,4,5,4,'{\"radar_data\": false, \"overall_summary\": true, \"recommendations\": false, \"filler_word_usage\": false, \"tension_curve_data\": false, \"behavioral_analysis\": true, \"overall_suggestions\": false, \"question_analysis_data\": false}','[\"后端\", \"字节跳动\", \"校招\", \"Java\", \"HashMap\"]','https://echo-interview.oss-cn-guangzhou.aliyuncs.com/interview/user/aed9724d-fd35-44d5-8d51-19a3833fcde1.png','2025-07-13 12:00:00','2025-07-21 04:51:39'),(7,1,'1-9-1752396000000','人生第一次群面（75.5分），原来应该这么玩','概述\n参加了一场后端的综合群面，全程插不上话，体验不是很好。分数也说明了问题。\n\n总结\n后来复盘发现，群面不是辩论赛，不是谁声音大谁就赢。关键是要有团队贡献。如果无法提出建设性意见，可以尝试做计时员（Time Keeper）或总结者（Summarizer），同样能体现价值。下次再试试。','PUBLIC',0,'PUBLISHED',0,750,3,5,3,'{\"radar_data\": true, \"overall_summary\": false, \"recommendations\": true, \"filler_word_usage\": false, \"tension_curve_data\": true, \"behavioral_analysis\": true, \"overall_suggestions\": false, \"question_analysis_data\": true}','[\"群面\", \"面试技巧\", \"软实力\"]','https://echo-interview.oss-cn-guangzhou.aliyuncs.com/interview/user/b9d6bd90-d564-49fb-8112-b8e4f96cb05a.jpg','2025-07-14 13:00:00','2025-07-21 04:51:39'),(8,1,'1-10-1752482400000','华为后端社招多对一，压力山大（68分凉经）','概述\n三个面试官对着我一个，场面太吓人了。一紧张，脑子就空了，本来会的东西也说不清楚。\n\n面试问题\n高并发系统设计：这个问题太大了，我一慌，就只零散地说了缓存、分库分表、消息队列几个点，完全没有章法。\n\n总结\n心理素质太差了，技术债和心理债都得补。','PUBLIC',1,'PUBLISHED',0,1800,3,5,3,'{\"radar_data\": false, \"overall_summary\": false, \"recommendations\": true, \"filler_word_usage\": true, \"tension_curve_data\": false, \"behavioral_analysis\": false, \"overall_suggestions\": true, \"question_analysis_data\": false}','[\"后端\", \"华为\", \"社招\", \"高并发\", \"凉经\"]','https://echo-interview.oss-cn-guangzhou.aliyuncs.com/interview/channel/4dc7495c-43f7-4440-892e-75d502c6cd5a.jpg','2025-07-15 14:00:00','2025-07-21 04:51:39'),(9,2,'1-10-1753000800000','数据分析师社招面经，建模方法和SCD是重点','概述\n面试体验不错，AI面试官很专业。主要考察了数据仓库的知识。\n\n面试问题\n1.  数据仓库建模方法：回答了范式和维度建模，以及星型和雪花模型。\n2.  缓慢变化维（SCD）：这个问题我只知道概念，没答好具体的类型和实现，暴露了知识盲区。\n\n总结\n数据分析岗位对数仓知识要求很高，不能只停留在会写SQL的层面。','PUBLIC',0,'PUBLISHED',0,952,4,5,3,'{\"radar_data\": true, \"overall_summary\": true, \"recommendations\": false, \"filler_word_usage\": false, \"tension_curve_data\": true, \"behavioral_analysis\": false, \"overall_suggestions\": true, \"question_analysis_data\": true}','[\"数据分析\", \"数据仓库\", \"SQL\", \"社招\"]','https://echo-interview.oss-cn-guangzhou.aliyuncs.com/interview/channel/2342f04c-fb4e-4f6a-8cfe-77da22407442.jpg','2025-07-21 10:00:00','2025-07-21 04:51:39'),(10,3,'1-9-1752914400000','Java实习面经，== 和 equals 经典永不过时','概述\n一场很基础的Java实习面试，问题不难，主要看基础是否扎实。\n\n面试问题\n`==` 和 `equals` 的区别：我从基本类型和引用类型两个方面回答，并提到了String类重写了equals方法。面试官反馈不错，还追问了hashCode。\n\n总结\n越是基础的问题，越要能说出花来。把一个简单的知识点讲深讲透，就能体现出你的不同。','PUBLIC',0,'PUBLISHED',0,2104,4,5,4,'{\"radar_data\": false, \"overall_summary\": true, \"recommendations\": true, \"filler_word_usage\": true, \"tension_curve_data\": true, \"behavioral_analysis\": false, \"overall_suggestions\": false, \"question_analysis_data\": false}','[\"Java\", \"实习\", \"后端\", \"面试技巧\"]','https://echo-interview.oss-cn-guangzhou.aliyuncs.com/interview/user/78075e5b-8083-45f3-bd6b-6bb4aabf086d.jpg','2025-07-20 09:00:00','2025-07-21 04:51:39'),(11,1,'1-8-1752828000000','后端高分面经（88.5分）- 操作系统yyds！','概述\n分享一次高分面试，全程围绕操作系统和计算机网络展开，基础扎实真的很重要。\n\n面试问题\n进程和线程的区别和联系：这个问题我回答得比较全面，从资源分配和CPU调度的角度区分，面试官很满意。\n\n总结\n现在很多面试都开始返璞归真，考察计算机基础了。建议大家在刷八股文的同时，也别忘了回头看看这些最根本的知识。','PUBLIC',0,'PUBLISHED',0,1810,6,5,6,'{\"radar_data\": true, \"overall_summary\": false, \"recommendations\": false, \"filler_word_usage\": true, \"tension_curve_data\": false, \"behavioral_analysis\": true, \"overall_suggestions\": false, \"question_analysis_data\": true}','[\"后端\", \"操作系统\", \"计算机网络\", \"面试经验\"]','https://echo-interview.oss-cn-guangzhou.aliyuncs.com/interview/channel/aebb32cd-ddc5-45d9-aee2-9cde662294f0.jpg','2025-07-19 08:00:00','2025-07-21 04:51:39'),(12,2,'1-11-1752858174584','前端面试，但感觉自己像在面试后端？','概述\n面试的岗位是前端，但自我介绍的时候说自己想做后端，然后AI面试官就问了我很多后端的问题，有点懵。\n\n面试问题\n基本都是围绕后端展开的，但我准备的都是前端知识，所以答得很差。\n\n总结\n面试的时候还是要注意言行一致，不要给面试官错误的信息。这次面试很混乱，算是一次教训吧。','PUBLIC',0,'PUBLISHED',0,450,2,5,1,'{\"radar_data\": true, \"overall_summary\": true, \"recommendations\": true, \"filler_word_usage\": true, \"tension_curve_data\": true, \"behavioral_analysis\": true, \"overall_suggestions\": true, \"question_analysis_data\": false}','[\"前端\", \"后端\", \"面试经验\", \"凉经\"]','https://echo-interview.oss-cn-guangzhou.aliyuncs.com/interview/user/8bb2b502-f87d-4f01-ab90-430d0a19869c.jpg','2025-07-19 02:00:00','2025-07-21 04:51:39'),(13,1,'1-19-1752864065765','运营总监岗凉经，感觉自己啥也不会','概述\n这是一场校招技术面试，但我面的是运营总监。全程没回答上几个问题，AI给的推荐也都是技术向的，感觉很混乱。\n\n总结\n可能是我走错了面试场次？总之是一次非常失败的经历，暴露了我在专业知识和逻辑思维上的巨大不足。','PUBLIC',0,'PUBLISHED',0,301,1,5,1,'{\"radar_data\": false, \"overall_summary\": false, \"recommendations\": true, \"filler_word_usage\": false, \"tension_curve_data\": true, \"behavioral_analysis\": true, \"overall_suggestions\": false, \"question_analysis_data\": false}','[\"运营\", \"校招\", \"凉经\"]','https://echo-interview.oss-cn-guangzhou.aliyuncs.com/interview/user/1a1f8949-432e-4401-a5bf-61f551b1dc27.jpg','2025-07-19 03:00:00','2025-07-21 04:51:39'),(14,3,'1-11-1752858618301','前端社招面试，自我介绍太拉垮了','概述\n面试的是前端岗位，但自我介绍说想做后端，后面回答也比较泛，没有深入到技术细节。\n\n面试问题\n主要就是自我介绍和项目经验。我提到了参加过竞赛和做过企业项目，但没有详细展开，面试官没法深入了解。\n\n总结\n自我介绍真的很重要，不能太随意。必须把自己的亮点和与岗位相关的技能清晰地展示出来。','PUBLIC',0,'PUBLISHED',0,670,3,5,2,'{\"radar_data\": true, \"overall_summary\": false, \"recommendations\": false, \"filler_word_usage\": false, \"tension_curve_data\": false, \"behavioral_analysis\": false, \"overall_suggestions\": true, \"question_analysis_data\": true}','[\"前端\", \"社招\", \"面试技巧\"]','https://echo-interview.oss-cn-guangzhou.aliyuncs.com/interview/channel/d6192bee-ae46-4624-afe7-50f83dd9d661.jpg','2025-07-19 04:00:00','2025-07-21 04:51:39'),(15,1,'1-19-1752849056747','运营总监面试，全程尬聊，我是谁我在哪？','概述\n面试运营总监，AI面试官让我自我介绍，我说了喜欢唱歌。然后就没然后了，回答得乱七八糟。\n\n面试问题\n问我在拼多多的职责，我只说了线上营销和策划，没有展开。\n\n总结\n完全没准备，把面试当聊天了。提醒大家，即使是AI面试，也要认真对待，提前做好准备。','PUBLIC',0,'PUBLISHED',0,880,2,5,2,'{\"radar_data\": false, \"overall_summary\": true, \"recommendations\": true, \"filler_word_usage\": true, \"tension_curve_data\": false, \"behavioral_analysis\": true, \"overall_suggestions\": true, \"question_analysis_data\": true}','[\"运营\", \"社招\", \"凉经\", \"面试技巧\"]','https://echo-interview.oss-cn-guangzhou.aliyuncs.com/interview/user/aed9724d-fd35-44d5-8d51-19a3833fcde1.png','2025-07-19 05:00:00','2025-07-21 04:51:39'),(16,2,'1-19-1752891446521','又一次运营总监面试失败，感觉不会再爱了','概述\n又挂了。感觉自己完全不适合这个岗位。面试官问我大学课程，我说一直不听课，就去实习了。\n\n总结\n态度决定一切。我的面试态度太随意了，回答也很不专业。这次是真的需要好好反思一下自己的职业规划了。','PUBLIC',0,'PUBLISHED',0,1100,1,5,1,'{\"radar_data\": true, \"overall_summary\": false, \"recommendations\": true, \"filler_word_usage\": false, \"tension_curve_data\": true, \"behavioral_analysis\": false, \"overall_suggestions\": false, \"question_analysis_data\": false}','[\"运营\", \"校招\", \"凉经\", \"职业规划\"]','https://echo-interview.oss-cn-guangzhou.aliyuncs.com/interview/channel/b536ebf9-8726-4d01-a0e8-538669056d71.jpg','2025-07-19 06:00:00','2025-07-21 04:51:39'),(17,3,'1-12-1752894474116','前端社招面试，被网站崩溃问题问倒了','概述\n面试过程还算顺利，直到被问到一个场景题：网站崩溃了怎么办。\n\n面试问题\n我提到了服务器过载、重启服务器、限制访问、用消息队列等方案，但AI面试官一直追问具体实现细节，我就答不上来了。\n\n总结\n知道概念和能落地是两回事。对于系统稳定性问题，必须要有实际的处理经验和方案储备才行。','PUBLIC',0,'PUBLISHED',0,1300,4,5,4,'{\"radar_data\": false, \"overall_summary\": true, \"recommendations\": false, \"filler_word_usage\": true, \"tension_curve_data\": false, \"behavioral_analysis\": true, \"overall_suggestions\": true, \"question_analysis_data\": false}','[\"前端\", \"社招\", \"高可用\", \"系统设计\"]','https://echo-interview.oss-cn-guangzhou.aliyuncs.com/interview/user/b9d6bd90-d564-49fb-8112-b8e4f96cb05a.jpg','2025-07-19 07:00:00','2025-07-21 04:51:39'),(18,1,'1-12-1752902445123','前端社招面试，自我介绍真的很重要！','概述\n面试过程很短，感觉在自我介绍环节就没给面试官留下好印象。\n\n面试问题\n自我介绍我说参与过多个项目和比赛，但没说具体是什么，也没说自己的角色和贡献。后面问到具体课程和技能，也回答得很模糊。\n\n总结\n简历上的每一句话都要能详细展开。自我介绍是黄金时间，一定要把最亮眼、最匹配岗位的部分说出来。','PUBLIC',0,'PUBLISHED',0,720,3,5,2,'{\"radar_data\": true, \"overall_summary\": true, \"recommendations\": true, \"filler_word_usage\": false, \"tension_curve_data\": true, \"behavioral_analysis\": false, \"overall_suggestions\": true, \"question_analysis_data\": true}','[\"前端\", \"社招\", \"面试技巧\", \"自我介绍\"]','https://echo-interview.oss-cn-guangzhou.aliyuncs.com/interview/channel/2342f04c-fb4e-4f6a-8cfe-77da22407442.jpg','2025-07-19 08:30:00','2025-07-21 04:51:39'),(19,2,'1-19-1752902177435','运营总监校招面试，感觉还行','概述\n一场比较常规的校招面试，主要考察了逻辑思维和表达能力。\n\n总结\n感觉自己的专业知识和技能匹配度还有待提高，但沟通和逻辑方面还不错。AI给的建议很中肯，需要加强专业学习。','PUBLIC',0,'PUBLISHED',0,550,2,5,2,'{\"radar_data\": false, \"overall_summary\": false, \"recommendations\": false, \"filler_word_usage\": true, \"tension_curve_data\": true, \"behavioral_analysis\": true, \"overall_suggestions\": false, \"question_analysis_data\": true}','[\"运营\", \"校招\", \"面试经验\"]','https://echo-interview.oss-cn-guangzhou.aliyuncs.com/interview/user/78075e5b-8083-45f3-bd6b-6bb4aabf086d.jpg','2025-07-19 09:00:00','2025-07-21 04:51:39'),(20,3,'1-19-1752907189480','运营总监面试，我为什么总提唱歌？','概述\n面试官让我自我介绍，我说我喜欢唱歌。问我项目经验，我说我负责当“导狗”（应该是导购）。全程回答都非常离谱。\n\n总结\n我可能需要重新审视一下自己的沟通方式。面试是一个严肃的场合，回答问题必须紧扣岗位要求，不能太随意。这次面试对我来说是一个深刻的教训。','PUBLIC',0,'PUBLISHED',0,1500,1,5,1,'{\"radar_data\": true, \"overall_summary\": true, \"recommendations\": false, \"filler_word_usage\": true, \"tension_curve_data\": false, \"behavioral_analysis\": false, \"overall_suggestions\": true, \"question_analysis_data\": false}','[\"运营\", \"校招\", \"凉经\", \"沟通\"]','https://echo-interview.oss-cn-guangzhou.aliyuncs.com/interview/channel/4dc7495c-43f7-4440-892e-75d502c6cd5a.jpg','2025-07-19 10:00:00','2025-07-21 04:51:39'),(21,1,'1-19-1752907468771','运营总监校招（高分）面经，专业和逻辑是王道','概述\n这是一场得分比较高的运营面试，AI给的雷达图在专业技能和逻辑思维上都打了高分。\n\n总结\n虽然面试中没有具体的对话记录，但从结果来看，想拿高分，必须在专业知识和逻辑思维上表现出色。运营岗位不是只靠吹牛，而是要有方法论和数据支撑。','PUBLIC',0,'PUBLISHED',0,2502,5,5,5,'{\"radar_data\": false, \"overall_summary\": true, \"recommendations\": true, \"filler_word_usage\": false, \"tension_curve_data\": false, \"behavioral_analysis\": true, \"overall_suggestions\": false, \"question_analysis_data\": true}','[\"运营\", \"校招\", \"面试经验\", \"高分\"]','https://echo-interview.oss-cn-guangzhou.aliyuncs.com/interview/user/8bb2b502-f87d-4f01-ab90-430d0a19869c.jpg','2025-07-19 11:00:00','2025-07-21 04:51:39'),(22,2,'1-19-1752908717633','运营总监面试，全程都在聊“水牛音”','概述\n面试官似乎对我的个人特色“水牛音”很感兴趣，问了很多相关问题。但我没能很好地把这个个人特色和岗位能力结合起来。\n\n总结\n当面试官对你的某个点感兴趣时，是一个很好的展示机会。应该思考如何将个人兴趣转化为岗位优势，而不是仅仅停留在表面。我的临场应变能力还是太差了。','PUBLIC',0,'PUBLISHED',0,990,2,5,2,'{\"radar_data\": true, \"overall_summary\": false, \"recommendations\": true, \"filler_word_usage\": true, \"tension_curve_data\": true, \"behavioral_analysis\": true, \"overall_suggestions\": true, \"question_analysis_data\": true}','[\"运营\", \"校招\", \"面试技巧\", \"软实力\"]','https://echo-interview.oss-cn-guangzhou.aliyuncs.com/interview/channel/d6192bee-ae46-4624-afe7-50f83dd9d661.jpg','2025-07-19 12:00:00','2025-07-21 04:51:39'),(23,3,'session-test-001','一次测试面试的复盘，大家引以为戒','概述\n这是一次测试会话，但面试过程和问题都和真实的一样。我的回答非常糟糕，大家可以看看反面教材。\n\n总结\n即使是测试，也要认真对待。我的回答暴露了我在沟通、专业知识等方面的全面不足。感谢这次测试让我看清了自己。','PUBLIC',1,'PUBLISHED',0,400,1,5,1,'{\"radar_data\": false, \"overall_summary\": true, \"recommendations\": false, \"filler_word_usage\": true, \"tension_curve_data\": false, \"behavioral_analysis\": false, \"overall_suggestions\": false, \"question_analysis_data\": false}','[\"面试经验\", \"凉经\", \"测试\"]','https://echo-interview.oss-cn-guangzhou.aliyuncs.com/interview/user/1a1f8949-432e-4401-a5bf-61f551b1dc27.jpg','2025-07-19 13:00:00','2025-07-21 04:51:39'),(24,1,'1-12-1752991707432','前端社招，只说了学校和专业就被挂了？','概述\n面试体验很奇怪，面试官只问了我的学校和专业，然后就没然后了。\n\n面试问题\n1.  自我介绍：我只说了我来自广东海洋大学。\n2.  问专业：我回答了是软件工程。\n\n总结\n感觉面试官对我完全不感兴趣。复盘了一下，可能是我的自我介绍太简单了，没有给面试官任何有价值的信息，导致他失去了继续提问的兴趣。','PUBLIC',0,'PUBLISHED',0,1601,3,5,4,'{\"radar_data\": true, \"overall_summary\": true, \"recommendations\": false, \"filler_word_usage\": false, \"tension_curve_data\": true, \"behavioral_analysis\": true, \"overall_suggestions\": true, \"question_analysis_data\": false}','[\"前端\", \"社招\", \"面试技巧\", \"自我介绍\"]','https://echo-interview.oss-cn-guangzhou.aliyuncs.com/interview/channel/aebb32cd-ddc5-45d9-aee2-9cde662294f0.jpg','2025-07-20 07:00:00','2025-07-21 04:51:39'),(25,2,'1-101-1752994272522','后端高工面经，专业知识过关但技能匹配度不足','概述\nAI报告显示我的专业知识和逻辑思维都不错，但技能匹配度不高。\n\n总结\n这提醒我，即使理论知识很强，也需要有与之匹配的项目经验。面试官不仅想知道“你知道什么”，更想知道“你用它做过什么”。我的项目经验和岗位要求的技术栈不太匹配，这是硬伤。','PUBLIC',0,'PUBLISHED',0,1900,4,5,4,'{\"radar_data\": false, \"overall_summary\": false, \"recommendations\": true, \"filler_word_usage\": true, \"tension_curve_data\": false, \"behavioral_analysis\": true, \"overall_suggestions\": false, \"question_analysis_data\": true}','[\"后端\", \"社招\", \"面试经验\", \"项目经验\"]','https://echo-interview.oss-cn-guangzhou.aliyuncs.com/interview/user/aed9724d-fd35-44d5-8d51-19a3833fcde1.png','2025-07-20 08:00:00','2025-07-21 04:51:39');
/*!40000 ALTER TABLE `experience_posts` ENABLE KEYS */;
UNLOCK TABLES;

--
-- Table structure for table `interview_analysis_chunk`
--

DROP TABLE IF EXISTS `interview_analysis_chunk`;
/*!40101 SET @saved_cs_client     = @@character_set_client */;
/*!50503 SET character_set_client = utf8mb4 */;
CREATE TABLE `interview_analysis_chunk` (
  `id` varchar(255) COLLATE utf8mb4_general_ci NOT NULL COMMENT '主键ID',
  `session_id` varchar(255) COLLATE utf8mb4_general_ci NOT NULL COMMENT '所属面试会话ID，关联 interview_sessions.id',
  `dialogue_id` varchar(255) COLLATE utf8mb4_general_ci DEFAULT NULL COMMENT '关联的对话记录ID，用于标明此时属于哪一轮问答[后续根据时间逻辑自己添加]',
  `start_time_seconds` int unsigned DEFAULT NULL COMMENT '该分析片段在面试中的开始时间（秒）[后续根据session的时间和这个的时间去填充】',
  `end_time_seconds` int unsigned DEFAULT NULL COMMENT '该分析片段在面试中的结束时间（秒）[同start_time】',
  `python_analysis_report` json DEFAULT NULL COMMENT 'Python服务返回的该时间段的完整JSON报告',
  `iflytek_expression_report` json DEFAULT NULL COMMENT '讯飞API返回的表情分析结果JSON报告',
  `ai_feedback_report` json DEFAULT NULL COMMENT '经由ai生成的完整反馈JSON报告',
  `created_at` timestamp NOT NULL DEFAULT CURRENT_TIMESTAMP COMMENT '记录创建时间',
  `updated_at` timestamp NOT NULL DEFAULT CURRENT_TIMESTAMP ON UPDATE CURRENT_TIMESTAMP COMMENT '记录更新时间',
  PRIMARY KEY (`id`),
  KEY `idx_dialogue_id` (`dialogue_id`),
  KEY `idx_session_id_start_time` (`session_id`,`start_time_seconds`)
) ENGINE=InnoDB DEFAULT CHARSET=utf8mb4 COLLATE=utf8mb4_general_ci COMMENT='存储面试过程中每30秒一次的详细行为分析数据块';
/*!40101 SET character_set_client = @saved_cs_client */;

--
-- Dumping data for table `interview_analysis_chunk`
--

LOCK TABLES `interview_analysis_chunk` WRITE;
/*!40000 ALTER TABLE `interview_analysis_chunk` DISABLE KEYS */;
INSERT INTO `interview_analysis_chunk` VALUES ('1-10-1752084000000-300-opq','1-10-1752084000000','225',290,320,'{\"head_pose\": {\"yaw_mean\": 4.1, \"roll_mean\": 0.6, \"pitch_mean\": -3.2}, \"expression\": {\"mouth_smile_mean\": 0.1}, \"total_blinks\": 10, \"attention_mean\": 0.82, \"nervousness_analysis\": {\"level\": \"状态放松\", \"score_contribution\": 0}}','{\"表情\": \"思考\"}','{\"status\": \"NEUTRAL\", \"summary\": \"回答职业规划问题时，略显迷茫。\", \"detailedAnalysis\": \"虽然候选人状态放松，但回答内容空泛，表明其对未来规划缺乏深入思考。\"}','2025-07-20 18:35:03','2025-07-20 18:35:03'),('1-10-1752136800000-180-yza','1-10-1752136800000','209',170,200,'{\"head_pose\": {\"yaw_mean\": 3.5, \"roll_mean\": 0.5, \"pitch_mean\": -5.2, \"yaw_fluctuation\": 3.2}, \"expression\": {\"mouth_smile_mean\": 0.0}, \"total_blinks\": 12, \"attention_mean\": 0.85, \"nervousness_analysis\": {\"level\": \"轻度紧张\", \"score_contribution\": -2}}','{\"表情\": \"思考\"}','{\"status\": \"NEUTRAL\", \"summary\": \"编写代码时比较专注，略有紧张。\", \"detailedAnalysis\": \"候选人在编码环节表现出较高的专注度(0.85)，但略高的眨眼频率表明存在一定压力，属于正常范围。\"}','2025-07-20 18:35:03','2025-07-20 18:35:03'),('1-10-1752136800000-330-bcd','1-10-1752136800000','210',320,350,'{\"head_pose\": {\"yaw_mean\": 1.0, \"roll_mean\": -0.1, \"pitch_mean\": 2.1}, \"expression\": {\"mouth_smile_mean\": 0.1}, \"total_blinks\": 7, \"attention_mean\": 0.94, \"nervousness_analysis\": {\"level\": \"状态放松\", \"score_contribution\": 0}}','{\"表情\": \"平静\"}','{\"status\": \"POSITIVE\", \"summary\": \"回答理论问题时，自信心恢复。\", \"detailedAnalysis\": \"在回答复杂度问题时，候选人各项指标恢复到优秀水平，注意力高度集中(0.94)，表现出对理论知识的自信。\"}','2025-07-20 18:35:03','2025-07-20 18:35:03'),('1-10-1752482400000-310-tuv','1-10-1752482400000','216',300,330,'{\"head_pose\": {\"yaw_mean\": 15.1, \"roll_mean\": 3.3, \"pitch_mean\": -11.8, \"yaw_fluctuation\": 9.5}, \"expression\": {\"mouth_smile_mean\": 0.0}, \"total_blinks\": 20, \"attention_mean\": 0.48, \"nervousness_analysis\": {\"level\": \"高度紧张\", \"score_contribution\": -18}}','{\"表情\": \"紧张\"}','{\"status\": \"NEGATIVE\", \"summary\": \"多对一压力下，候选人极度紧张。\", \"detailedAnalysis\": \"候选人注意力涣散(0.48)，头部晃动和眨眼频率都远超正常范围，无法与面试官进行有效眼神交流，心理压力巨大。\"}','2025-07-20 18:35:03','2025-07-20 18:35:03'),('1-10-1753000800000-720-fgh','1-10-1753000800000','222',710,740,'{\"head_pose\": {\"yaw_mean\": 7.8, \"roll_mean\": 1.1, \"pitch_mean\": -6.1}, \"expression\": {\"mouth_smile_mean\": 0.0}, \"total_blinks\": 13, \"attention_mean\": 0.72, \"nervousness_analysis\": {\"level\": \"轻度紧张\", \"score_contribution\": -4}}','{\"表情\": \"思考\"}','{\"status\": \"NEUTRAL\", \"summary\": \"面对深入概念时，表现出不确定。\", \"detailedAnalysis\": \"在被问到SCD时，候选人出现明显思考和不确定性，注意力下降，表明知识掌握存在盲区。\"}','2025-07-20 18:35:03','2025-07-20 18:35:03'),('1-8-1751877600000-15-abc','1-8-1751877600000','201',0,30,'{\"head_pose\": {\"yaw_mean\": 1.2, \"roll_mean\": -0.5, \"pitch_mean\": 5.5}, \"expression\": {\"mouth_smile_mean\": 0.4}, \"total_blinks\": 7, \"attention_mean\": 0.92, \"nervousness_analysis\": {\"level\": \"状态放松\", \"score_contribution\": 0}}','{\"表情\": \"喜悦\"}','{\"status\": \"POSITIVE\", \"summary\": \"候选人开场自信，状态放松。\", \"detailedAnalysis\": \"候选人注意力高度集中(0.92)，头部姿态稳定，面带微笑，眨眼频率正常，展现出非常自信和专业的姿态。\"}','2025-07-20 18:35:03','2025-07-20 18:35:03'),('1-8-1751877600000-160-def','1-8-1751877600000','202',150,180,'{\"head_pose\": {\"yaw_mean\": 0.8, \"roll_mean\": -0.2, \"pitch_mean\": 6.1}, \"expression\": {\"mouth_smile_mean\": 0.2}, \"total_blinks\": 6, \"attention_mean\": 0.95, \"nervousness_analysis\": {\"level\": \"状态放松\", \"score_contribution\": 0}}','{\"表情\": \"平静\"}','{\"status\": \"POSITIVE\", \"summary\": \"回答技术问题时，逻辑清晰，专注度极高。\", \"detailedAnalysis\": \"在阐述复杂技术问题时，候选人注意力分数达到0.95，眼神坚定，无小动作，表明其对所讲内容非常熟悉和自信。\"}','2025-07-20 18:35:03','2025-07-20 18:35:03'),('1-8-1751877600000-295-ghi','1-8-1751877600000','203',285,315,'{\"head_pose\": {\"yaw_mean\": 1.5, \"roll_mean\": -0.6, \"pitch_mean\": 5.8}, \"expression\": {\"mouth_smile_mean\": 0.3}, \"total_blinks\": 8, \"attention_mean\": 0.93, \"nervousness_analysis\": {\"level\": \"状态放松\", \"score_contribution\": 0}}','{\"表情\": \"平静\"}','{\"status\": \"POSITIVE\", \"summary\": \"全程表现稳定，专业素养很高。\", \"detailedAnalysis\": \"面试全程，候选人的各项生理指标均表现稳定，注意力始终保持在0.9以上，展现了极佳的心理素质和专业能力。\"}','2025-07-20 18:35:03','2025-07-20 18:35:03'),('1-8-1751888800000-300-ijk','1-8-1751888800000','223',290,320,'{\"head_pose\": {\"yaw_mean\": 5.5, \"roll_mean\": 0.8, \"pitch_mean\": -4.8}, \"expression\": {\"mouth_smile_mean\": 0.0}, \"total_blinks\": 12, \"attention_mean\": 0.78, \"nervousness_analysis\": {\"level\": \"轻度紧张\", \"score_contribution\": -2}}','{\"表情\": \"思考\"}','{\"status\": \"NEUTRAL\", \"summary\": \"C++核心概念回答不够自信。\", \"detailedAnalysis\": \"候选人对野指针的回答略显犹豫，注意力不够集中，表明其对内存管理部分的理解可能不够深入。\"}','2025-07-20 18:35:03','2025-07-20 18:35:03'),('1-8-1752050400000-230-vwx','1-8-1752050400000','208',220,250,'{\"head_pose\": {\"yaw_mean\": 18.2, \"roll_mean\": -1.8, \"pitch_mean\": -15.4, \"yaw_fluctuation\": 10.2}, \"expression\": {\"mouth_smile_mean\": 0.0}, \"total_blinks\": 22, \"attention_mean\": 0.38, \"nervousness_analysis\": {\"level\": \"高度紧张\", \"score_contribution\": -20}}','{\"表情\": \"困惑\"}','{\"status\": \"NEGATIVE\", \"summary\": \"分析产品时，完全回避眼神交流，状态糟糕。\", \"detailedAnalysis\": \"在回答核心的产品分析题时，候选人的注意力分数进一步下降至0.38，几乎没有有效的眼神接触，生理指标反映出其内心非常慌乱，且对问题毫无准备。\"}','2025-07-20 18:35:03','2025-07-20 18:35:03'),('1-8-1752050400000-70-stu','1-8-1752050400000','207',60,90,'{\"head_pose\": {\"yaw_mean\": -15.8, \"roll_mean\": 2.1, \"pitch_mean\": -12.1, \"yaw_fluctuation\": 8.9}, \"expression\": {\"mouth_smile_mean\": 0.0}, \"total_blinks\": 18, \"attention_mean\": 0.45, \"nervousness_analysis\": {\"level\": \"高度紧张\", \"score_contribution\": -15}}','{\"表情\": \"紧张\"}','{\"status\": \"NEGATIVE\", \"summary\": \"回答动机问题时，眼神躲闪，非常紧张。\", \"detailedAnalysis\": \"候选人注意力分数极低(0.45)，视线长时间偏离摄像头，头部晃动剧烈，眨眼频率高，是典型的高度紧张和不自信的表现。\"}','2025-07-20 18:35:03','2025-07-20 18:35:03'),('1-8-1752170400000-300-rst','1-8-1752170400000','226',290,320,'{\"head_pose\": {\"yaw_mean\": 2.8, \"roll_mean\": -0.7, \"pitch_mean\": 4.1}, \"expression\": {\"mouth_smile_mean\": 0.4}, \"total_blinks\": 8, \"attention_mean\": 0.9, \"nervousness_analysis\": {\"level\": \"状态放松\", \"score_contribution\": 0}}','{\"表情\": \"喜悦\"}','{\"status\": \"POSITIVE\", \"summary\": \"谈及熟悉的产品时，表现出兴趣和自信。\", \"detailedAnalysis\": \"候选人在讨论熟悉的产品时，情绪积极，表达流畅，展现了作为用户的热情和一定的思考。\"}','2025-07-20 18:35:03','2025-07-20 18:35:03'),('1-8-1752309600000-135-hij','1-8-1752309600000','212',120,150,'{\"head_pose\": {\"yaw_mean\": 3.1, \"roll_mean\": -0.1, \"pitch_mean\": 4.5}, \"expression\": {\"mouth_smile_mean\": 0.1}, \"total_blinks\": 9, \"attention_mean\": 0.89, \"nervousness_analysis\": {\"level\": \"状态放松\", \"score_contribution\": 0}}','{\"表情\": \"平静\"}','{\"status\": \"POSITIVE\", \"summary\": \"回答TCP问题时表现稳定。\", \"detailedAnalysis\": \"候选人专注度良好，能够清晰阐述基础知识。\"}','2025-07-20 18:35:03','2025-07-20 18:35:03'),('1-8-1752309600000-340-klm','1-8-1752309600000','213',330,360,'{\"head_pose\": {\"yaw_mean\": 4.2, \"roll_mean\": 0.4, \"pitch_mean\": -3.1, \"yaw_fluctuation\": 2.5}, \"expression\": {\"mouth_smile_mean\": 0.0}, \"total_blinks\": 11, \"attention_mean\": 0.85, \"nervousness_analysis\": {\"level\": \"轻度紧张\", \"score_contribution\": -1}}','{\"表情\": \"思考\"}','{\"status\": \"NEUTRAL\", \"summary\": \"回答并发问题时略有思考停顿。\", \"detailedAnalysis\": \"候选人在回答并发问题时，出现了短暂的视线下移和思考，表明对该知识点的掌握不如前者熟练，但总体仍在正常范围内。\"}','2025-07-20 18:35:03','2025-07-20 18:35:03'),('1-8-1752568800000-300-wxy','1-8-1752568800000','218',290,320,'{\"head_pose\": {\"yaw_mean\": 1.1, \"roll_mean\": -0.4, \"pitch_mean\": 3.8}, \"expression\": {\"mouth_smile_mean\": 0.2}, \"total_blinks\": 8, \"attention_mean\": 0.94, \"nervousness_analysis\": {\"level\": \"状态放松\", \"score_contribution\": 0}}','{\"表情\": \"平静\"}','{\"status\": \"POSITIVE\", \"summary\": \"回答前端核心原理，自信且专业。\", \"detailedAnalysis\": \"候选人对Vue原理的阐述非常流利，全程注意力高度集中(0.94)，表现出极强的专业自信。\"}','2025-07-20 18:35:03','2025-07-20 18:35:03'),('1-8-1752828000000-180-zab','1-8-1752828000000','219',170,200,'{\"head_pose\": {\"yaw_mean\": 0.9, \"roll_mean\": -0.6, \"pitch_mean\": 4.2}, \"expression\": {\"mouth_smile_mean\": 0.1}, \"total_blinks\": 7, \"attention_mean\": 0.93, \"nervousness_analysis\": {\"level\": \"状态放松\", \"score_contribution\": 0}}','{\"表情\": \"平静\"}','{\"status\": \"POSITIVE\", \"summary\": \"回答操作系统基础问题，非常自信。\", \"detailedAnalysis\": \"候选人对这类基础知识非常熟悉，回答流利，注意力集中，表现出良好的学业功底。\"}','2025-07-20 18:35:03','2025-07-20 18:35:03'),('1-9-1751964000000-130-mno','1-9-1751964000000','205',120,150,'{\"head_pose\": {\"yaw_mean\": 2.1, \"roll_mean\": -0.8, \"pitch_mean\": 4.0}, \"expression\": {\"mouth_smile_mean\": 0.1}, \"total_blinks\": 9, \"attention_mean\": 0.88, \"nervousness_analysis\": {\"level\": \"状态放松\", \"score_contribution\": 0}}','{\"表情\": \"平静\"}','{\"status\": \"POSITIVE\", \"summary\": \"回答基础问题时，状态有所好转。\", \"detailedAnalysis\": \"在回答熟悉的CSS问题时，候选人注意力明显提升(0.88)，紧张度下降，表明其在该知识点上比较自信。\"}','2025-07-20 18:35:03','2025-07-20 18:35:03'),('1-9-1751964000000-270-pqr','1-9-1751964000000','206',260,290,'{\"head_pose\": {\"yaw_mean\": 6.3, \"roll_mean\": 0.9, \"pitch_mean\": -8.5, \"yaw_fluctuation\": 4.8}, \"expression\": {\"mouth_smile_mean\": 0.0}, \"total_blinks\": 13, \"attention_mean\": 0.71, \"nervousness_analysis\": {\"level\": \"轻度紧张\", \"score_contribution\": -3}}','{\"表情\": \"思考\"}','{\"status\": \"NEUTRAL\", \"summary\": \"面对深入问题，再次出现紧张情绪。\", \"detailedAnalysis\": \"在被问到闭包时，候选人注意力下降(0.71)，头部再次出现小范围晃动和视线下移，表明其对该问题理解不深，自信心不足。\"}','2025-07-20 18:35:03','2025-07-20 18:35:03'),('1-9-1751964000000-35-jkl','1-9-1751964000000','204',20,50,'{\"head_pose\": {\"yaw_mean\": 8.5, \"roll_mean\": 1.5, \"pitch_mean\": -10.2, \"yaw_fluctuation\": 5.2}, \"expression\": {\"mouth_smile_mean\": 0.05}, \"total_blinks\": 15, \"attention_mean\": 0.65, \"nervousness_analysis\": {\"level\": \"轻度紧张\", \"score_contribution\": -5}}','{\"表情\": \"紧张\"}','{\"status\": \"NEUTRAL\", \"summary\": \"开场略显紧张，自信心不足。\", \"detailedAnalysis\": \"候选人开场时注意力分数偏低(0.65)，头部晃动幅度较大，眨眼频率偏高，表明存在一定的紧张情绪，需要尽快调整状态。\"}','2025-07-20 18:35:03','2025-07-20 18:35:03'),('1-9-1751988000000-120-lmn','1-9-1751988000000','224',110,140,'{\"head_pose\": {\"yaw_mean\": 0.5, \"roll_mean\": -0.1, \"pitch_mean\": 2.8}, \"expression\": {\"mouth_smile_mean\": 0.2}, \"total_blinks\": 6, \"attention_mean\": 0.96, \"nervousness_analysis\": {\"level\": \"状态放松\", \"score_contribution\": 0}}','{\"表情\": \"平静\"}','{\"status\": \"POSITIVE\", \"summary\": \"快问快答反应极快，基础知识非常牢固。\", \"detailedAnalysis\": \"候选人几乎没有思考就给出了准确答案，注意力高度集中，展现了扎实的基本功。\"}','2025-07-20 18:35:03','2025-07-20 18:35:03'),('1-9-1752223200000-120-efg','1-9-1752223200000','211',110,140,'{\"head_pose\": {\"yaw_mean\": 2.2, \"roll_mean\": -0.3, \"pitch_mean\": 3.1}, \"expression\": {\"mouth_smile_mean\": 0.3}, \"total_blinks\": 8, \"attention_mean\": 0.91, \"nervousness_analysis\": {\"level\": \"状态放松\", \"score_contribution\": 0}}','{\"表情\": \"平静\"}','{\"status\": \"POSITIVE\", \"summary\": \"回答通用问题，从容自信。\", \"detailedAnalysis\": \"候选人在回答该问题时，表现从容，注意力集中，展现了良好的沟通能力和心理素质。\"}','2025-07-20 18:35:03','2025-07-20 18:35:03'),('1-9-1752256800000-600-uvw','1-9-1752256800000','227',590,620,'{\"head_pose\": {\"yaw_mean\": 10.1, \"roll_mean\": 2.0, \"pitch_mean\": -8.8}, \"expression\": {\"mouth_smile_mean\": 0.0}, \"total_blinks\": 15, \"attention_mean\": 0.68, \"nervousness_analysis\": {\"level\": \"轻度紧张\", \"score_contribution\": -6}}','{\"表情\": \"思考\"}','{\"status\": \"NEUTRAL\", \"summary\": \"回答产品方法论问题时，缺乏思路。\", \"detailedAnalysis\": \"面对抽象的方法论问题，候选人表现出明显的思考停顿和不确定性，眼神游离，回答内容也反映出其知识体系的欠缺。\"}','2025-07-20 18:35:03','2025-07-20 18:35:03'),('1-9-1752396000000-495-nop','1-9-1752396000000','214',480,510,'{\"head_pose\": {\"yaw_mean\": -12.1, \"roll_mean\": -2.3, \"pitch_mean\": -9.8}, \"expression\": {\"mouth_smile_mean\": 0.0}, \"total_blinks\": 16, \"attention_mean\": 0.55, \"nervousness_analysis\": {\"level\": \"高度紧张\", \"score_contribution\": -12}}','{\"表情\": \"紧张\"}','{\"status\": \"NEGATIVE\", \"summary\": \"群面中表现被动，紧张情绪明显。\", \"detailedAnalysis\": \"候选人在长时间的沉默后发言，注意力分数低，视线回避，表明其在群体环境中非常紧张，不善于表达。\"}','2025-07-20 18:35:03','2025-07-20 18:35:03'),('1-9-1752396000000-760-qrs','1-9-1752396000000','215',750,780,'{\"head_pose\": {\"yaw_mean\": -10.5, \"roll_mean\": -1.9, \"pitch_mean\": -8.1}, \"expression\": {\"mouth_smile_mean\": 0.0}, \"total_blinks\": 14, \"attention_mean\": 0.62, \"nervousness_analysis\": {\"level\": \"轻度紧张\", \"score_contribution\": -8}}','{\"表情\": \"思考\"}','{\"status\": \"NEUTRAL\", \"summary\": \"被追问时，状态稍有恢复但仍不自信。\", \"detailedAnalysis\": \"一对一追问时，候选人紧张程度有所下降，但注意力仍未完全集中，回答内容也反映出思考不足。\"}','2025-07-20 18:35:03','2025-07-20 18:35:03'),('1-9-1752914400000-240-cde','1-9-1752914400000','220',230,260,'{\"head_pose\": {\"yaw_mean\": 2.5, \"roll_mean\": -0.2, \"pitch_mean\": 3.9}, \"expression\": {\"mouth_smile_mean\": 0.2}, \"total_blinks\": 9, \"attention_mean\": 0.9, \"nervousness_analysis\": {\"level\": \"状态放松\", \"score_contribution\": 0}}','{\"表情\": \"平静\"}','{\"status\": \"POSITIVE\", \"summary\": \"Java基础问题回答流利。\", \"detailedAnalysis\": \"候选人对Java基础掌握较好，回答问题时自信、专注。\"}','2025-07-20 18:35:03','2025-07-20 18:35:03');
/*!40000 ALTER TABLE `interview_analysis_chunk` ENABLE KEYS */;
UNLOCK TABLES;

--
-- Table structure for table `interview_channels`
--

DROP TABLE IF EXISTS `interview_channels`;
/*!40101 SET @saved_cs_client     = @@character_set_client */;
/*!50503 SET character_set_client = utf8mb4 */;
CREATE TABLE `interview_channels` (
  `id` bigint unsigned NOT NULL AUTO_INCREMENT COMMENT '频道唯一ID',
  `creator_id` bigint unsigned DEFAULT NULL COMMENT '创建者ID（NULL表示为官方公开频道）',
  `title` varchar(100) CHARACTER SET utf8mb4 COLLATE utf8mb4_unicode_ci NOT NULL COMMENT '频道标题',
  `description` text CHARACTER SET utf8mb4 COLLATE utf8mb4_unicode_ci COMMENT '频道描述',
  `major` varchar(100) CHARACTER SET utf8mb4 COLLATE utf8mb4_unicode_ci DEFAULT NULL COMMENT '专业方向',
  `job_type` varchar(20) CHARACTER SET utf8mb4 COLLATE utf8mb4_unicode_ci NOT NULL DEFAULT '不限' COMMENT '工作类型(''校招'',''社招'',''实习'',''兼职'',''不限'')',
  `target_position` varchar(100) CHARACTER SET utf8mb4 COLLATE utf8mb4_unicode_ci DEFAULT NULL COMMENT '应聘岗位(如后端）',
  `interviewer_style` varchar(20) CHARACTER SET utf8mb4 COLLATE utf8mb4_unicode_ci NOT NULL DEFAULT '随机' COMMENT '面试官风格(''温和'',''严肃'',''技术型'',''压力面'',''行为面'',''随机'',''自定义'')',
  `target_company` varchar(100) CHARACTER SET utf8mb4 COLLATE utf8mb4_unicode_ci DEFAULT NULL COMMENT '应聘公司',
  `interview_mode` varchar(20) CHARACTER SET utf8mb4 COLLATE utf8mb4_unicode_ci NOT NULL DEFAULT '一对一' COMMENT '面试形式(''一对一'', ''群面'', ''多对一'')',
  `estimated_duration` int DEFAULT NULL COMMENT '预计面试时长（分钟）',
  `visibility` varchar(20) CHARACTER SET utf8mb4 COLLATE utf8mb4_unicode_ci NOT NULL DEFAULT '私有' COMMENT '可见性(''公开'',''审核中‘, ''私有'',''已拒绝'')-用户创建频道时为私有，选择公开则通过管理员审核，审核完为公开状态',
  `is_deleted` tinyint(1) NOT NULL DEFAULT '0' COMMENT '是否被删除（软删除）',
  `created_at` timestamp NOT NULL DEFAULT CURRENT_TIMESTAMP COMMENT '创建时间',
  `image_url` varchar(255) CHARACTER SET utf8mb4 COLLATE utf8mb4_unicode_ci DEFAULT NULL COMMENT '频道封面URL',
  `updated_at` timestamp NOT NULL DEFAULT CURRENT_TIMESTAMP ON UPDATE CURRENT_TIMESTAMP COMMENT '更新时间',
  `usage_count` int DEFAULT '0' COMMENT '频道使用次数-表示受欢迎程度，可以根据这个排序',
  PRIMARY KEY (`id`),
  KEY `idx_creator_id` (`creator_id`)
) ENGINE=InnoDB AUTO_INCREMENT=22 DEFAULT CHARSET=utf8mb4 COLLATE=utf8mb4_unicode_ci COMMENT='存储面试的配置模板，即“频道”';
/*!40101 SET character_set_client = @saved_cs_client */;

--
-- Dumping data for table `interview_channels`
--

LOCK TABLES `interview_channels` WRITE;
/*!40000 ALTER TABLE `interview_channels` DISABLE KEYS */;
INSERT INTO `interview_channels` VALUES (1,NULL,'字节后端校招-技术型面试','官方频道，模拟字节跳动后端工程师校招流程，深入考察技术栈。','计算机科学与技术','校招','后端工程师','技术型','字节跳动','一对一',45,'公开',0,'2025-07-02 02:00:00','https://images.unsplash.com/photo-1517694712202-14dd9538aa97?auto=format&fit=crop&w=400&q=80','2025-07-21 04:54:07',2150),(2,1,'阿里社招-Java后端专家面','个人创建，模拟阿里巴巴社招P7级别后端专家面试，侧重分布式系统设计。','软件工程','社招','后端工程师','综合','阿里巴巴','一对一',60,'私有',0,'2025-07-03 03:30:00','https://echo-interview.oss-cn-guangzhou.aliyuncs.com/interview/user/38dcd419-29a9-4c01-9ce4-60a0318169b8.jpg','2025-07-21 04:54:07',320),(3,NULL,'腾讯前端实习生-温和面试','官方频道，面向在校生，提供腾讯前端实习面试模拟，面试官风格温和。','不限','实习','前端工程师','温和','腾讯','一对一',30,'公开',0,'2025-07-05 06:00:00','https://echo-interview.oss-cn-guangzhou.aliyuncs.com/interview/channel/094010d6-2ab9-46b2-a03a-37cb3949fe7e.jpg','2025-07-21 04:54:07',3125),(4,1,'华为算法岗压力面试','个人创建，挑战华为算法工程师压力面试，考察临场反应和算法功底。','自动化','校招','算法工程师','压力面','华为','多对一',45,'私有',0,'2025-07-06 11:00:00','https://echo-interview.oss-cn-guangzhou.aliyuncs.com/interview/user/4732e366-0808-4832-ba3e-70d1af574fac.jpg','2025-07-21 04:54:07',560),(5,NULL,'美团产品经理-行为面试','官方频道，专门为应聘美团产品经理的同学准备，聚焦行为面试问题。','不限','不限','产品经理','行为面','美团','一对一',45,'公开',0,'2025-07-07 01:45:00','https://echo-interview.oss-cn-guangzhou.aliyuncs.com/interview/user/72bb223a-2542-4e62-ba08-92addb50641f.jpg','2025-07-21 04:54:07',1890),(6,1,'数据分析师(兼职)面试练习','为寻找数据分析师兼职工作的同学准备，随机公司，随机风格。','通信工程','兼职','数据分析师','随机','不限','随机',30,'私有',0,'2025-07-08 08:00:00','https://images.unsplash.com/photo-1461749280684-dccba630e2f6?auto=format&fit=crop&w=400&q=80','2025-07-21 04:54:07',100),(7,NULL,'后端社招综合-群面挑战','官方频道，模拟大型互联网公司后端岗位群面，考察技术与协作。','软件工程','社招','后端工程师','综合','不限','群面',60,'公开',0,'2025-07-10 12:00:00','https://echo-interview.oss-cn-guangzhou.aliyuncs.com/interview/user/258014f2-a6c0-4102-bc1d-6018a50dd3e2.jpg','2025-07-21 04:54:07',880),(8,1,'15分钟快速摸底-前端','个人创建的15分钟快速面试，用于快速检测前端知识盲点。','电子信息工程','校招','前端工程师','严肃','字节跳动','一对一',15,'私有',0,'2025-07-11 04:00:00','https://echo-interview.oss-cn-guangzhou.aliyuncs.com/interview/channel/0561c710-9daf-4e39-a55f-947ddb476cd1.jpg','2025-07-21 04:54:07',410),(9,NULL,'阿里巴巴-数据分析师-校招','官方频道，针对阿里巴巴数据分析师校招岗位，全面考察SQL与业务理解。','计算机科学与技术','校招','数据分析师','技术型','阿里巴巴','一对一',45,'公开',0,'2025-07-12 07:00:00','https://echo-interview.oss-cn-guangzhou.aliyuncs.com/interview/user/78ed80ce-b3ac-4bd4-be18-8a33bfb0aa89.jpg','2025-07-21 04:54:07',1430),(10,1,'腾讯产品实习-群面模拟','个人创建，模拟腾讯产品实习生群面，锻炼无领导小组讨论能力。','不限','实习','产品经理','综合','腾讯','群面',60,'私有',0,'2025-07-13 11:30:00','https://echo-interview.oss-cn-guangzhou.aliyuncs.com/interview/user/6ee5ef5f-107a-483b-9f01-4a5b3e462135.jpg','2025-07-21 04:54:07',255),(11,NULL,'华为-后端社招-多对一','官方频道，模拟华为后端社招终面，形式为多对一，压力较大。','通信工程','社招','后端工程师','严肃','华为','多对一',45,'公开',0,'2025-07-15 03:00:00','https://echo-interview.oss-cn-guangzhou.aliyuncs.com/interview/channel/5b6b75a4-a113-4b58-baeb-28bc011c1ef1.jpg','2025-07-21 04:54:07',970),(12,1,'美团-外卖算法-实习','个人练习，针对美团外卖业务的算法实习岗位。','计算机科学与技术','实习','算法工程师','技术型','美团','一对一',45,'私有',0,'2025-07-16 05:20:00','https://echo-interview.oss-cn-guangzhou.aliyuncs.com/interview/user/86f502ff-dde4-4385-83ef-989fbd470cfa.png','2025-07-21 04:54:07',180),(13,NULL,'通用后端技能-随机面试','官方综合频道，随机考察后端通用技能，适合查漏补缺。','软件工程','不限','后端工程师','随机','不限','随机',30,'公开',0,'2025-07-17 10:00:00','https://images.unsplash.com/photo-1517694712202-14dd9538aa97?auto=format&fit=crop&w=400&q=80','2025-07-21 04:54:07',4500),(14,1,'字节前端社招-30分钟','个人整理，模拟字节社招前端一面，时长30分钟，快节奏。','不限','社招','前端工程师','技术型','字节跳动','一对一',30,'私有',0,'2025-07-18 02:45:00','https://echo-interview.oss-cn-guangzhou.aliyuncs.com/interview/channel/094010d6-2ab9-46b2-a03a-37cb3949fe7e.jpg','2025-07-21 04:54:07',388),(15,NULL,'产品经理校招-综合能力','官方频道，面向所有想成为产品经理的应届生，综合考察各项软硬实力。','不限','校招','产品经理','综合','不限','一对一',45,'公开',0,'2025-07-19 08:00:00','https://echo-interview.oss-cn-guangzhou.aliyuncs.com/interview/user/72bb223a-2542-4e62-ba08-92addb50641f.jpg','2025-07-21 04:54:07',2300),(16,1,'算法岗-LeetCode专项','个人刷题，主要针对面试中的Code-Live环节。','计算机科学与技术','不限','算法工程师','技术型','不限','一对一',60,'私有',0,'2025-07-20 01:00:00','https://images.unsplash.com/photo-1461749280684-dccba630e2f6?auto=format&fit=crop&w=400&q=80','2025-07-21 04:54:07',712),(17,NULL,'腾讯-后台开发-实习','官方频道，腾讯后台开发实习岗面试模拟，覆盖计网、OS、数据结构。','计算机科学与技术','实习','后端工程师','技术型','腾讯','一对一',45,'公开',0,'2025-07-04 09:00:00','https://echo-interview.oss-cn-guangzhou.aliyuncs.com/interview/user/258014f2-a6c0-4102-bc1d-6018a50dd3e2.jpg','2025-07-21 04:54:07',1678),(18,1,'阿里-Java开发-实习','个人练习，针对阿里巴巴Java开发实习生岗位。','软件工程','实习','后端工程师','温和','阿里巴巴','一对一',30,'私有',0,'2025-07-08 06:00:00','https://echo-interview.oss-cn-guangzhou.aliyuncs.com/interview/user/78ed80ce-b3ac-4bd4-be18-8a33bfb0aa89.jpg','2025-07-21 04:54:07',126),(19,NULL,'美团-数据开发-社招','官方频道，针对美团数据开发工程师的社招面试。','计算机科学与技术','社招','数据分析师','技术型','美团','一对一',45,'公开',0,'2025-07-11 08:30:00','https://echo-interview.oss-cn-guangzhou.aliyuncs.com/interview/channel/5b6b75a4-a113-4b58-baeb-28bc011c1ef1.jpg','2025-07-21 04:54:07',842),(20,1,'华为-C++软件开发-校招','个人练习，主要针对华为C++软件开发岗位的校招面试。','软件工程','校招','后端工程师','严肃','华为','一对一',45,'私有',0,'2025-07-14 10:00:00','https://echo-interview.oss-cn-guangzhou.aliyuncs.com/interview/user/86f502ff-dde4-4385-83ef-989fbd470cfa.png','2025-07-21 04:54:07',81),(21,NULL,'前端基础-15分钟快问快答','官方频道，适合所有前端岗位，15分钟快速考察HTML/CSS/JS基础。','不限','不限','前端工程师','随机','不限','一对一',15,'公开',0,'2025-07-18 05:00:00','https://echo-interview.oss-cn-guangzhou.aliyuncs.com/interview/user/4732e366-0808-4832-ba3e-70d1af574fac.jpg','2025-07-21 04:54:07',1982);
/*!40000 ALTER TABLE `interview_channels` ENABLE KEYS */;
UNLOCK TABLES;

--
-- Table structure for table `interview_dialogue`
--

DROP TABLE IF EXISTS `interview_dialogue`;
/*!40101 SET @saved_cs_client     = @@character_set_client */;
/*!50503 SET character_set_client = utf8mb4 */;
CREATE TABLE `interview_dialogue` (
  `id` bigint unsigned NOT NULL AUTO_INCREMENT COMMENT '对话记录ID',
  `session_id` varchar(255) COLLATE utf8mb4_unicode_ci NOT NULL COMMENT '所属面试会话ID',
  `sequence` int unsigned NOT NULL COMMENT '对话顺序（如1、2、3）',
  `ai_message` text CHARACTER SET utf8mb4 COLLATE utf8mb4_unicode_ci COMMENT 'ai提问的问题或回答（因为用户可能会问面试官问题）',
  `user_message` text CHARACTER SET utf8mb4 COLLATE utf8mb4_unicode_ci COMMENT '用户回答的内容或提问的问题',
  `timestamp` datetime(3) NOT NULL COMMENT '消息时间戳（精确到毫秒）',
  `turn_analysis` text CHARACTER SET utf8mb4 COLLATE utf8mb4_unicode_ci COMMENT '该轮对话的分析(如：用户在回答这道题时，包含：1.眼神分析 2.情绪分析 3.回答与正确内容的分析【眼神飘忽不定,答案不尽人意....】)',
  `turn_score` int DEFAULT NULL COMMENT '改论对话的分数（0-100）',
  `turn_suggestion` text COLLATE utf8mb4_unicode_ci COMMENT '该论对话的建议',
  `created_at` timestamp NOT NULL DEFAULT CURRENT_TIMESTAMP COMMENT '创建时间',
  `updated_at` timestamp NOT NULL DEFAULT CURRENT_TIMESTAMP COMMENT '更新时间',
  PRIMARY KEY (`id`),
  KEY `idx_session_id` (`session_id`)
) ENGINE=InnoDB AUTO_INCREMENT=233 DEFAULT CHARSET=utf8mb4 COLLATE=utf8mb4_unicode_ci COMMENT='存储面试过程中的每一轮对话及初步分析';
/*!40101 SET character_set_client = @saved_cs_client */;

--
-- Dumping data for table `interview_dialogue`
--

LOCK TABLES `interview_dialogue` WRITE;
/*!40000 ALTER TABLE `interview_dialogue` DISABLE KEYS */;
INSERT INTO `interview_dialogue` VALUES (201,'1-8-1751877600000',1,'你好，请先用一分钟时间做个自我介绍，重点突出你的后端技术栈和项目经验。','面试官你好，我叫张三，有5年Java后端开发经验。我熟悉Spring Boot、MyBatis等主流框架，并主导过一个百万级用户的电商项目。项目中我负责了订单和支付模块，并使用Redis做了缓存优化，用Kafka处理异步消息，对高并发场景有一定的处理经验。','2025-07-08 11:20:15.123','自我介绍简洁有力，清晰地展示了技术栈和项目亮点，直接切入重点，给面试官留下了良好的第一印象。',95,'非常棒的开场，继续保持。','2025-07-08 03:20:15','2025-07-08 03:20:15'),(202,'1-8-1751877600000',2,'听起来很不错。你提到了Redis，能具体讲讲你在项目中是如何使用Redis的吗？遇到过缓存穿透或雪崩问题吗？如何解决的？','好的。在项目中，我主要用Redis做热点商品数据和用户Session的缓存。对于缓存穿透，我们对查询为空的结果也进行了短时间的缓存，并使用了布隆过滤器作为前置拦截。对于缓存雪崩，我们采用了Redis集群来保证高可用，并为缓存的key设置了随机的过期时间，避免在同一时间大量key失效。','2025-07-08 11:22:40.456','回答非常专业，不仅说明了应用场景，还针对性地提出了业界主流的解决方案，并能区分穿透和雪崩的不同对策，体现了扎实的理论和实践基础。',98,'回答堪称典范，对问题的理解和解决方案的阐述都非常到位。','2025-07-08 03:22:40','2025-07-08 03:22:40'),(203,'1-8-1751877600000',3,'很好。最后一个问题，Spring Boot的自动配置原理是什么？','Spring Boot的自动配置核心是`@SpringBootApplication`注解，它包含了`@EnableAutoConfiguration`。这个注解会利用SpringFactoriesLoader机制，从`spring-boot-autoconfigure.jar`包下的`META-INF/spring.factories`文件中加载所有的自动配置类。这些配置类通过`@Conditional`系列注解判断当前环境是否满足条件（比如classpath下是否存在某个类），如果满足，对应的Bean就会被自动注入到Spring容器中。','2025-07-08 11:24:55.789','对Spring Boot核心原理的理解非常深入，回答准确、条理清晰，能够说出关键类和实现机制，展现了优秀的源码阅读和理解能力。',96,'回答精准，对技术原理的掌握非常牢固。','2025-07-08 03:24:55','2025-07-08 03:24:55'),(204,'1-9-1751964000000',1,'同学你好，我们开始面试吧。请先简单介绍一下你自己和你的前端项目。','啊...面试官你好。我叫李四，是XX大学大三学生。我...我做过一个校园二手书交易网站，主要用了Vue和Element UI。嗯...就是这样。','2025-07-09 16:40:35.123','自我介绍过于简短，且带有不自信的口头禅（啊、嗯），未能有效突出自己的优势和项目亮点。',65,'自我介绍是面试的黄金一分钟，请提前准备好腹稿，自信、流畅地介绍自己的关键信息，如技术栈、项目职责和成果。','2025-07-09 08:40:35','2025-07-09 08:40:35'),(205,'1-9-1751964000000',2,'好的。我们来问个基础题，CSS的盒模型有哪两种？它们有什么区别？','有两种，标准盒模型和IE盒模型。它们的区别在于...嗯...在于width和height的计算方式不同。标准盒模型的width只包括content，而IE盒模型的width包括了content、padding和border。','2025-07-09 16:42:10.456','核心概念回答正确，能够区分两种盒模型在宽度计算上的差异，表明基础知识掌握。',85,'回答正确。可以补充一下如何通过`box-sizing`属性来切换这两种模型，会显得你理解更全面。','2025-07-09 08:42:10','2025-07-09 08:42:10'),(206,'1-9-1751964000000',3,'嗯，没错。那再问一个JS的问题，谈谈你对“闭包”的理解。','闭包就是一个函数可以访问另一个函数作用域里的变量。比如在一个函数A内部定义了另一个函数B，函数B就可以访问函数A里的变量。','2025-07-09 16:44:30.789','对闭包的理解停留在表面现象，未能深入解释其原理（函数词法环境的持有）、应用场景（如模块化、防抖节流）以及潜在的缺点（如内存泄漏风险）。',70,'理解基本正确，但不够深入。建议进一步学习闭包的原理、常见应用场景以及如何避免因滥用闭包导致的内存泄漏问题。','2025-07-09 08:44:30','2025-07-09 08:44:30'),(207,'1-8-1752050400000',1,'你好，请问你为什么想做一名产品经理？','因为我觉得产品经理很酷，可以创造东西，而且我喜欢和人打交道。','2025-07-10 16:41:10.123','回答过于表面化和感性，没有展现出对产品经理岗位职责、所需能力的深入思考和认知。',40,'这是一个经典问题，需要你从能力、兴趣、行业理解等多个角度，结构化地阐述你的动机。例如，可以结合你的某个特质（如逻辑分析能力、同理心）来说明你为何适合这个岗位。','2025-07-10 08:41:10','2025-07-10 08:41:10'),(208,'1-8-1752050400000',2,'好的。那请你分析一下你最常用的一个APP，你觉得它有什么优点和可以改进的地方？','我最常用微信。优点是...嗯...功能很全，大家都在用。可以改进的地方...我觉得...可以让主题更好看一点？','2025-07-10 16:43:50.456','回答非常失败。对优点的分析停留在众所周知的表层，对缺点的分析则是一个非常次要的个性化需求，完全没有展现出产品思维。眼神飘忽不定，缺乏自信。',30,'产品分析题需要展现你的结构化分析能力。可以尝试从“用户-场景-需求”模型入手，分析其核心功能、目标用户、商业模式等，并从用户体验、功能逻辑或商业价值等角度提出有深度的改进建议。','2025-07-10 08:43:50','2025-07-10 08:43:50'),(209,'1-10-1752136800000',1,'我们时间有限，直接开始。手写一下快速排序。','(用户开始编写代码) ... 好了，我写完了。','2025-07-11 17:03:00.123','在压力下，候选人虽然略有紧张，但还是完整且正确地写出了快速排序的核心逻辑。',88,'代码正确。在压力面试中，保持冷静和清晰的思路是关键。','2025-07-20 18:35:03','2025-07-20 18:35:03'),(210,'1-10-1752136800000',2,'你这个写法，最坏情况的时间复杂度是多少？什么情况下会发生？','最坏情况是O(n^2)。当数组已经有序或者逆序时，每次选择的基准值都是当前数组的最小值或最大值，导致分区极不均衡，递归树退化成链表。','2025-07-11 17:05:30.456','对算法复杂度的理解非常深刻，能够准确说出最坏情况及其触发条件，展现了扎实的理论基础。',95,'回答非常准确，可以补充一下如何通过随机选择基准值或三数取中法来优化，避免最坏情况的发生。','2025-07-20 18:35:03','2025-07-20 18:35:03'),(211,'1-9-1752223200000',1,'你好，请谈谈你最大的一个优点和缺点。','我的优点是学习能力强且有责任心，对于新技术能快速上手并应用到项目中。缺点是有时候会过于追求细节，可能会影响项目初期的推进速度，但我正在学习如何在效率和完美之间找到平衡。','2025-07-12 18:42:00.123','回答非常得体，优点结合了工作场景，缺点既坦诚又说明了正在改进，展现了较高的情商和自我认知。',90,'非常好的回答，真实且聪明地将缺点转化为一种对高质量的追求。','2025-07-20 18:35:03','2025-07-20 18:35:03'),(212,'1-8-1752309600000',1,'请谈谈你对TCP三次握手的理解。','第一次握手，客户端发送SYN包；第二次，服务器回复SYN+ACK；第三次，客户端发送ACK。这样连接就建立了。','2025-07-13 19:02:15.123','回答基本正确，但可以更详细地说明标志位和序列号的变化，以及为何需要三次握手。',85,'可以进一步说明三次握手在确认双方收发能力上的作用。','2025-07-20 18:35:03','2025-07-20 18:35:03'),(213,'1-8-1752309600000',2,'HashMap和ConcurrentHashMap有什么区别？','HashMap是线程不安全的，ConcurrentHashMap是线程安全的。ConcurrentHashMap在JDK1.7中使用分段锁，在1.8中使用CAS和synchronized来保证线程安全。','2025-07-13 19:05:40.456','回答正确，点出了核心区别和实现上的演进，但对1.8中为何使用synchronized而不是ReentrantLock的细节可以再深入。',88,'回答得很好，如果能解释清楚1.8中锁粒度以及为何放弃分段锁会更佳。','2025-07-20 18:35:03','2025-07-20 18:35:03'),(214,'1-9-1752396000000',1,'（群面问题）对于“是否应该禁止中小学生使用智能手机”这个议题，请各位在15分钟内讨论并得出一个统一结论。','（长时间沉默后）...我...我觉得可以限制使用时间，但完全禁止可能不太现实。','2025-07-14 20:08:15.123','在群面中发言过于被动，观点提出缺乏论据支撑，未能有效推动讨论。',65,'群面中需要更主动地表达观点，并用数据或逻辑来支撑。可以尝试承担计时员或总结者的角色来增加贡献。','2025-07-20 18:35:03','2025-07-20 18:35:03'),(215,'1-9-1752396000000',2,'（针对该用户的追问）那你认为限制使用时间的具体方案应该是什么样的？','嗯...就是...比如可以设置每天只能用一个小时，或者由家长来监督。','2025-07-14 20:12:40.456','回答缺乏深度和可操作性，没有考虑到不同年龄段、不同场景下的差异化需求，思考不够全面。',70,'在提出方案时，应考虑其可行性、成本和潜在问题。可以从技术、家庭、学校等多个层面提出一个更立体的解决方案。','2025-07-20 18:35:03','2025-07-20 18:35:03'),(216,'1-10-1752482400000',1,'你好，我们是来自三个不同部门的面试官。请问，对于一个高并发的抢购系统，你会从哪些方面进行设计？','呃...高并发...我会用...用缓存，比如Redis。然后...数据库要分库分表。可能...还需要消息队列来削峰。','2025-07-15 21:05:10.123','回答点出了几个关键技术，但缺乏体系和逻辑，语言组织混乱，在多对一的压力下显得非常紧张。',60,'面对复杂系统设计问题，建议使用STAR原则或4S法则进行结构化阐述。先总览，后分点，从前端到后端，从数据层到应用层，系统性地介绍你的设计思路。','2025-07-20 18:35:03','2025-07-20 18:35:03'),(217,'1-10-1752482400000',2,'你提到的消息队列，具体用它做什么？','就是...当请求太多的时候，先把请求放到队列里，然后后端慢慢消费，防止数据库被打垮。','2025-07-15 21:10:20.456','理解了消息队列的核心作用“削峰填谷”，但回答过于口语化，可以更专业地阐述其在异步处理、应用解耦方面的作用。',70,'回答正确。可以补充说明消息队列如何实现应用解耦，以及在使用时需要注意的幂等性、消息丢失等问题。','2025-07-20 18:35:03','2025-07-20 18:35:03'),(218,'1-8-1752568800000',1,'请谈谈Vue的响应式原理。','Vue的响应式是通过数据劫持结合发布者-订阅者模式实现的。在Vue 2中，它使用`Object.defineProperty()`来递归地遍历data对象，为每个属性设置getter和setter。当数据被读取时，会触发getter进行依赖收集；当数据被修改时，会触发setter通知所有依赖该数据的Watcher进行更新。','2025-07-16 22:05:00.123','回答非常准确和专业，清晰地阐述了Vue 2的响应式核心，并点出了关键API和设计模式。',95,'非常棒的回答。如果能补充说明Vue 3中使用Proxy的改进以及其优势，就更完美了。','2025-07-20 18:35:03','2025-07-20 18:35:03'),(219,'1-8-1752828000000',1,'请解释一下进程和线程的区别和联系。','进程是操作系统资源分配的基本单位，它有自己独立的地址空间。线程是CPU调度的基本单位，它没有独立的地址空间，一个进程可以包含多个线程，它们共享进程的资源。联系是线程是进程的一部分。','2025-07-19 15:03:00.123','回答准确，清晰地区分了进程和线程的核心概念，并指出了它们的从属关系。',92,'非常标准的回答。可以补充一个生活中的比喻来让解释更生动，例如工厂和流水线。','2025-07-20 18:35:03','2025-07-20 18:35:03'),(220,'1-9-1752914400000',1,'Java中的`==`和`equals`方法有什么区别？','`==`对于基本数据类型比较的是值，对于引用类型比较的是内存地址。`equals`方法默认情况下和`==`一样，但像String、Integer这些类重写了`equals`方法，用来比较对象的内容是否相等。','2025-07-20 16:04:00.123','回答正确，能够清晰地区分`==`和`equals`在不同场景下的作用，并知道`equals`方法可以被重写。',88,'回答得很好。可以补充说明一下重写`equals`方法时，通常也需要重写`hashCode`方法，并解释为什么。','2025-07-20 18:35:03','2025-07-20 18:35:03'),(221,'1-10-1753000800000',1,'你知道数据仓库中常见的建模方法有哪些吗？','我知道有范式建模和维度建模。维度建模里又分为星型模型和雪花模型。','2025-07-21 17:06:00.123','回答正确，说出了核心的建模方法和分类，但对它们的优缺点和适用场景没有展开。',80,'回答正确。可以进一步阐述维度建模的优缺点，以及星型模型和雪花模型的区别。','2025-07-20 18:35:03','2025-07-20 18:35:03'),(222,'1-10-1753000800000',2,'那你能解释一下什么是缓慢变化维吗？','嗯...这个我了解得不是很深入，好像是用来处理维度数据随时间发生变化的一种技术，有几种不同的处理方式。','2025-07-21 17:12:00.456','知道缓慢变化维的概念，但无法详细阐述其类型（SCD1, SCD2, SCD3等）和具体实现，暴露出知识深度不足。',70,'知道概念是好的开始。建议深入学习SCD的几种主要类型及其在实际业务中的应用场景。','2025-07-20 18:35:03','2025-07-20 18:35:03'),(223,'1-8-1751888800000',1,'请解释一下C++中的野指针是什么，以及如何避免它？','野指针就是...指向一个已经被释放或者无效的内存地址的指针。避免方法有...嗯...指针在定义时初始化，释放后立即置为NULL。','2025-07-08 14:25:00.123','概念解释基本正确，但避免方法说得不够全面，语言组织有些犹豫。',75,'回答正确。可以补充使用智能指针（如`std::unique_ptr`, `std::shared_ptr`）是现代C++中避免野指针更有效的方法。','2025-07-20 18:35:03','2025-07-20 18:35:03'),(224,'1-9-1751988000000',1,'HTTP的GET和POST请求有什么区别？','GET用于获取数据，POST用于提交数据。GET的参数在URL中，有长度限制且不安全；POST的参数在请求体中，没有长度限制且相对安全。GET是幂等的，POST不是。','2025-07-09 22:22:00.123','回答快速、准确、全面，从用途、参数位置、安全性、幂等性等多个关键维度进行了区分。',95,'非常完美的回答。','2025-07-20 18:35:03','2025-07-20 18:35:03'),(225,'1-10-1752084000000',1,'你对未来3-5年的职业规划是什么？','我希望能在一家好公司，不断提升自己的技术，嗯...希望能从初级工程师成长为高级工程师吧。','2025-07-11 01:05:00.123','回答过于笼统和普遍，缺乏个人特色和具体计划，未能展现出清晰的职业目标和实现路径。',75,'职业规划问题需要展现你的上进心和思考深度。可以尝试分阶段阐述，例如1-2年内精通业务和技术，3-5年内成为某一领域的技术专家或承担更重要的职责。','2025-07-20 18:35:03','2025-07-20 18:35:03'),(226,'1-8-1752170400000',1,'你对我们公司的产品（如抖音、今日头条）有什么了解？你认为它们成功的关键是什么？','我经常用抖音。我觉得它成功的关键是推荐算法做得非常好，总能推给我喜欢看的内容，让人停不下来。','2025-07-12 02:05:00.123','从用户角度给出了直观感受，并点出了核心优势“推荐算法”，但分析维度比较单一。',85,'回答正确。可以从产品、技术、运营等多个维度去分析，例如可以谈谈其短视频的产品形态、用户体验设计、社区氛围营造等。','2025-07-20 18:35:03','2025-07-20 18:35:03'),(227,'1-9-1752256800000',1,'如果你来负责一款新的社交产品，你会如何进行市场调研和用户研究？','我会...先看看竞品是怎么做的，比如微信和QQ。然后可能会在网上发一些问卷，问问大家想要什么样的社交软件。','2025-07-13 03:10:00.123','回答过于宽泛，方法论不成体系，提到了竞品分析和问卷调查，但没有说明具体如何分析、调研什么内容，缺乏可执行性。',60,'市场和用户研究需要系统的方法论。可以从业界常用的PEST、SWOT等宏观分析模型，以及用户访谈、焦点小组、数据分析等具体的用户研究方法来展开回答。','2025-07-20 18:35:03','2025-07-20 18:35:03'),(228,'1-18-1753070319333',1,'你好，我是本次面试的AI面试官。为了更好地了解你，请先花一到两分钟做一个简单的自我介绍吧。',NULL,'2025-07-21 11:58:43.721',NULL,NULL,NULL,'2025-07-21 03:58:43','2025-07-21 03:58:43'),(229,'1-6-1753073821832',1,'你好，我是本次面试的AI面试官。为了更好地了解你，请先花一到两分钟做一个简单的自我介绍吧。','你好，我是一口我来自广东海岸大学，我是一名大二的在读学生。','2025-07-21 12:57:05.653','候选人的回答直接且简洁地提供了自己的基本信息，包括学校和年级。这样的回答符合面试自我介绍的基本要求，但在技术深度和逻辑性方面稍显不足。',60,'建议在自我介绍中加入更多个人经历或成就的描述，这样可以展示你的技能和经验。例如，可以提到你在学习或项目开发中的具体贡献，以增加面试官对你能力的认识。','2025-07-21 04:57:05','2025-07-21 04:57:05'),(230,'1-6-1753073821832',2,'你好，很高兴见到你。我是本次面试的AI面试官。为了更好地了解你，请先花一到两分钟做一个简单的自我介绍吧。','这是什么？他在说啥？他说让你做一个自我介绍，你说我叫陈展浩，我叫陈展浩，我我在读幼儿园，我在读、幼儿园，我自我介绍完毕。我自我介绍完毕。','2025-07-21 12:57:25.231','候选人的回答在回答相关性方面存在明显不足，没有直接回答面试官的问题，而是重复自己的名字和年龄。技术深度/逻辑性方面，回答缺乏对个人背景、经验或技能的深入描述，未能展现出足够的技术深度或清晰的逻辑思维。结构与清晰度方面，回答的结构混乱，语言表达不流畅，难以理解其具体意图。亮点与不足：候选人尝试进行了自我介绍，但在执行上显得困惑且不够清晰。',20,'建议候选人重新组织语言，明确介绍自己的基本信息，如姓名、教育背景、专业技能等。可以按照\'我是谁\'、\'我在哪里学习\'、\'我能做什么\'的顺序来构建自我介绍的内容，使回答更加结构化和易于理解。','2025-07-21 04:57:25','2025-07-21 04:57:25'),(231,'1-6-1753073821832',3,'你好，很高兴见到你。我是本次面试的AI面试官。为了更好地了解你，请先花一到两分钟做一个简单的自我介绍吧。','你好，我是一口我来自广东海洋大学，我的自我介绍到此结束。','2025-07-21 12:57:56.859','候选人的回答简洁明了，直接提供了自己的教育背景信息，没有偏离问题的核心。然而，回答缺乏具体的内容，没有展现出技术深度或行为逻辑的维度。',35,'建议候选人在自我介绍时加入一些个人技能、经验或者职业目标的描述，这样不仅可以丰富内容，还能展示你的专业能力和未来规划。例如：你好，我是来自广东海洋大学的学生，主修计算机科学，对编程和数据分析有浓厚兴趣。我正在寻找一个能够挑战自我、提升专业技能的机会。','2025-07-21 04:57:56','2025-07-21 04:57:56'),(232,'1-6-1753073821832',4,'你好，很高兴见到你。我是本次面试的AI面试官。为了更好地了解你，请先花一到两分钟做一个简单的自我介绍吧。',NULL,'2025-07-21 12:58:15.777',NULL,NULL,NULL,'2025-07-21 04:58:15','2025-07-21 04:58:15');
/*!40000 ALTER TABLE `interview_dialogue` ENABLE KEYS */;
UNLOCK TABLES;

--
-- Table structure for table `interview_generated_reports`
--

DROP TABLE IF EXISTS `interview_generated_reports`;
/*!40101 SET @saved_cs_client     = @@character_set_client */;
/*!50503 SET character_set_client = utf8mb4 */;
CREATE TABLE `interview_generated_reports` (
  `id` bigint unsigned NOT NULL AUTO_INCREMENT COMMENT '报告的自增主键ID',
  `session_id` varchar(255) COLLATE utf8mb4_general_ci NOT NULL COMMENT '对应的面试会话ID，逻辑外键',
  `user_id` bigint unsigned NOT NULL COMMENT '所属用户ID，用于快速查询',
  `report_data` json NOT NULL COMMENT '完整的报告DTO序列化后的JSON数据',
  `created_at` timestamp NOT NULL DEFAULT CURRENT_TIMESTAMP COMMENT '记录创建时间',
  `updated_at` timestamp NOT NULL DEFAULT CURRENT_TIMESTAMP ON UPDATE CURRENT_TIMESTAMP COMMENT '记录更新时间',
  PRIMARY KEY (`id`),
  KEY `idx_user_id` (`user_id`) COMMENT '为根据用户查询报告创建索引'
) ENGINE=InnoDB AUTO_INCREMENT=33 DEFAULT CHARSET=utf8mb4 COLLATE=utf8mb4_general_ci COMMENT='存储已生成的完整面试分析报告';
/*!40101 SET character_set_client = @saved_cs_client */;

--
-- Dumping data for table `interview_generated_reports`
--

LOCK TABLES `interview_generated_reports` WRITE;
/*!40000 ALTER TABLE `interview_generated_reports` DISABLE KEYS */;
INSERT INTO `interview_generated_reports` VALUES (1,'1-11-1752858174584',1,'{\"position\": \"前端\", \"dialogues\": [{\"id\": 486, \"sequence\": 1, \"timestamp\": \"2025-07-19T01:03:05.399\", \"ai_message\": \"你好，我是本次面试的AI面试官。为了更好地了解你，请先花一到两分钟做一个简单的自我介绍吧。\", \"user_message\": \"你好，我是一口我来自广东海洋大学，我这次是来面试后端，我在大一之前获得过多次比赛冠军，然后现在我是大有巨大的成长空间。\", \"turn_analysis\": \"候选人在自我介绍中提及了来自广东海洋大学并面试后端岗位，这直接回应了面试官的问题。然而，回答中缺乏具体的技术细节和对个人技能的深入描述，未能充分展示其与岗位相关的能力和经验。此外，语言表达略显混乱，如“一口我”可能是输入错误，影响了信息的清晰度。虽然提到了多次比赛冠军，但未详细说明这些比赛的性质及其对后端开发的相关性。因此，建议候选人在未来的回答中更详细地阐述自己的专业技能、相关经验和成就，以及这些如何帮助其在后端开发领域取得成功。\"}, {\"id\": 487, \"sequence\": 2, \"timestamp\": \"2025-07-19T01:03:30.826\", \"ai_message\": \"你好，一口。很高兴见到你。请先简单介绍一下自己吧。\", \"user_message\": \"我来自广东海洋大学，我来面试后端。\", \"turn_analysis\": \"候选人的回答直接回应了面试官的问候，并简要介绍了自己的背景和来意。回答相关性高，但缺乏对个人技能、项目经验或职业规划的具体描述，技术深度和逻辑性不足。\"}, {\"id\": 488, \"sequence\": 3, \"timestamp\": \"2025-07-19T01:03:47.550\", \"ai_message\": \"你好，很高兴见到你。请先简单介绍一下自己吧。\", \"user_message\": \"你行不行啊？\", \"turn_analysis\": \"候选人的回答未能直接回应面试官的问题，缺乏相关性。回答没有展现出任何技术深度或逻辑思维，结构与清晰度也较差。亮点方面，该回答几乎没有。主要不足在于未能提供对个人背景、技能和经验的任何信息，也没有展示出对面试的重视态度。\"}, {\"id\": 489, \"sequence\": 4, \"timestamp\": \"2025-07-19T01:04:00.539\", \"ai_message\": \"当然可以！我会尽我最大的努力来帮助你。如果你有任何问题或需要帮助的地方，请告诉我，我会尽力回答和解决。\", \"user_message\": null, \"turn_analysis\": null}], \"radar_data\": {\"series\": [{\"name\": \"能力评分\", \"value\": [20.0, 10.0, 10.0, 15.0, 0.0, 0.0]}], \"indicator\": [{\"max\": 100, \"name\": \"专业知识\"}, {\"max\": 100, \"name\": \"技能匹配\"}, {\"max\": 100, \"name\": \"语言表达\"}, {\"max\": 100, \"name\": \"逻辑思维\"}, {\"max\": 100, \"name\": \"创新能力\"}, {\"max\": 100, \"name\": \"应变抗压\"}]}, \"generated_at\": \"2025-07-19 01:04\", \"interviewDate\": \"2025-07-19 01:02\", \"interviewType\": \"社招 - 技术面\", \"overall_summary\": \"候选人在前端社招面试中表现不佳，专业知识、逻辑思维和语言表达均得分较低。尽管有多次比赛冠军的经历，但未能具体说明这些经历如何与后端开发相关联。建议候选人在未来的面试中更详细地阐述自己的专业技能、相关经验和成就，并加强逻辑性和条理性。\", \"recommendations\": [{\"id\": 1, \"url\": \"https://www.freecodecamp.org/news/node-js-tutorial/\", \"title\": \"深入浅出Node.js\", \"step_number\": 1, \"recommendation_reason\": \"候选人在面试中表现出对后端开发的专业知识掌握不足，建议系统学习后端核心技术，特别是与前端岗位相关的知识。\"}, {\"id\": 2, \"url\": \"https://medium.com/@jdoe/5-ways-to-improve-your-logical-thinking-skills-3f06478a2b19\", \"title\": \"提升逻辑思维能力的5种方法\", \"step_number\": 2, \"recommendation_reason\": \"候选人在回答过程中缺乏逻辑性和条理性，建议通过练习和模拟面试来提升这方面的能力。\"}], \"filler_word_usage\": {\"xaxisData\": [\"然后\"], \"seriesData\": [1]}, \"tension_curve_data\": {\"xaxisData\": [\"01:00\"], \"seriesData\": [600.0]}, \"behavioral_analysis\": \"候选人在回答过程中使用了填充词“然后”，表明其可能在思考过程中存在犹豫或不自信。此外，回答内容缺乏具体的技术细节和个人技能的描述，影响了信息的清晰度和专业性。\", \"overall_suggestions\": \"1. 系统性地学习后端核心技术，特别是与前端岗位相关的知识；2. 多参与项目实践，积累实际工作经验；3. 模拟面试，提升表达能力和技术深度；4. 在自我介绍中加入更多关于后端开发的具体技能、相关项目经验以及职业规划的内容。\", \"behavioral_suggestions\": \"1. 减少使用填充词，保持回答的流畅性和连贯性；2. 提前准备自我介绍，确保涵盖个人技能、项目经验和职业规划等关键信息；3. 练习清晰、有条理地表达观点，增强自信心。\", \"eye_contact_percentage\": {\"xaxisData\": [\"问题3\"], \"seriesData\": [0.54]}, \"question_analysis_data\": [{\"score\": 60, \"answer\": \"你好，我是一口我来自广东海洋大学，我这次是来面试后端，我在大一之前获得过多次比赛冠军，然后现在我是大有巨大的成长空间。\", \"question\": \"你好，我是本次面试的AI面试官。为了更好地了解你，请先花一到两分钟做一个简单的自我介绍吧。\", \"suggestion\": \"尝试具体描述比赛经历和所获冠军的类型，以及这些经历如何帮助你准备后端开发工作。\"}, {\"score\": 60, \"answer\": \"我来自广东海洋大学，我来面试后端。\", \"question\": \"你好，一口。很高兴见到你。请先简单介绍一下自己吧。\", \"suggestion\": \"建议在自我介绍中加入更多关于后端开发的具体技能、相关项目经验以及职业规划的内容，以展现更全面的个人能力和发展方向。\"}, {\"score\": 10, \"answer\": \"你行不行啊？\", \"question\": \"你好，很高兴见到你。请先简单介绍一下自己吧。\", \"suggestion\": \"请准备一份简短的个人介绍，并练习清晰、有条理地表达。\"}, {\"score\": null, \"answer\": null, \"question\": \"当然可以！我会尽我最大的努力来帮助你。如果你有任何问题或需要帮助的地方，请告诉我，我会尽力回答和解决。\", \"suggestion\": null}]}','2025-07-18 17:07:26','2025-07-18 17:07:26'),(2,'1-19-1752864065765',1,'{\"position\": \"运营总监\", \"dialogues\": [{\"id\": 502, \"sequence\": 1, \"timestamp\": \"2025-07-19T02:41:05.846\", \"ai_message\": \"你好，我是本次面试的AI面试官。为了更好地了解你，请先花一到两分钟做一个简单的自我介绍吧。\", \"user_message\": null, \"turn_analysis\": null}], \"radar_data\": {\"series\": [{\"name\": \"能力评分\", \"value\": [50.0, 45.0, 45.0, 40.0, 0.0, 0.0]}], \"indicator\": [{\"max\": 100, \"name\": \"专业知识\"}, {\"max\": 100, \"name\": \"技能匹配\"}, {\"max\": 100, \"name\": \"语言表达\"}, {\"max\": 100, \"name\": \"逻辑思维\"}, {\"max\": 100, \"name\": \"创新能力\"}, {\"max\": 100, \"name\": \"应变抗压\"}]}, \"generated_at\": \"2025-07-19 02:41\", \"interviewDate\": \"2025-07-19 02:41\", \"interviewType\": \"校招 - 技术面\", \"overall_summary\": \"候选人在专业知识、逻辑思维和表达能力方面表现欠佳，对运营总监岗位的匹配度较低。建议加强相关领域的学习和实践，提升综合素质。\", \"recommendations\": [{\"id\": 2, \"url\": \"https://medium.com/@jdoe/5-ways-to-improve-your-logical-thinking-skills-3f06478a2b19\", \"title\": \"提升逻辑思维能力的5种方法\", \"step_number\": 1, \"recommendation_reason\": \"逻辑思维是运营总监岗位的重要能力之一，候选人在此方面的表现不佳，建议通过练习和学习提高自己的逻辑思维能力。\"}, {\"id\": 3, \"url\": \"https://example.com/how-to-improve-your-professional-knowledge\", \"title\": \"如何提升你的专业知识\", \"step_number\": 2, \"recommendation_reason\": \"候选人在专业知识方面的得分较低，需要加强对运营相关知识的学习，以更好地胜任运营总监的岗位职责。\"}, {\"id\": 4, \"url\": \"https://example.com/how-to-improve-your-expression-skills\", \"title\": \"提高表达能力的实用技巧\", \"step_number\": 3, \"recommendation_reason\": \"表达能力对于运营总监来说至关重要，候选人在此方面也有待提高，建议多参与演讲和表达训练，提升自己的沟通技巧。\"}], \"filler_word_usage\": {\"xaxisData\": [], \"seriesData\": []}, \"tension_curve_data\": {\"xaxisData\": [\"00:00\"], \"seriesData\": [300.0]}, \"behavioral_analysis\": \"从行为数据来看，候选人在面试中未使用过多的填充词，但整体表现较为紧张，回答问题时缺乏自信和深度。\", \"overall_suggestions\": \"1. 系统性地学习运营管理知识，特别是与目标岗位相关的领域;2. 参与实际项目，积累实践经验;3. 提升逻辑思维能力，通过阅读和练习提高分析问题的能力。\", \"behavioral_suggestions\": \"1. 在面试前进行充分的准备，熟悉岗位要求和技术细节;2. 多参加模拟面试，提高自信心和表达能力。\", \"eye_contact_percentage\": {\"xaxisData\": [\"问题1\"], \"seriesData\": [0.0]}, \"question_analysis_data\": [{\"score\": null, \"answer\": null, \"question\": \"你好，我是本次面试的AI面试官。为了更好地了解你，请先花一到两分钟做一个简单的自我介绍吧。\", \"suggestion\": null}]}','2025-07-19 01:42:56','2025-07-19 01:42:56'),(3,'1-11-1752858618301',1,'{\"position\": \"前端\", \"dialogues\": [{\"id\": 490, \"sequence\": 1, \"timestamp\": \"2025-07-19T01:10:20.473\", \"ai_message\": \"你好，我是本次面试的AI面试官。为了更好地了解你，请先花一到两分钟做一个简单的自我介绍吧。\", \"user_message\": \"你好，我是eco，我来自广东海洋大学，来面试后端。\", \"turn_analysis\": \"候选人的回答简洁明了，直接介绍了自己的姓名和教育背景。然而，在回答中缺乏对自身技能、经验或者与职位相关联的详细信息，这可能会让面试官难以全面评估其适合度。\"}, {\"id\": 491, \"sequence\": 2, \"timestamp\": \"2025-07-19T01:10:38.732\", \"ai_message\": \"你好，eco同学。欢迎参加字节跳动的面试。我是AI面试官。首先，请简单介绍一下你的教育背景和项目经验。\", \"user_message\": \"我是一个本科的学生，然后的话我在大一期间参加过多次竞赛，并且作为项目负责人进行呃打比赛，并且最终也取得不错的效果。嗯在项目中我写过几个企业的项目。\", \"turn_analysis\": \"候选人的回答直接回应了面试官的询问，展示了基本的教育背景和项目经验。回答中提及了本科学位、竞赛参与以及作为项目负责人的经历，这些都是对教育背景和项目经验的正面展示。然而，回答在技术深度和逻辑性方面略显不足，没有具体说明在项目中使用的技术或解决的具体问题，也没有展示出清晰的逻辑思维过程。结构上，回答较为简单，缺乏细节和深入的描述。\"}, {\"id\": 492, \"sequence\": 3, \"timestamp\": \"2025-07-19T01:11:09.545\", \"ai_message\": \"你好，eco同学。欢迎参加字节跳动的面试。我是AI面试官。首先，请简单介绍一下你的教育背景和项目经验。\", \"user_message\": \"嗯现在我进行自我介绍，我来自广东海洋大学，我是一个大二的学生，我参加过都是竞赛。\", \"turn_analysis\": \"候选人的回答虽然简洁地介绍了其教育背景和参与竞赛的经历，但在回答相关性方面略显不足，未能充分展示与岗位相关的具体技能或项目经验。此外，回答在技术深度/逻辑性方面也有所欠缺，缺乏对个人优势的深入阐述。结构与清晰度方面，回答较为流畅，但可以进一步优化，使信息更加条理化。亮点在于展现了积极参与竞赛的态度，但在亮点与不足方面，建议候选人能够提供更多关于竞赛成果和个人贡献的信息，以更好地展现自己的实力和潜力。\"}, {\"id\": 493, \"sequence\": 4, \"timestamp\": \"2025-07-19T01:12:52.362\", \"ai_message\": \"你好，eco同学。欢迎参加字节跳动的面试。我是AI面试官。首先，请简单介绍一下你的教育背景和项目经验。\", \"user_message\": null, \"turn_analysis\": null}], \"radar_data\": {\"series\": [{\"name\": \"能力评分\", \"value\": [70.0, 60.0, 50.0, 40.0, 0.0, 0.0]}], \"indicator\": [{\"max\": 100, \"name\": \"专业知识\"}, {\"max\": 100, \"name\": \"技能匹配\"}, {\"max\": 100, \"name\": \"语言表达\"}, {\"max\": 100, \"name\": \"逻辑思维\"}, {\"max\": 100, \"name\": \"创新能力\"}, {\"max\": 100, \"name\": \"应变抗压\"}]}, \"generated_at\": \"2025-07-19 01:15\", \"interviewDate\": \"2025-07-19 01:10\", \"interviewType\": \"社招 - 技术面\", \"overall_summary\": \"候选人在自我介绍中表现简洁，但缺乏对技能和项目经验的详细描述，影响了面试官对其专业能力的全面评估。建议在面试时提供更多与职位相关的技术细节和个人成就，以增强回答的技术深度和逻辑性。\", \"recommendations\": [{\"id\": 5, \"url\": \"https://www.amazon.com/gp/product/0984782835\", \"title\": \"《深入浅出数据分析》\", \"step_number\": 1, \"recommendation_reason\": \"候选人在回答中未能充分展示技术深度和清晰的逻辑思维过程，这对于前端开发岗位来说是非常重要的能力。需要通过学习和实践来提升这方面的能力。\"}, {\"id\": 6, \"url\": \"https://www.amazon.com/Effective-Project-Management-Second-Edition/dp/1617292044\", \"title\": \"《如何有效管理项目》\", \"step_number\": 2, \"recommendation_reason\": \"候选人在介绍自己的教育背景和项目经验时，缺乏具体的技术细节和个人贡献的描述。为了更好地展示自己的实力和潜力，建议提供更详细的项目经历和竞赛成果信息。\"}], \"filler_word_usage\": {\"xaxisData\": [\"呃\", \"然后\", \"嗯\"], \"seriesData\": [1, 1, 2]}, \"tension_curve_data\": {\"xaxisData\": [], \"seriesData\": []}, \"behavioral_analysis\": \"候选人在回答问题时使用了一些填充词，如呃、然后和嗯，这可能表明在表达过程中存在一些犹豫或思考时间较长的情况。这些口头禅的使用可能会影响沟通的流畅度和自信心的展现。\", \"overall_suggestions\": \"加强专业知识的学习，特别是前端开发的核心技能；参与实际项目，积累经验并提升解决问题的能力；通过模拟面试等方式提高表达能力和技术讲解的逻辑性。\", \"behavioral_suggestions\": \"减少不必要的填充词使用;在准备面试时，提前练习自我介绍和常见问题的回答，以提高表达的流畅性和自信心。\", \"eye_contact_percentage\": {\"xaxisData\": [], \"seriesData\": []}, \"question_analysis_data\": [{\"score\": 50, \"answer\": \"你好，我是eco，我来自广东海洋大学，来面试后端。\", \"question\": \"你好，我是本次面试的AI面试官。为了更好地了解你，请先花一到两分钟做一个简单的自我介绍吧。\", \"suggestion\": \"建议在自我介绍中加入更多关于个人技能、项目经验或与应聘职位相关的具体信息，以帮助面试官更好地了解你的专业能力和适配度。\"}, {\"score\": 70, \"answer\": \"我是一个本科的学生，然后的话我在大一期间参加过多次竞赛，并且作为项目负责人进行呃打比赛，并且最终也取得不错的效果。嗯在项目中我写过几个企业的项目。\", \"question\": \"你好，eco同学。欢迎参加字节跳动的面试。我是AI面试官。首先，请简单介绍一下你的教育背景和项目经验。\", \"suggestion\": \"建议在回答中加入更具体的项目细节，如使用的技术栈、解决的问题类型以及项目成果，以增强回答的技术深度和逻辑性。\"}, {\"score\": 60, \"answer\": \"嗯现在我进行自我介绍，我来自广东海洋大学，我是一个大二的学生，我参加过都是竞赛。\", \"question\": \"你好，eco同学。欢迎参加字节跳动的面试。我是AI面试官。首先，请简单介绍一下你的教育背景和项目经验。\", \"suggestion\": \"请尝试提供更详细的教育背景信息，例如主修课程和成绩。同时，描述具体的竞赛经历和取得的成果，以展示你的能力和经验。\"}, {\"score\": null, \"answer\": null, \"question\": \"你好，eco同学。欢迎参加字节跳动的面试。我是AI面试官。首先，请简单介绍一下你的教育背景和项目经验。\", \"suggestion\": null}]}','2025-07-19 01:43:24','2025-07-19 01:43:24'),(4,'1-19-1752849056747',1,'{\"position\": \"运营总监\", \"dialogues\": [{\"id\": 479, \"sequence\": 1, \"timestamp\": \"2025-07-18T22:30:59.062\", \"ai_message\": \"你好，我是本次面试的AI面试官。为了更好地了解你，请先花一到两分钟做一个简单的自我介绍吧。\", \"user_message\": \"我是王源，我喜欢唱歌。\", \"turn_analysis\": \"候选人王源的回答过于简短，没有提供足够的信息来全面展示自己的背景、技能或经验。回答中仅提到了对唱歌的兴趣，这虽然展示了一定的个性，但与面试官期望了解的内容（如教育背景、工作经历、专业技能等）相去甚远。此外，回答缺乏逻辑性和结构性，使得整体表达不够清晰流畅。因此，建议在自我介绍时增加更多细节，比如教育背景、相关工作经验或具体技能，以更好地满足面试官的需求。\"}, {\"id\": 480, \"sequence\": 2, \"timestamp\": \"2025-07-18T22:31:15.547\", \"ai_message\": \"你好，王源。很高兴见到你。请先做一个简单的自我介绍吧。\", \"user_message\": \"我专跟唱歌领域几十年，最喜欢唱歌了，还有水牛音。\", \"turn_analysis\": \"候选人的回答在回答相关性方面表现较差，未能直接回应面试官关于自我介绍的要求。技术深度/逻辑性方面，由于问题本身不涉及技术性内容，因此这一维度无法评估。结构与清晰度方面，回答显得非常简短且缺乏条理，没有提供任何有助于理解候选人背景或技能的信息。亮点与不足方面，回答中没有任何明显的亮点，而最大的不足在于未能满足面试的基本要求，即进行有效的自我介绍。\"}, {\"id\": 481, \"sequence\": 3, \"timestamp\": \"2025-07-18T22:31:32.006\", \"ai_message\": \"你好，王源。很高兴见到你。请先做一个简单的自我介绍吧。\", \"user_message\": \"我叫王源，来自广州。\", \"turn_analysis\": \"候选人的回答虽然简洁，但未能充分展示其个人信息和与应聘职位相关的资质。回答相关性较弱，因为自我介绍通常需要包含更多细节来帮助面试官更好地了解候选人的背景。技术深度/逻辑性方面也未见展现，因为问题旨在引导出候选人的全面情况，而不仅仅是基本信息。结构与清晰度上，回答过于简短，缺乏必要的上下文连接和逻辑展开。亮点在于回答直接且礼貌，不足之处在于未充分利用这个机会来展示自己的优势。\"}, {\"id\": 482, \"sequence\": 4, \"timestamp\": \"2025-07-18T22:31:45.230\", \"ai_message\": \"王源，很高兴认识你。请你简单介绍一下你在拼多多的运营总监岗位中的主要职责和工作内容。\", \"user_message\": \"主要负责线上营销和策划。\", \"turn_analysis\": \"候选人的回答直接回应了面试官的问题，展示了基本的相关性。然而，回答过于简略，缺乏具体的职责描述和工作内容的细节，这在技术深度和逻辑性方面有所欠缺。结构上虽然清晰，但语言表达可以更加丰富和具体，以更好地展示其职责范围和实际贡献。\"}, {\"id\": 483, \"sequence\": 5, \"timestamp\": \"2025-07-18T22:32:01.464\", \"ai_message\": \"你好，王源。很高兴见到你。请你先简单介绍一下你在拼多多的运营总监岗位中的主要职责和工作内容。\", \"user_message\": \"主要负责线上营销和策划。\", \"turn_analysis\": \"候选人的回答直接回应了面试官的问题，但内容较为简略，没有深入介绍在拼多多运营总监岗位上的具体职责和工作内容。回答缺乏技术深度和逻辑性，仅简单提及线上营销和策划，没有展示出对岗位的全面理解或具体经验。\"}, {\"id\": 484, \"sequence\": 6, \"timestamp\": \"2025-07-18T22:32:33.045\", \"ai_message\": \"你好，王源。很高兴见到你。请你简单介绍一下你在拼多多的运营总监岗位中的主要职责和工作内容。\", \"user_message\": \"主要负责拼多多、移动端线上营销和策划。\", \"turn_analysis\": \"候选人的回答直接回应了面试官的问题，展示了对拼多多运营总监岗位的基本理解。回答中提及的主要职责包括线上营销和策划，这反映了一定的技术深度和逻辑性。然而，回答的结构较为简单，缺乏具体细节和深入的说明，使得评估不够全面。\"}, {\"id\": 485, \"sequence\": 7, \"timestamp\": \"2025-07-18T22:32:51.029\", \"ai_message\": \"王源，很高兴见到你。请你简单介绍一下你在拼多多的运营总监岗位中的主要职责和工作内容。\", \"user_message\": null, \"turn_analysis\": null}], \"radar_data\": {\"series\": [{\"name\": \"能力评分\", \"value\": [30.0, 40.0, 60.0, 20.0, null, null]}], \"indicator\": [{\"max\": 100, \"name\": \"专业知识\"}, {\"max\": 100, \"name\": \"技能匹配\"}, {\"max\": 100, \"name\": \"语言表达\"}, {\"max\": 100, \"name\": \"逻辑思维\"}, {\"max\": 100, \"name\": \"创新能力\"}, {\"max\": 100, \"name\": \"应变抗压\"}]}, \"generated_at\": \"2025-07-18 22:33\", \"interviewDate\": \"2025-07-18 22:30\", \"interviewType\": \"校招 - 技术面\", \"overall_summary\": \"候选人在面试中的表现显示出一定的沟通能力和对岗位基本要求的理解，但在专业知识和技术深度方面明显不足。建议加强相关领域的学习和实践，以更好地胜任运营总监的职位。\", \"recommendations\": [{\"id\": 3, \"url\": \"https://example.com/how-to-improve-your-professional-knowledge\", \"title\": \"如何提升你的专业知识\", \"step_number\": 1, \"recommendation_reason\": \"候选人在专业知识方面的得分较低，表明需要加强对运营总监职责范围内的专业技能的学习，如市场分析、产品推广策略等。\"}, {\"id\": 5, \"url\": \"https://www.amazon.com/gp/product/0984782835\", \"title\": \"《深入浅出数据分析》\", \"step_number\": 2, \"recommendation_reason\": \"虽然候选人能够直接回应面试官的问题，但回答过于简略，缺乏具体的技术深度和逻辑性，建议通过深入学习和实践来提升这方面的能力。\"}, {\"id\": 7, \"url\": \"https://www.linkedin.com/learning/how-to-write-an-effective-work-experience-section-of-your-resume\", \"title\": \"如何撰写出色的简历中的工作经验部分\", \"step_number\": 3, \"recommendation_reason\": \"候选人在描述自己的工作经验时不够详细，无法充分展示其与应聘职位相关的能力和成就，建议提供更多具体案例或数据支持。\"}], \"filler_word_usage\": {\"xaxisData\": [], \"seriesData\": []}, \"tension_curve_data\": {\"xaxisData\": [\"00:30\", \"01:00\", \"01:30\"], \"seriesData\": [500.0, 400.0, 300.0]}, \"behavioral_analysis\": \"候选人在面试过程中表现出一定的自信，但回答过于简略，缺乏深入分析和具体细节。此外，没有明显的口头禅或不适当的行为，整体表现尚可。\", \"overall_suggestions\": \"系统学习与运营总监职位相关的专业知识，特别是线上营销、市场分析等；参与实际项目或工作实践，积累经验；加强逻辑思维训练，提高问题解决能力。\", \"behavioral_suggestions\": \"在准备面试时，提前构思并练习自我介绍和常见问题的回答；尝试提供更详细的背景信息和个人经历，以增加回答的丰富性和相关性。\", \"eye_contact_percentage\": {\"xaxisData\": [\"问题6\", \"问题4\", \"问题5\"], \"seriesData\": [0.49, 0.42, 0.57]}, \"question_analysis_data\": [{\"score\": 45, \"answer\": \"我是王源，我喜欢唱歌。\", \"question\": \"你好，我是本次面试的AI面试官。为了更好地了解你，请先花一到两分钟做一个简单的自我介绍吧。\", \"suggestion\": \"尝试结合个人经历和技能，更详细地介绍自己。\"}, {\"score\": 35, \"answer\": \"我专跟唱歌领域几十年，最喜欢唱歌了，还有水牛音。\", \"question\": \"你好，王源。很高兴见到你。请先做一个简单的自我介绍吧。\", \"suggestion\": \"建议候选人在准备自我介绍时，提前构思并练习，确保能够清晰、有条理地介绍自己的教育背景、工作经验和个人优势。同时，注意保持回答的相关性和专业性，避免偏离主题。\"}, {\"score\": 30, \"answer\": \"我叫王源，来自广州。\", \"question\": \"你好，王源。很高兴见到你。请先做一个简单的自我介绍吧。\", \"suggestion\": \"尝试提供更多关于你的经验、教育背景或与职位相关的技能信息。\"}, {\"score\": 60, \"answer\": \"主要负责线上营销和策划。\", \"question\": \"王源，很高兴认识你。请你简单介绍一下你在拼多多的运营总监岗位中的主要职责和工作内容。\", \"suggestion\": \"建议在回答中详细描述在拼多多运营总监岗位上的具体职责，包括但不限于营销策略的制定、团队管理、项目执行等，并结合具体案例或数据来支持你的论点。\"}, {\"score\": 60, \"answer\": \"主要负责线上营销和策划。\", \"question\": \"你好，王源。很高兴见到你。请你先简单介绍一下你在拼多多的运营总监岗位中的主要职责和工作内容。\", \"suggestion\": \"建议候选人在回答时，详细描述其在拼多多运营总监岗位上的职责范围，包括但不限于市场分析、产品推广、用户增长策略等，并结合具体案例或数据来展现其工作成效。\"}, {\"score\": 70, \"answer\": \"主要负责拼多多、移动端线上营销和策划。\", \"question\": \"你好，王源。很高兴见到你。请你简单介绍一下你在拼多多的运营总监岗位中的主要职责和工作内容。\", \"suggestion\": \"建议在回答中加入更多关于具体工作内容、面临的挑战以及如何克服这些挑战的细节，以展示更全面的能力和经验。\"}, {\"score\": null, \"answer\": null, \"question\": \"王源，很高兴见到你。请你简单介绍一下你在拼多多的运营总监岗位中的主要职责和工作内容。\", \"suggestion\": null}]}','2025-07-19 01:47:52','2025-07-19 01:47:52'),(5,'1-19-1752891446521',1,'{\"position\": \"运营总监\", \"dialogues\": [{\"id\": 503, \"sequence\": 1, \"timestamp\": \"2025-07-19T10:19:38.370\", \"ai_message\": \"你好，我是本次面试的AI面试官。为了更好地了解你，请先花一到两分钟做一个简单的自我介绍吧。\", \"user_message\": \"我是王源，我喜欢唱歌，最喜欢水牛音。\", \"turn_analysis\": \"候选人的回答虽然简洁明了，但并未直接回应面试官的问题，即未能有效介绍自己以便于面试官更好地了解他。回答中的\'我喜欢唱歌，最喜欢水牛音\'部分缺乏与面试岗位的相关性，无法展现候选人的专业能力和适合度。在技术深度/逻辑性方面，由于回答内容过于简短且偏离主题，难以评估。结构与清晰度方面，回答虽简洁，但因内容不相关而影响了整体的清晰度。亮点在于语言表达简洁明了，然而不足之处明显，即没有针对面试问题提供有价值信息。\"}, {\"id\": 504, \"sequence\": 2, \"timestamp\": \"2025-07-19T10:19:57.961\", \"ai_message\": \"王源先生，您好！很高兴能与您进行这次面试。首先，请允许我简要介绍一下今天的面试流程。\\n\\n我们会从您的简历开始，深入探讨您的项目经验和技能。然后，我会问一些技术或行为问题来进一步了解您的能力。最后，如果您有任何问题，可以向我提问。\\n\\n现在，我们先从您的教育经历开始吧。您在大学期间主修了哪些课程？这些课程是如何帮助您准备运营总监这个职位的？\", \"user_message\": \"我上课一直不听，就随便学，然后去实习。\", \"turn_analysis\": \"候选人的回答缺乏相关性，没有直接回应面试官关于教育经历的问题。回答中没有展示出对课程内容的理解或如何将其应用于职位准备的讨论。\"}, {\"id\": 505, \"sequence\": 3, \"timestamp\": \"2025-07-19T10:20:45.581\", \"ai_message\": \"王源先生，您好！很高兴能与您进行这次面试。首先，请允许我简要介绍一下今天的面试流程。\\n\\n我们会从您的简历开始，深入探讨您的项目经验和技能。然后，我会问一些技术或行为问题来进一步了解您的能力。最后，如果您有任何问题，可以向我提问。\\n\\n现在，我们先从您的教育经历开始吧。您在大学期间主修了哪些课程？这些课程是如何帮助您准备运营总监这个职位的？\", \"user_message\": \"啊嗯主要上的是高速。\", \"turn_analysis\": \"候选人的回答非常简短，仅提及了\'高速\'，没有提供具体的课程名称或详细描述。这导致回答缺乏相关性和深度，无法充分展示其教育背景如何支持其申请的运营总监职位。\"}, {\"id\": 506, \"sequence\": 4, \"timestamp\": \"2025-07-19T10:21:07.690\", \"ai_message\": \"王源先生，您好！很高兴能与您进行这次面试。首先，请允许我简要介绍一下今天的面试流程。\\n\\n我们会从您的简历开始，深入探讨您的项目经验和技能。然后，我会问一些技术或行为问题来进一步了解您的能力。最后，如果您有任何问题，可以向我提问。\\n\\n现在，我们先从您的教育经历开始吧。您在大学期间主修了哪些课程？这些课程是如何帮助您准备运营总监这个职位的？\", \"user_message\": null, \"turn_analysis\": null}], \"radar_data\": {\"series\": [{\"name\": \"能力评分\", \"value\": [20.0, 20.0, 30.0, 30.0, 0.0, 0.0]}], \"indicator\": [{\"max\": 100, \"name\": \"专业知识\"}, {\"max\": 100, \"name\": \"技能匹配\"}, {\"max\": 100, \"name\": \"语言表达\"}, {\"max\": 100, \"name\": \"逻辑思维\"}, {\"max\": 100, \"name\": \"创新能力\"}, {\"max\": 100, \"name\": \"应变抗压\"}]}, \"generated_at\": \"2025-07-19 10:21\", \"interviewDate\": \"2025-07-19 10:17\", \"interviewType\": \"校招 - 技术面\", \"overall_summary\": \"候选人在面试中的表现较为一般，特别是在专业知识和技术深度方面得分较低。尽管语言表达和逻辑思维能力尚可，但缺乏与应聘岗位直接相关的技能展示。建议候选人在准备面试时，更多地关注职位要求，并提前准备相关案例或经验来支持自己的回答。\", \"recommendations\": [{\"id\": 14, \"url\": \"https://example.com/how-to-build-an-efficient-operations-team\", \"title\": \"如何从零开始打造高效运营团队\", \"step_number\": 1, \"recommendation_reason\": \"候选人在面试中表现出对运营知识的掌握不足，这是应聘运营总监职位的关键能力之一，需要加强学习和实践。\"}, {\"id\": 15, \"url\": \"https://example.com/introduction-to-algorithm-analysis\", \"title\": \"深入浅出算法分析\", \"step_number\": 2, \"recommendation_reason\": \"候选人在回答问题时表现出的技术深度和逻辑性较弱，这可能会影响到其在运营总监岗位上处理复杂问题的能力。\"}, {\"id\": 16, \"url\": \"https://example.com/career-planning-based-on-educational-background\", \"title\": \"如何根据教育背景规划职业生涯\", \"step_number\": 3, \"recommendation_reason\": \"候选人未能有效展示其教育背景如何支持运营总监职位的要求，建议在面试前详细准备与职位相关的课程和实践经验。\"}], \"filler_word_usage\": {\"xaxisData\": [\"然后\", \"嗯\"], \"seriesData\": [1, 1]}, \"tension_curve_data\": {\"xaxisData\": [], \"seriesData\": []}, \"behavioral_analysis\": \"候选人在面试过程中使用了\'然后\'和\'嗯\'等填充词，这可能表明其在思考时有些迟疑，或者对某些问题不够自信。此外，候选人的回答虽然简洁明了，但并未有效回应面试官的问题，导致面试官难以评估其专业能力和适合度。\", \"overall_suggestions\": \"系统性地学习运营相关知识，特别是针对校招岗位要求的专业技能；多参与项目实践以积累经验；模拟面试以提升表达能力和自信心。\", \"behavioral_suggestions\": \"尝试在回答问题前稍作停顿，以整理思路；减少不必要的填充词使用；在自我介绍中加入与职位相关的技能或经验，并保持回答的专业性。\", \"eye_contact_percentage\": {\"xaxisData\": [], \"seriesData\": []}, \"question_analysis_data\": [{\"score\": 40, \"answer\": \"我是王源，我喜欢唱歌，最喜欢水牛音。\", \"question\": \"你好，我是本次面试的AI面试官。为了更好地了解你，请先花一到两分钟做一个简单的自我介绍吧。\", \"suggestion\": \"尝试在自我介绍中加入与职位相关的技能或经验，并保持回答的专业性。\"}, {\"score\": 30, \"answer\": \"我上课一直不听，就随便学，然后去实习。\", \"question\": \"王源先生，您好！很高兴能与您进行这次面试。首先，请允许我简要介绍一下今天的面试流程。\\n\\n我们会从您的简历开始，深入探讨您的项目经验和技能。然后，我会问一些技术或行为问题来进一步了解您的能力。最后，如果您有任何问题，可以向我提问。\\n\\n现在，我们先从您的教育经历开始吧。您在大学期间主修了哪些课程？这些课程是如何帮助您准备运营总监这个职位的？\", \"suggestion\": \"在回答时，请确保您的回答与问题直接相关，并尽可能提供具体的例子来支持您的观点。\"}, {\"score\": 40, \"answer\": \"啊嗯主要上的是高速。\", \"question\": \"王源先生，您好！很高兴能与您进行这次面试。首先，请允许我简要介绍一下今天的面试流程。\\n\\n我们会从您的简历开始，深入探讨您的项目经验和技能。然后，我会问一些技术或行为问题来进一步了解您的能力。最后，如果您有任何问题，可以向我提问。\\n\\n现在，我们先从您的教育经历开始吧。您在大学期间主修了哪些课程？这些课程是如何帮助您准备运营总监这个职位的？\", \"suggestion\": \"建议候选人在回答时具体说明大学期间主修的课程名称，并解释这些课程如何帮助他们为运营总监职位做好准备。\"}, {\"score\": null, \"answer\": null, \"question\": \"王源先生，您好！很高兴能与您进行这次面试。首先，请允许我简要介绍一下今天的面试流程。\\n\\n我们会从您的简历开始，深入探讨您的项目经验和技能。然后，我会问一些技术或行为问题来进一步了解您的能力。最后，如果您有任何问题，可以向我提问。\\n\\n现在，我们先从您的教育经历开始吧。您在大学期间主修了哪些课程？这些课程是如何帮助您准备运营总监这个职位的？\", \"suggestion\": null}]}','2025-07-19 02:22:39','2025-07-19 02:22:49'),(6,'1-12-1752894474116',1,'{\"position\": \"前端\", \"dialogues\": [{\"id\": 519, \"sequence\": 1, \"timestamp\": \"2025-07-19T11:07:55.618\", \"ai_message\": \"你好，我是本次面试的AI面试官。为了更好地了解你，请先花一到两分钟做一个简单的自我介绍吧。\", \"user_message\": \"我是一口我来自广东海洋大学，我来面试欧导。\", \"turn_analysis\": \"候选人的回答虽然简短，但直接提及了来自广东海洋大学，并表明了面试欧导的意图。这表明候选人能够迅速抓住问题的核心，但在技术深度和详细内容上稍显不足。回答的组织结构清晰，语言表达流畅。\"}, {\"id\": 520, \"sequence\": 2, \"timestamp\": \"2025-07-19T11:08:16.056\", \"ai_message\": \"你好！很高兴见到你。根据我们之前的沟通，我了解到你来自广东海洋大学，并且正在面试字节跳动的前端开发职位。首先，我想请你详细描述一下你在广东海洋大学所学的软件工程专业中，有哪些课程是与前端开发相关的？\", \"user_message\": \"没有学过招的课程，并且不在该课程中的成绩达到满分。\", \"turn_analysis\": \"候选人的回答未能直接回答面试官的问题，缺乏与前端开发相关的课程信息。回答中没有提及任何技术深度或逻辑性的内容，也没有展现出清晰的结构或语言表达能力。此外，候选人的回答没有提供任何亮点，也没有任何明显的不足之处。\"}, {\"id\": 521, \"sequence\": 3, \"timestamp\": \"2025-07-19T11:08:49.336\", \"ai_message\": \"我理解你可能在特定课程中的成绩没有达到满分，但我想知道你是否在其他相关领域有所专长或特别的贡献。能否分享一下你在软件开发过程中遇到的一个挑战，以及你是如何克服它的？\", \"user_message\": \"嗯我在开发过程中遇到呃网站崩溃服务器上的这些软件，并且我在手机中使用的4S店等网上搜索。\", \"turn_analysis\": \"候选人的回答未能直接回答面试官的问题，没有明确提到在软件开发过程中遇到的一个具体挑战以及如何克服它。回答内容与问题不相关，缺乏技术深度和逻辑性，且结构混乱，语言表达不清晰。\"}, {\"id\": 522, \"sequence\": 4, \"timestamp\": \"2025-07-19T11:09:20.597\", \"ai_message\": \"我注意到你在描述中似乎提到了一些与技术面试不太相关的内容。让我们回到技术问题上，你能详细分享一下在项目开发过程中遇到的具体挑战吗？比如网站崩溃的原因是什么，你是如何定位和解决这个问题的？\", \"user_message\": \"嗯我是通过比如说网站崩溃的原因有很多，呃其中有一个的话是县城跑嘛或者是呃服务器过载的问题，首先的话我对服务器进行了重启。\", \"turn_analysis\": \"候选人的回答虽然提到了网站崩溃的原因之一是服务器过载，并采取了重启服务器的措施，但回答较为简短且缺乏具体的细节和深入分析。例如，没有详细解释如何定位问题、采取了哪些具体的解决措施、以及从这次经历中学到了什么。此外，回答中出现了一些口语化的表达，如\'县城跑嘛\'等非专业术语，影响了回答的清晰度和专业性。\"}, {\"id\": 523, \"sequence\": 5, \"timestamp\": \"2025-07-19T11:10:15.724\", \"ai_message\": \"我注意到你提到了服务器重启作为解决网站崩溃问题的一种措施。那么能否详细描述一下，在遇到县城跑或服务器过载的情况下，你是如何具体处理的？比如，除了重启服务器，你还采取了哪些措施来确保网站的稳定运行？\", \"user_message\": \"呃首先的话我会对网站的申请访问进行一个限制，比如说同一个用户在一秒钟只能申请几个请求，那么如果它过多的话，我就会把它删掉。\", \"turn_analysis\": \"候选人的回答虽然提到了对网站请求进行限制的措施，这显示了一定的问题解决思路，但在技术深度和逻辑性方面稍显不足。回答缺乏具体实施细节，如具体的技术实现、监控手段以及如何平衡用户体验与服务器负载的策略等。此外，回答没有提及服务器重启以外的其他措施，如负载均衡、缓存策略等，这些都是确保网站稳定运行的重要手段。\"}, {\"id\": 524, \"sequence\": 6, \"timestamp\": \"2025-07-19T11:10:59.840\", \"ai_message\": \"我明白了你对网站访问限制的做法。那么，能否进一步分享一下你是如何具体实现这个限制的？比如，你是使用什么技术或工具来监控和限制用户请求？以及在遇到大量请求时，你的系统是如何处理和响应的？\", \"user_message\": \"嗯首先我会先去访问，嘛比如说用一个你如果是遇到大量停留的话，我会把它写进一个队列里面，呃应用的技术规划有一个呃 mq的一个消息队列。\", \"turn_analysis\": \"候选人的回答虽然提到了使用消息队列（MQ）来处理大量请求，这表明了一定的技术深度。然而，回答中存在明显的不足：首先，没有具体解释如何监控和限制用户请求，缺乏对问题核心的直接命中。其次，回答结构混乱，语言表达不够清晰流畅，例如“呃应用的技术规划有一个呃 mq的一个消息队列”这样的表述显得不专业且难以理解。最后，候选人未能详细解释在遇到大量请求时系统的处理和响应机制，这显示出逻辑思维方面的欠缺。\"}, {\"id\": 525, \"sequence\": 7, \"timestamp\": \"2025-07-19T11:11:39.550\", \"ai_message\": \"我注意到你提到了使用消息队列来处理大量请求。能否详细描述一下，你是如何使用消息队列来实现这个功能的？比如，你是如何将请求写入队列的？又是如何从队列中取出请求并进行处理的？\", \"user_message\": null, \"turn_analysis\": null}], \"radar_data\": {\"series\": [{\"name\": \"能力评分\", \"value\": [0, 0, 0, 0, 0, 0]}], \"indicator\": [{\"max\": 100, \"name\": \"专业知识\"}, {\"max\": 100, \"name\": \"技能匹配\"}, {\"max\": 100, \"name\": \"语言表达\"}, {\"max\": 100, \"name\": \"逻辑思维\"}, {\"max\": 100, \"name\": \"创新能力\"}, {\"max\": 100, \"name\": \"应变抗压\"}]}, \"generated_at\": \"2025-07-19 11:12\", \"interviewDate\": \"2025-07-19 11:07\", \"interviewType\": \"社招 - 技术面\", \"overall_summary\": \"候选人在面试中表现出一定的沟通能力和基础技术知识，但在深度和细节上有待加强，特别是在技术问题的解答和问题解决策略上。\", \"recommendations\": [{\"id\": 32, \"url\": \"https://www.example.com/courses/high-concurrency-solutions\", \"title\": \"高效并发解决方案\", \"step_number\": 1, \"recommendation_reason\": \"候选人对高并发处理的理解和解决方案描述不够深入和具体，这表明他在系统设计和性能优化方面的知识需要进一步加强。\"}, {\"id\": 33, \"url\": \"https://www.example.com/books/high-concurrency-principles-and-practice\", \"title\": \"深入浅出：高并发处理原理与实践\", \"step_number\": 2, \"recommendation_reason\": \"候选人对高并发处理的理解和解决方案描述不够深入和具体，这表明他在系统设计和性能优化方面的知识需要进一步加强。\"}, {\"id\": 34, \"url\": \"https://www.example.com/courses/mastering-message-queues\", \"title\": \"精通消息队列：从入门到精通\", \"step_number\": 3, \"recommendation_reason\": \"尽管候选人提到了使用消息队列来处理大量请求，但对如何具体实现和应用MQ的细节描述不足，需要更深入了解其工作原理及最佳实践。\"}, {\"id\": 35, \"url\": \"https://www.example.com/books/message-queue-practical-guide\", \"title\": \"消息队列实战指南\", \"step_number\": 4, \"recommendation_reason\": \"尽管候选人提到了使用消息队列来处理大量请求，但对如何具体实现和应用MQ的细节描述不足，需要更深入了解其工作原理及最佳实践。\"}, {\"id\": 36, \"url\": \"https://www.example.com/courses/frontend-backend-separation-architecture\", \"title\": \"前后端分离架构全解析\", \"step_number\": 5, \"recommendation_reason\": \"候选人对于前后端分离架构的描述较为模糊，未能充分展示对该架构优势及其在实际开发中的应用理解。\"}, {\"id\": 37, \"url\": \"https://www.example.com/books/building-efficient-frontend-backend-separated-applications\", \"title\": \"构建高效前后端分离应用：设计、实现与优化\", \"step_number\": 6, \"recommendation_reason\": \"候选人对于前后端分离架构的描述较为模糊，未能充分展示对该架构优势及其在实际开发中的应用理解。\"}], \"filler_word_usage\": {\"xaxisData\": [\"呃\", \"嗯\"], \"seriesData\": [6, 3]}, \"tension_curve_data\": {\"xaxisData\": [], \"seriesData\": []}, \"behavioral_analysis\": \"候选人在回答时使用了较多的填充词（如“呃”、“嗯”），这可能表明他在思考过程中存在短暂的停顿或犹豫。整体上，他能够流畅地表达自己的观点，但需要进一步改进以增强专业性和清晰度。\", \"overall_suggestions\": \"1. 加强对前端技术的深入学习和实践，特别是与职位相关的高级技能；2. 提高逻辑思维能力，通过学习相关课程或参加逻辑思维训练；3. 增加项目管理经验，参与实际项目以提高问题解决能力和团队合作能力。\", \"behavioral_suggestions\": \"1. 减少使用填充词，提前准备并熟悉所有可能的问题和答案；2. 练习清晰、有条理地回答问题，确保逻辑性和条理性；3. 在回答前花时间组织思路，避免即兴回答导致语言不流畅。\", \"eye_contact_percentage\": {\"xaxisData\": [], \"seriesData\": []}, \"question_analysis_data\": [{\"score\": 70, \"answer\": \"我是一口我来自广东海洋大学，我来面试欧导。\", \"question\": \"你好，我是本次面试的AI面试官。为了更好地了解你，请先花一到两分钟做一个简单的自我介绍吧。\", \"suggestion\": \"建议候选人在自我介绍时，可以稍微详细地介绍自己的教育背景、专业技能或者与职位相关的经验。例如，可以提到具体的专业领域、项目经历或实习经历，这样不仅能展示技术深度，还能更好地吸引面试官的兴趣。\"}, {\"score\": 20, \"answer\": \"没有学过招的课程，并且不在该课程中的成绩达到满分。\", \"question\": \"你好！很高兴见到你。根据我们之前的沟通，我了解到你来自广东海洋大学，并且正在面试字节跳动的前端开发职位。首先，我想请你详细描述一下你在广东海洋大学所学的软件工程专业中，有哪些课程是与前端开发相关的？\", \"suggestion\": \"建议候选人重新思考并详细描述一下他在广东海洋大学所学的软件工程专业中，有哪些课程是与前端开发相关的。可以包括具体的课程名称、学习内容以及这些课程如何为他提供了必要的技能和知识。同时，注意语言表达的清晰度和逻辑性，确保回答能够准确反映候选人的专业背景和技能水平。\"}, {\"score\": 20, \"answer\": \"嗯我在开发过程中遇到呃网站崩溃服务器上的这些软件，并且我在手机中使用的4S店等网上搜索。\", \"question\": \"我理解你可能在特定课程中的成绩没有达到满分，但我想知道你是否在其他相关领域有所专长或特别的贡献。能否分享一下你在软件开发过程中遇到的一个挑战，以及你是如何克服它的？\", \"suggestion\": \"建议候选人重新组织语言，清晰地阐述在软件开发过程中遇到的具体挑战，并详细描述你是如何分析问题、寻找解决方案并最终克服这个挑战的。这样的回答不仅能够展示你的技术能力和解决问题的逻辑性，同时也能让面试官看到你面对困难时的应对策略和学习能力。\"}, {\"score\": 40, \"answer\": \"嗯我是通过比如说网站崩溃的原因有很多，呃其中有一个的话是县城跑嘛或者是呃服务器过载的问题，首先的话我对服务器进行了重启。\", \"question\": \"我注意到你在描述中似乎提到了一些与技术面试不太相关的内容。让我们回到技术问题上，你能详细分享一下在项目开发过程中遇到的具体挑战吗？比如网站崩溃的原因是什么，你是如何定位和解决这个问题的？\", \"suggestion\": \"建议候选人在回答技术问题时能够更具体地描述问题发生的背景、采取的解决措施、以及从中学到的经验教训。同时，注意使用专业术语和清晰的语言表达，避免不必要的口语化表述，以增强回答的专业性和说服力。\"}, {\"score\": 40, \"answer\": \"呃首先的话我会对网站的申请访问进行一个限制，比如说同一个用户在一秒钟只能申请几个请求，那么如果它过多的话，我就会把它删掉。\", \"question\": \"我注意到你提到了服务器重启作为解决网站崩溃问题的一种措施。那么能否详细描述一下，在遇到县城跑或服务器过载的情况下，你是如何具体处理的？比如，除了重启服务器，你还采取了哪些措施来确保网站的稳定运行？\", \"suggestion\": \"建议候选人在回答时，首先明确指出遇到县城跑或服务器过载的情况时的具体处理步骤。例如：1. 立即启动网站的监控工具，实时监测服务器的运行状态和流量情况；2. 根据预设的阈值，对异常流量进行限流处理，避免服务器过载；3. 启用缓存机制，减少对数据库的直接访问，提高数据读取速度；4. 如果问题持续存在，考虑使用负载均衡器分配访问流量到多个服务器上，以分散压力。通过这些具体措施的描述，可以更好地展示候选人的问题解决能力和技术深度。\"}, {\"score\": 45, \"answer\": \"嗯首先我会先去访问，嘛比如说用一个你如果是遇到大量停留的话，我会把它写进一个队列里面，呃应用的技术规划有一个呃 mq的一个消息队列。\", \"question\": \"我明白了你对网站访问限制的做法。那么，能否进一步分享一下你是如何具体实现这个限制的？比如，你是使用什么技术或工具来监控和限制用户请求？以及在遇到大量请求时，你的系统是如何处理和响应的？\", \"suggestion\": \"建议候选人针对面试官的问题进行更加深入的准备。具体而言，可以这样改进回答：首先，明确阐述你是如何通过特定的技术或工具（如Web服务器配置、防火墙规则、API速率限制等）来实现网站访问限制的。接着，详细说明当系统遇到大量请求时的处理流程，包括你采用的具体策略和技术手段，如使用消息队列（MQ）缓冲请求并分批处理，以及如何确保系统的高可用性和稳定性。最后，强调你的系统设计是如何考虑可扩展性和容错性的。\"}, {\"score\": null, \"answer\": null, \"question\": \"我注意到你提到了使用消息队列来处理大量请求。能否详细描述一下，你是如何使用消息队列来实现这个功能的？比如，你是如何将请求写入队列的？又是如何从队列中取出请求并进行处理的？\", \"suggestion\": null}]}','2025-07-19 03:12:43','2025-07-19 03:12:52'),(7,'1-12-1752902445123',1,'{\"position\": \"前端\", \"dialogues\": [{\"id\": 531, \"sequence\": 1, \"timestamp\": \"2025-07-19T13:20:46.818\", \"ai_message\": \"你好，我是本次面试的AI面试官。为了更好地了解你，请先花一到两分钟做一个简单的自我介绍吧。\", \"user_message\": \"你好，我是一口我来自广东海洋大学。\", \"turn_analysis\": \"候选人的回答虽然简短，但成功地提供了自己的教育背景信息。然而，回答缺乏具体的个人经历、技能或职业目标的说明，这在自我介绍中是非常重要的部分。\"}, {\"id\": 532, \"sequence\": 2, \"timestamp\": \"2025-07-19T13:21:02.737\", \"ai_message\": \"你好！很高兴见到你。我是字节跳动的 AI 技术面试官，今天我们将进行一场面试。首先，我想请你简单介绍一下自己，包括你的教育背景、技能和项目经验。\", \"user_message\": \"你好。我吸一口，我来自广州海洋大学，我是一个本科在读的大二的学生，我在大一期间就参与过多个项目，还有多个比赛。\", \"turn_analysis\": \"候选人的回答直接介绍了自己的教育背景和项目经验，展现了一定的准备度。然而，回答缺乏具体的技能描述和技术深度，未能充分展现技术能力或解决问题的逻辑性。此外，回答中未明确提到具体项目的具体内容和所扮演的角色，使得面试官难以全面评估其技术实力和项目贡献。\"}, {\"id\": 533, \"sequence\": 3, \"timestamp\": \"2025-07-19T13:21:34.821\", \"ai_message\": \"你好！很高兴见到你。我是字节跳动的 AI 技术面试官，今天我们将进行一场面试。首先，我想请你简单介绍一下自己，包括你的教育背景、技能和项目经验。\", \"user_message\": \"我现在在做自我介绍，我的自我介绍完毕。\", \"turn_analysis\": \"候选人的回答未能直接命中问题的核心，即没有提供具体的教育背景、技能和项目经验信息。回答中缺乏具体细节，无法评估候选人的技术深度或逻辑性。此外，回答的结构与清晰度方面也表现欠佳，语言表达不够流畅且缺乏组织。\"}, {\"id\": 534, \"sequence\": 4, \"timestamp\": \"2025-07-19T13:22:01.678\", \"ai_message\": \"你好，很高兴认识你！我是字节跳动的前端技术面试官。根据你提供的简历信息，我注意到你在广东海洋大学软件工程专业学习，并且有丰富的项目经验。首先，我想深入了解一下你的教育背景和技能。你能分享一些你在大学期间主修的课程和所掌握的技能吗？\", \"user_message\": \"你好，呃我在大学期间主修的课程是软件工程，还有呃操作系统等相关的还有job web，然后我掌握的技能有，呃比如说我是一个后端的一个开发，那么我掌握的有招啊 split等技术。\", \"turn_analysis\": \"候选人的回答虽然简洁，但未能完全覆盖面试官的问题要求。回答中没有详细列出在大学期间主修的课程和具体掌握的技能，而是泛泛而谈，缺乏具体的技术深度和逻辑性。此外，语言表达上显得有些犹豫和不流畅，影响了回答的整体清晰度。\"}, {\"id\": 535, \"sequence\": 5, \"timestamp\": \"2025-07-19T13:23:18.021\", \"ai_message\": \"你好，很高兴认识你！我是字节跳动的前端技术面试官。根据你提供的简历信息，我注意到你在广东海洋大学软件工程专业学习，并且有丰富的项目经验。首先，我想深入了解一下你的教育背景和技能。你能分享一些你在大学期间主修的课程和所掌握的技能吗？\", \"user_message\": null, \"turn_analysis\": null}], \"radar_data\": {\"series\": [{\"name\": \"能力评分\", \"value\": [60.0, 50.0, 45.0, 40.0, null, null]}], \"indicator\": [{\"max\": 100, \"name\": \"专业知识\"}, {\"max\": 100, \"name\": \"技能匹配\"}, {\"max\": 100, \"name\": \"语言表达\"}, {\"max\": 100, \"name\": \"逻辑思维\"}, {\"max\": 100, \"name\": \"创新能力\"}, {\"max\": 100, \"name\": \"应变抗压\"}]}, \"generated_at\": \"2025-07-19 13:24\", \"interviewDate\": \"2025-07-19 13:20\", \"interviewType\": \"社招 - 技术面\", \"overall_summary\": \"候选人在面试中的表现显示出一定的准备，特别是在教育背景和项目经验方面。然而，回答中缺乏具体技能描述、个人经历及职业目标说明，导致无法全面展示其专业能力和职业潜力。\", \"recommendations\": [{\"id\": 39, \"url\": \"https://www.amazon.com/Software-Development-Fundamentals-Jon-Skeet/dp/1484209375\", \"title\": \"Software Development Fundamentals\", \"step_number\": 1, \"recommendation_reason\": \"候选人未能充分展现其专业技能和技术深度，建议通过具体的项目经验和技术细节来强化这一点。\"}, {\"id\": 40, \"url\": \"https://www.udemy.com/ Learn-Python-in-One-Hour/\", \"title\": \"Learn Python in One Hour\", \"step_number\": 2, \"recommendation_reason\": \"候选人未能充分展现其专业技能和技术深度，建议通过具体的项目经验和技术细节来强化这一点。\"}, {\"id\": 41, \"url\": \"https://www.careerguider.com/career-navigator\", \"title\": \"Career Navigator: A Comprehensive Guide to Finding Your Next Job\", \"step_number\": 3, \"recommendation_reason\": \"缺乏明确的职业规划和目标说明会限制面试官对候选人长期发展潜力的理解，建议明确阐述个人的职业愿景和发展计划。\"}, {\"id\": 42, \"url\": \"https://www.goodreads.com/book/show/16930256-the-7-habits-of-highly-effective-people\", \"title\": \"The 7 Habits of Highly Effective People: Powerful Tools for Getting Organized, Managing Time, and Staying Motivated\", \"step_number\": 4, \"recommendation_reason\": \"缺乏明确的职业规划和目标说明会限制面试官对候选人长期发展潜力的理解，建议明确阐述个人的职业愿景和发展计划。\"}, {\"id\": 43, \"url\": \"https://www.pmpcertification.org/pmp-certification-study-guide/\", \"title\": \"Project Management Professional (PMP) Certification Study Guide\", \"step_number\": 5, \"recommendation_reason\": \"候选人在描述项目经验时过于泛泛而谈，缺乏具体细节，建议详细描述项目中的技术挑战、解决方案和个人贡献，以展示解决实际问题的能力。\"}, {\"id\": 44, \"url\": \"https://www.amazon.com/Agile-Project-Management-Planning-Delivery/dp/1484875265\", \"title\": \"Agile Project Management: From Planning to Delivery\", \"step_number\": 6, \"recommendation_reason\": \"候选人在描述项目经验时过于泛泛而谈，缺乏具体细节，建议详细描述项目中的技术挑战、解决方案和个人贡献，以展示解决实际问题的能力。\"}], \"filler_word_usage\": {\"xaxisData\": [\"呃\", \"然后\"], \"seriesData\": [3, 1]}, \"tension_curve_data\": {\"xaxisData\": [], \"seriesData\": []}, \"behavioral_analysis\": \"候选人在回答问题时使用了较多的填充词如\'呃\'和\'然后\'，这可能表明其在思考和表达上存在一定的紧张或不流畅。眼神交流等非语言行为数据未提供，难以评估沟通风格。\", \"overall_suggestions\": \"系统学习前端开发的核心知识；加强对技术深度和逻辑性的描述能力；提高面试前的准备工作，确保能够清晰、准确地展示自己的专业技能和个人经历。\", \"behavioral_suggestions\": \"建议候选人在回答问题前进行充分的准备，减少填充词的使用，以增强表达的准确性和专业性。同时，可以加强眼神交流和非语言沟通技巧的训练，以提升整体的沟通效果。\", \"eye_contact_percentage\": {\"xaxisData\": [], \"seriesData\": []}, \"question_analysis_data\": [{\"score\": 40, \"answer\": \"你好，我是一口我来自广东海洋大学。\", \"question\": \"你好，我是本次面试的AI面试官。为了更好地了解你，请先花一到两分钟做一个简单的自我介绍吧。\", \"suggestion\": \"建议候选人在自我介绍时，除了提供教育背景外，还可以简要介绍自己的专业技能、兴趣爱好或者职业规划等，这样能更全面地展示自己。例如：你好，我是来自广东海洋大学的学生，主修计算机科学专业，对人工智能和机器学习领域有浓厚兴趣，未来希望能在这些方向上有所发展。\"}, {\"score\": 60, \"answer\": \"你好。我吸一口，我来自广州海洋大学，我是一个本科在读的大二的学生，我在大一期间就参与过多个项目，还有多个比赛。\", \"question\": \"你好！很高兴见到你。我是字节跳动的 AI 技术面试官，今天我们将进行一场面试。首先，我想请你简单介绍一下自己，包括你的教育背景、技能和项目经验。\", \"suggestion\": \"建议候选人在回答时详细描述自己参与的项目，特别是技术方面的贡献和解决的具体问题，以展示技术深度和逻辑性。同时，可以简要提及个人的技能亮点，如编程语言、算法能力等，以增强回答的针对性和专业性。\"}, {\"score\": 20, \"answer\": \"我现在在做自我介绍，我的自我介绍完毕。\", \"question\": \"你好！很高兴见到你。我是字节跳动的 AI 技术面试官，今天我们将进行一场面试。首先，我想请你简单介绍一下自己，包括你的教育背景、技能和项目经验。\", \"suggestion\": \"建议候选人重新组织回答，首先明确介绍自己的教育背景，然后详细介绍你的专业技能以及相关的项目经验。确保每个部分都有具体的描述，以展示你的技术深度和逻辑性。同时，注意语言的流畅性和组织结构的清晰性。\"}, {\"score\": 50, \"answer\": \"你好，呃我在大学期间主修的课程是软件工程，还有呃操作系统等相关的还有job web，然后我掌握的技能有，呃比如说我是一个后端的一个开发，那么我掌握的有招啊 split等技术。\", \"question\": \"你好，很高兴认识你！我是字节跳动的前端技术面试官。根据你提供的简历信息，我注意到你在广东海洋大学软件工程专业学习，并且有丰富的项目经验。首先，我想深入了解一下你的教育背景和技能。你能分享一些你在大学期间主修的课程和所掌握的技能吗？\", \"suggestion\": \"建议候选人在面试前准备一份详细的教育背景和技术技能清单，确保能够清晰、具体地回答面试官的问题。例如，可以具体说明在学习软件工程专业时，哪些课程对您的技术能力提升有显著帮助，以及您在项目开发中具体掌握了哪些后端开发技能，如split等技术的具体应用。这样不仅能展示出你的专业能力，也能让面试官对你的技术深度和逻辑性有一个更好的了解。\"}, {\"score\": null, \"answer\": null, \"question\": \"你好，很高兴认识你！我是字节跳动的前端技术面试官。根据你提供的简历信息，我注意到你在广东海洋大学软件工程专业学习，并且有丰富的项目经验。首先，我想深入了解一下你的教育背景和技能。你能分享一些你在大学期间主修的课程和所掌握的技能吗？\", \"suggestion\": null}]}','2025-07-19 05:24:34','2025-07-19 05:24:34'),(8,'1-19-1752902177435',1,'{\"position\": \"运营总监\", \"dialogues\": [{\"id\": 529, \"sequence\": 1, \"timestamp\": \"2025-07-19T13:16:22.742\", \"ai_message\": \"你好，我是本次面试的AI面试官。为了更好地了解你，请先花一到两分钟做一个简单的自我介绍吧。\", \"user_message\": \"我是王源我是王源。\", \"turn_analysis\": \"候选人的回答虽然简短，但直接且准确地回答了面试官的问题。然而，回答中缺乏具体的内容展示个人背景、经验或专业技能，这在面试中通常是很重要的部分。\"}, {\"id\": 530, \"sequence\": 2, \"timestamp\": \"2025-07-19T13:16:38.209\", \"ai_message\": \"你好，王源。很高兴见到你。根据我们的面试流程，我想先从你的简历开始了解。你在大学期间有哪些重要的项目经历呢？\", \"user_message\": null, \"turn_analysis\": null}], \"radar_data\": {\"series\": [{\"name\": \"能力评分\", \"value\": [55.0, 60.0, 70.0, 65.0, null, null]}], \"indicator\": [{\"max\": 100, \"name\": \"专业知识\"}, {\"max\": 100, \"name\": \"技能匹配\"}, {\"max\": 100, \"name\": \"语言表达\"}, {\"max\": 100, \"name\": \"逻辑思维\"}, {\"max\": 100, \"name\": \"创新能力\"}, {\"max\": 100, \"name\": \"应变抗压\"}]}, \"generated_at\": \"2025-07-19 13:16\", \"interviewDate\": \"2025-07-19 13:16\", \"interviewType\": \"校招 - 技术面\", \"overall_summary\": \"候选人在逻辑思考和语音表达能力方面表现出色，但在专业知识和技能匹配上略显不足。建议在未来的面试中加强专业领域的知识储备和具体经验展示。\", \"recommendations\": [{\"id\": 3, \"url\": \"https://example.com/how-to-improve-your-professional-knowledge\", \"title\": \"如何提升你的专业知识\", \"step_number\": 1, \"recommendation_reason\": \"专业知识得分相对较低，表明需要进一步加强对运营总监岗位所需专业知识的学习和应用。\"}, {\"id\": 11, \"url\": \"https://medium.com/@example/skill-matching-how-to-use-machine-learning-for-efficient-recruitment-5c3d84a12b97\", \"title\": \"技能匹配：如何利用机器学习进行高效招聘\", \"step_number\": 2, \"recommendation_reason\": \"技能匹配得分也未达到理想水平，提示候选人应更多地结合具体案例展示自己解决问题的能力。\"}], \"filler_word_usage\": {\"xaxisData\": [], \"seriesData\": []}, \"tension_curve_data\": {\"xaxisData\": [], \"seriesData\": []}, \"behavioral_analysis\": \"候选人在面试过程中使用了少量的填充词，但整体沟通风格清晰、直接。然而，由于缺乏具体的背景信息和个人特质的展示，使得面试官难以全面评估其适合度。\", \"overall_suggestions\": \"系统学习相关技术知识以提升专业水平；通过实际项目或实习经验来强化技能匹配；提前准备并练习自我介绍，确保能够清晰、准确地表达自己的优势和职业目标。\", \"behavioral_suggestions\": \"避免过多使用填充词，确保回答内容充实且具体；在自我介绍中加入更多个人经历和专业技能的描述，以增强说服力。\", \"eye_contact_percentage\": {\"xaxisData\": [], \"seriesData\": []}, \"question_analysis_data\": [{\"score\": 45, \"answer\": \"我是王源我是王源。\", \"question\": \"你好，我是本次面试的AI面试官。为了更好地了解你，请先花一到两分钟做一个简单的自我介绍吧。\", \"suggestion\": \"建议在自我介绍时包含更多关于你的教育背景、工作经验以及你认为自己适合这个角色的原因。这样不仅可以展示你的专业能力，还能让面试官更好地了解你的个人特质和职业目标。\"}, {\"score\": null, \"answer\": null, \"question\": \"你好，王源。很高兴见到你。根据我们的面试流程，我想先从你的简历开始了解。你在大学期间有哪些重要的项目经历呢？\", \"suggestion\": null}]}','2025-07-19 06:12:13','2025-07-19 06:12:13'),(9,'1-19-1752907189480',1,'{\"position\": \"运营总监\", \"dialogues\": [{\"id\": 545, \"sequence\": 1, \"timestamp\": \"2025-07-19T14:39:53.022\", \"ai_message\": \"你好，我是本次面试的AI面试官。为了更好地了解你，请先花一到两分钟做一个简单的自我介绍吧。\", \"user_message\": \"啊我叫王源，我最喜欢唱歌，我的自我介绍完毕。\", \"turn_analysis\": \"候选人的回答虽然简短，但成功提供了自己的姓名和兴趣，即唱歌。然而，回答缺乏对职业经历、教育背景或专业技能的具体阐述，这在面试中通常是非常重要的部分。\"}, {\"id\": 546, \"sequence\": 2, \"timestamp\": \"2025-07-19T14:40:10.454\", \"ai_message\": \"你好，王源。我注意到你喜欢唱歌，这很棒！现在让我们开始正式的面试环节吧。首先，我想了解一下你之前参与的项目经验。能否分享一下你在【导购店长程序】项目中具体负责了哪些任务？\", \"user_message\": \"我主要负责当导狗。\", \"turn_analysis\": \"候选人的回答\'我主要负责当导狗。\'虽然简单，但未能直接回答面试官关于具体项目经验的问题。此回答在相关性方面表现不佳，因为未涉及具体的项目内容或责任。技术深度和逻辑性也不足，没有展现出对项目的深入理解或清晰的任务描述。此外，回答的结构与清晰度欠佳，语言表达不够清晰流畅。\"}, {\"id\": 547, \"sequence\": 3, \"timestamp\": \"2025-07-19T14:40:35.296\", \"ai_message\": \"你好，王源。我注意到你提到“我主要负责当导狗”，这似乎与我们的面试职位不太相关。我们是在寻找运营总监的候选人，所以我想更深入地了解你在这个领域的经历和技能。你能详细描述一下你在“导购店长程序”项目中的具体职责吗？\", \"user_message\": \"就是当导狗啊。\", \"turn_analysis\": \"候选人的回答“就是当导狗啊。”显得非常简洁，但缺乏具体信息和深度。这样的回答没有直接回应面试官的问题，也没有提供足够的背景信息来评估候选人的技能或经验。\"}, {\"id\": 548, \"sequence\": 4, \"timestamp\": \"2025-07-19T14:41:35.432\", \"ai_message\": \"你好，王源。我注意到你提到“我主要负责当导狗”，这似乎与我们的面试职位不太相关。我们是在寻找运营总监的候选人，所以我想更深入地了解你在这个领域的经历和技能。你能详细描述一下你在\\\"导购店长程序\\\"项目中的具体职责吗？\", \"user_message\": null, \"turn_analysis\": null}], \"radar_data\": {\"series\": [{\"name\": \"能力评分\", \"value\": [40.0, 25.0, 35.0, 35.0, null, null]}], \"indicator\": [{\"max\": 100, \"name\": \"专业知识\"}, {\"max\": 100, \"name\": \"技能匹配\"}, {\"max\": 100, \"name\": \"语言表达\"}, {\"max\": 100, \"name\": \"逻辑思维\"}, {\"max\": 100, \"name\": \"创新能力\"}, {\"max\": 100, \"name\": \"应变抗压\"}]}, \"generated_at\": \"2025-07-19 14:42\", \"interviewDate\": \"2025-07-19 14:39\", \"interviewType\": \"校招 - 技术面\", \"overall_summary\": \"候选人在面试中表现出一定的沟通能力，但在技术深度、项目经验和专业背景方面表现欠佳。建议加强专业技能和具体项目经验的展示，以更好地满足运营总监的岗位要求。\", \"recommendations\": [{\"id\": 49, \"url\": \"https://books.google.com/ books/about/The_PMBOK_Guide.html?id=xqaYAAAAcEJ&source=kp_book_r_u_qrz-lOQLWnKUQAZ\", \"title\": \"《项目管理知识体系指南》（PMBOK）\", \"step_number\": 1, \"recommendation_reason\": \"候选人在回答关于具体项目经验的问题时显得支离破碎，缺乏系统性和专业性的描述，这表明其在项目管理方面的知识和经验不足。\"}, {\"id\": 50, \"url\": \"https://www.skillstracker.com/\", \"title\": \"《软件技能自评工具》\", \"step_number\": 2, \"recommendation_reason\": \"根据评分来看，候选人在专业技能匹配度上的得分较低，这可能与其对应聘职位所需的专业技能理解不足有关。需要针对性地进行技能补充和提升。\"}, {\"id\": 51, \"url\": \"https://www.goodreads.com/book/show/10543297-the_innovator%27s_dilemma\", \"title\": \"《创新者的窘境》（The Innovator\'s Dilemma）\", \"step_number\": 3, \"recommendation_reason\": \"虽然报告中未直接提及创新思维能力的具体评价，但考虑到当前岗位对创新能力的要求，候选人在这方面的表现可能较为薄弱。建议通过参与创新项目或竞赛来增强此能力。\"}], \"filler_word_usage\": {\"xaxisData\": [\"就是\"], \"seriesData\": [1]}, \"tension_curve_data\": {\"xaxisData\": [], \"seriesData\": []}, \"behavioral_analysis\": \"候选人在回答问题时频繁使用填充词\'就是\'，显示出沟通上的不流畅和思考的不连贯。此外，缺乏对职业经历和具体技能的深入描述，表明其可能在自我表达和逻辑组织能力上有待提升。\", \"overall_suggestions\": \"系统学习并掌握与目标职位相关的专业知识和技术；通过模拟面试或参与实际项目来提高项目管理能力和问题解决能力；加强逻辑思维训练，提升分析和解决问题的能力。\", \"behavioral_suggestions\": \"练习使用更具体的语言来描述自己的经验和职责，避免过度依赖填充词；提前准备并练习如何清晰、有逻辑地表达自己的观点和经验。\", \"eye_contact_percentage\": {\"xaxisData\": [], \"seriesData\": []}, \"question_analysis_data\": [{\"score\": 40, \"answer\": \"啊我叫王源，我最喜欢唱歌，我的自我介绍完毕。\", \"question\": \"你好，我是本次面试的AI面试官。为了更好地了解你，请先花一到两分钟做一个简单的自我介绍吧。\", \"suggestion\": \"建议在自我介绍时加入更多关于你的专业背景、教育经历或具体技能的描述。例如，可以提到你在某个领域的专长或曾经完成的重要项目，这将使面试官更全面地了解你的能力和经验。\"}, {\"score\": 20, \"answer\": \"我主要负责当导狗。\", \"question\": \"你好，王源。我注意到你喜欢唱歌，这很棒！现在让我们开始正式的面试环节吧。首先，我想了解一下你之前参与的项目经验。能否分享一下你在【导购店长程序】项目中具体负责了哪些任务？\", \"suggestion\": \"建议重新组织语言，详细描述你在【导购店长程序】项目中的具体职责和贡献。例如，可以提到你负责的具体任务、使用的技术、解决的特定问题等。这样可以更好地展示你的专业能力和项目经验。\"}, {\"score\": 40, \"answer\": \"就是当导狗啊。\", \"question\": \"你好，王源。我注意到你提到“我主要负责当导狗”，这似乎与我们的面试职位不太相关。我们是在寻找运营总监的候选人，所以我想更深入地了解你在这个领域的经历和技能。你能详细描述一下你在“导购店长程序”项目中的具体职责吗？\", \"suggestion\": \"建议候选人在回答时详细描述自己的具体职责和成就，例如在“导购店长程序”项目中承担的角色、管理的任务以及取得的成果。这不仅有助于展现候选人的专业性，也便于面试官更全面地了解其技能和经验。\"}, {\"score\": null, \"answer\": null, \"question\": \"你好，王源。我注意到你提到“我主要负责当导狗”，这似乎与我们的面试职位不太相关。我们是在寻找运营总监的候选人，所以我想更深入地了解你在这个领域的经历和技能。你能详细描述一下你在\\\"导购店长程序\\\"项目中的具体职责吗？\", \"suggestion\": null}]}','2025-07-19 06:44:13','2025-07-19 06:44:25'),(10,'1-19-1752907468771',1,'{\"position\": \"运营总监\", \"dialogues\": [{\"id\": 549, \"sequence\": 1, \"timestamp\": \"2025-07-19T14:44:35.689\", \"ai_message\": \"你好，我是本次面试的AI面试官。为了更好地了解你，请先花一到两分钟做一个简单的自我介绍吧。\", \"user_message\": null, \"turn_analysis\": null}], \"radar_data\": {\"series\": [{\"name\": \"能力评分\", \"value\": [90.0, 85.0, 80.0, 80.0, null, null]}], \"indicator\": [{\"max\": 100, \"name\": \"专业知识\"}, {\"max\": 100, \"name\": \"技能匹配\"}, {\"max\": 100, \"name\": \"语言表达\"}, {\"max\": 100, \"name\": \"逻辑思维\"}, {\"max\": 100, \"name\": \"创新能力\"}, {\"max\": 100, \"name\": \"应变抗压\"}]}, \"generated_at\": \"2025-07-19 14:45\", \"interviewDate\": \"2025-07-19 14:44\", \"interviewType\": \"校招 - 技术面\", \"overall_summary\": \"候选人在专业技能和逻辑思维方面表现良好，但在语音表达和技术匹配上略显不足。总体适合校招运营总监职位。\", \"recommendations\": [{\"id\": 49, \"url\": \"https://books.google.com/ books/about/The_PMBOK_Guide.html?id=xqaYAAAAcEJ&source=kp_book_r_u_qrz-lOQLWnKUQAZ\", \"title\": \"《项目管理知识体系指南》（PMBOK）\", \"step_number\": 1, \"recommendation_reason\": \"由于缺乏实际的项目管理经验，建议通过实习或相关项目来弥补这一短板，增强实际操作能力。\"}], \"filler_word_usage\": {\"xaxisData\": [], \"seriesData\": []}, \"tension_curve_data\": {\"xaxisData\": [], \"seriesData\": []}, \"behavioral_analysis\": \"根据行为数据，候选人在面试中没有明显的口头禅使用，表现出良好的职业素养。\", \"overall_suggestions\": \"系统学习运营管理知识，特别是最新趋势；通过实际案例练习提高逻辑思考能力；参加公开演讲或沟通技巧培训以优化表达能力。\", \"behavioral_suggestions\": \"增强自信，提高语音表达的清晰度和力度；加强技术深度和广度的学习，提升与岗位的匹配度。\", \"eye_contact_percentage\": {\"xaxisData\": [], \"seriesData\": []}, \"question_analysis_data\": [{\"score\": null, \"answer\": null, \"question\": \"你好，我是本次面试的AI面试官。为了更好地了解你，请先花一到两分钟做一个简单的自我介绍吧。\", \"suggestion\": null}]}','2025-07-19 07:01:28','2025-07-19 07:01:33'),(11,'1-19-1752908717633',1,'{\"position\": \"运营总监\", \"dialogues\": [{\"id\": 553, \"sequence\": 1, \"timestamp\": \"2025-07-19T15:05:19.116\", \"ai_message\": \"你好，我是本次面试的AI面试官。为了更好地了解你，请先花一到两分钟做一个简单的自我介绍吧。\", \"user_message\": \"我是王源，我喜欢唱水牛音。\", \"turn_analysis\": \"候选人的回答虽然简短，但缺乏对问题的直接回应。回答中没有提供具体的职业背景、经验或技能等信息，这在面试自我介绍中通常是必要的。此外，回答与面试官的问题相关性较低，未能明确展示其专业能力或适合岗位的理由。\"}, {\"id\": 554, \"sequence\": 2, \"timestamp\": \"2025-07-19T15:05:34.648\", \"ai_message\": \"你好，王源。我注意到你在简历中提到了对水牛音的喜好。能具体谈谈你是如何喜欢水牛音的吗？它在你的音乐创作中扮演了什么角色？\", \"user_message\": \"他是我个人的演唱特色。\", \"turn_analysis\": \"候选人的回答简洁明了，直接指出了水牛音是他个人演唱特色的一部分。然而，这样的回答缺乏具体性，没有进一步解释水牛音如何影响他的创作过程或具体的创作实例。此外，虽然回答展现了一定的个性，但在深度和详细性方面稍显不足。\"}, {\"id\": 555, \"sequence\": 3, \"timestamp\": \"2025-07-19T15:05:56.623\", \"ai_message\": \"你好，王源。我注意到你在简历中提到了对水牛音的喜好。能具体谈谈你是如何喜欢水牛音的吗？它在你的音乐创作中扮演了什么角色？\", \"user_message\": \"他是我的个人特色，我的回答完毕。\", \"turn_analysis\": \"候选人的回答虽然简洁，但未能直接回答面试官的问题，缺乏具体性。他提到\'水牛音是他的个人特色\'，但没有进一步解释这种喜好如何影响他音乐创作的过程或成果。回答的结构与清晰度方面表现尚可，但缺乏深度和细节，使得回答显得过于简单和表面化。\"}, {\"id\": 556, \"sequence\": 4, \"timestamp\": \"2025-07-19T15:06:17.406\", \"ai_message\": \"你好，王源。我注意到你在简历中提到了对水牛音的喜好。能具体谈谈你是如何喜欢水牛音的吗？它在你的音乐创作中扮演了什么角色？\", \"user_message\": \"他就是很重要，啊我怎么知道？\", \"turn_analysis\": \"候选人的回答未能直接回答面试官的问题，表现出了回答相关性的不足。虽然试图表达对水牛音的重要性，但缺乏具体细节和逻辑性，未能展现技术深度或清晰的逻辑思维。此外，答案的组织混乱，语言表达不流畅，显示出结构与清晰度方面的明显不足。\"}, {\"id\": 557, \"sequence\": 5, \"timestamp\": \"2025-07-19T15:06:50.970\", \"ai_message\": \"你好，王源。我注意到你在简历中提到了对水牛音的喜好。能具体谈谈你是如何喜欢水牛音的吗？它在你的音乐创作中扮演了什么角色？\", \"user_message\": null, \"turn_analysis\": null}], \"radar_data\": {\"series\": [{\"name\": \"能力评分\", \"value\": [40.0, 35.0, 25.0, 25.0, null, null]}], \"indicator\": [{\"max\": 100, \"name\": \"专业知识\"}, {\"max\": 100, \"name\": \"技能匹配\"}, {\"max\": 100, \"name\": \"语言表达\"}, {\"max\": 100, \"name\": \"逻辑思维\"}, {\"max\": 100, \"name\": \"创新能力\"}, {\"max\": 100, \"name\": \"应变抗压\"}]}, \"generated_at\": \"2025-07-19 15:09\", \"interviewDate\": \"2025-07-19 15:05\", \"interviewType\": \"校招 - 技术面\", \"overall_summary\": \"候选人在面试中的表现显示出对职位要求理解不够深入，表达能力和逻辑思维能力有待提高。尽管有一定的创意和个性表达，但缺乏具体实例支撑，整体表现平平。\", \"recommendations\": [{\"id\": 54, \"url\": \"https://www.music-software.com/tutorials\", \"title\": \"音乐制作软件教程\", \"step_number\": 1, \"recommendation_reason\": \"虽然候选人展现了一定的音乐创作兴趣和个性，但在如何将音乐创作与技术工具或软件相结合方面表现出明显的不足。这是现代音乐制作中非常关键的技能，需要通过系统学习和实践来加强。\"}, {\"id\": 55, \"url\": \"https://dawu.org/daw-analysis\", \"title\": \"数字音频工作站(DAW)深度解析\", \"step_number\": 2, \"recommendation_reason\": \"虽然候选人展现了一定的音乐创作兴趣和个性，但在如何将音乐创作与技术工具或软件相结合方面表现出明显的不足。这是现代音乐制作中非常关键的技能，需要通过系统学习和实践来加强。\"}, {\"id\": 56, \"url\": \"https://projectmanagement.com/pmbok-guide\", \"title\": \"项目管理知识体系指南\", \"step_number\": 3, \"recommendation_reason\": \"候选人在项目管理方面的知识和经验明显不足，这对于担任运营总监职位是一个重要的短板。建议通过专业的培训课程和实际操作经验的积累来弥补这一不足。\"}, {\"id\": 57, \"url\": \"https://agilemanifesto.org/handbook\", \"title\": \"敏捷项目管理实战手册\", \"step_number\": 4, \"recommendation_reason\": \"候选人在项目管理方面的知识和经验明显不足，这对于担任运营总监职位是一个重要的短板。建议通过专业的培训课程和实际操作经验的积累来弥补这一不足。\"}, {\"id\": 58, \"url\": \"https://statistics.wharton.upenn.edu/rn/6803/f15/index.cfm\", \"title\": \"统计学原理与应用\", \"step_number\": 5, \"recommendation_reason\": \"在数据分析和解读方面的能力对于运营总监职位至关重要。候选人在这方面的能力较弱，需要通过学习相关的统计学知识和工具使用技巧来提升自己的分析能力。\"}, {\"id\": 59, \"url\": \"https://www.youtube.com/watch?v=dQw4w9WgXcQ&t=2067s\", \"title\": \"Excel高级数据分析技巧\", \"step_number\": 6, \"recommendation_reason\": \"在数据分析和解读方面的能力对于运营总监职位至关重要。候选人在这方面的能力较弱，需要通过学习相关的统计学知识和工具使用技巧来提升自己的分析能力。\"}], \"filler_word_usage\": {\"xaxisData\": [\"就是\"], \"seriesData\": [1]}, \"tension_curve_data\": {\"xaxisData\": [], \"seriesData\": []}, \"behavioral_analysis\": \"从行为数据来看，候选人在使用填充词（如\'就是\'）时较为频繁，这可能影响沟通的清晰度和专业形象。此外，候选人在回答过程中显得有些紧张，未能有效利用眼神交流等非语言沟通技巧增强表达效果。\", \"overall_suggestions\": \"系统性地补充专业知识和技术技能，特别是在目标岗位所需的专业技能方面；参与更多的实际项目或模拟项目实践，以提高技术应用能力和项目管理经验；加强逻辑思维训练和语言表达能力的提升，通过阅读、写作和公开演讲等方式全面提升个人综合能力。\", \"behavioral_suggestions\": \"建议减少填充词的使用，以增强语言表达的清晰度和专业性；同时，加强面试前的非语言沟通训练，如练习稳定的眼神交流和自信的身体语言，以提高整体的沟通效果。\", \"eye_contact_percentage\": {\"xaxisData\": [], \"seriesData\": []}, \"question_analysis_data\": [{\"score\": 20, \"answer\": \"我是王源，我喜欢唱水牛音。\", \"question\": \"你好，我是本次面试的AI面试官。为了更好地了解你，请先花一到两分钟做一个简单的自我介绍吧。\", \"suggestion\": \"建议候选人重新准备自我介绍，确保包含关键信息如职业背景、专业技能、相关经验和为什么认为自己适合该职位。同时，尝试将个人兴趣（如“喜欢唱水牛音”）与职业目标或技能相结合，以增加回答的相关性和吸引力。\"}, {\"score\": 55, \"answer\": \"他是我个人的演唱特色。\", \"question\": \"你好，王源。我注意到你在简历中提到了对水牛音的喜好。能具体谈谈你是如何喜欢水牛音的吗？它在你的音乐创作中扮演了什么角色？\", \"suggestion\": \"建议候选人提供一两个具体的音乐创作例子，说明水牛音如何在他的音乐中发挥作用。例如，可以分享一个特定的歌曲创作过程，或者描述一次在创作中使用水牛音元素的经历，以增加回答的深度和说服力。\"}, {\"score\": 20, \"answer\": \"他是我的个人特色，我的回答完毕。\", \"question\": \"你好，王源。我注意到你在简历中提到了对水牛音的喜好。能具体谈谈你是如何喜欢水牛音的吗？它在你的音乐创作中扮演了什么角色？\", \"suggestion\": \"建议候选人在回答时提供更具体的实例来说明水牛音在他的音乐创作中的具体角色和影响。例如，可以分享一个具体的音乐作品或创作过程，展示他是如何将个人对水牛音的喜好融入到音乐中的。这样的回答不仅能够更好地展示他的技术深度，也能让面试官更加了解他对音乐的独特见解和创造力。\"}, {\"score\": 15, \"answer\": \"他就是很重要，啊我怎么知道？\", \"question\": \"你好，王源。我注意到你在简历中提到了对水牛音的喜好。能具体谈谈你是如何喜欢水牛音的吗？它在你的音乐创作中扮演了什么角色？\", \"suggestion\": \"建议候选人在回答类似问题时，首先明确地阐述自己的观点，然后通过具体的例子或经历来支撑自己的论点。这样不仅能提高回答的相关性和逻辑性，还能增加回答的深度和说服力。同时，注意语言的清晰和条理，避免使用模糊不清或过于口语化的表达。\"}, {\"score\": null, \"answer\": null, \"question\": \"你好，王源。我注意到你在简历中提到了对水牛音的喜好。能具体谈谈你是如何喜欢水牛音的吗？它在你的音乐创作中扮演了什么角色？\", \"suggestion\": null}]}','2025-07-19 07:32:01','2025-07-19 07:32:01'),(12,'session-test-001',1,'{\"position\": \"运营总监\", \"dialogues\": [{\"id\": 553, \"sequence\": 1, \"timestamp\": \"2025-07-19T15:05:19.116\", \"ai_message\": \"你好，我是本次面试的AI面试官。为了更好地了解你，请先花一到两分钟做一个简单的自我介绍吧。\", \"user_message\": \"我是王源，我喜欢唱水牛音。\", \"turn_analysis\": \"候选人的回答虽然简短，但缺乏对问题的直接回应。回答中没有提供具体的职业背景、经验或技能等信息，这在面试自我介绍中通常是必要的。此外，回答与面试官的问题相关性较低，未能明确展示其专业能力或适合岗位的理由。\"}, {\"id\": 554, \"sequence\": 2, \"timestamp\": \"2025-07-19T15:05:34.648\", \"ai_message\": \"你好，王源。我注意到你在简历中提到了对水牛音的喜好。能具体谈谈你是如何喜欢水牛音的吗？它在你的音乐创作中扮演了什么角色？\", \"user_message\": \"他是我个人的演唱特色。\", \"turn_analysis\": \"候选人的回答简洁明了，直接指出了水牛音是他个人演唱特色的一部分。然而，这样的回答缺乏具体性，没有进一步解释水牛音如何影响他的创作过程或具体的创作实例。此外，虽然回答展现了一定的个性，但在深度和详细性方面稍显不足。\"}, {\"id\": 555, \"sequence\": 3, \"timestamp\": \"2025-07-19T15:05:56.623\", \"ai_message\": \"你好，王源。我注意到你在简历中提到了对水牛音的喜好。能具体谈谈你是如何喜欢水牛音的吗？它在你的音乐创作中扮演了什么角色？\", \"user_message\": \"他是我的个人特色，我的回答完毕。\", \"turn_analysis\": \"候选人的回答虽然简洁，但未能直接回答面试官的问题，缺乏具体性。他提到\'水牛音是他的个人特色\'，但没有进一步解释这种喜好如何影响他音乐创作的过程或成果。回答的结构与清晰度方面表现尚可，但缺乏深度和细节，使得回答显得过于简单和表面化。\"}, {\"id\": 556, \"sequence\": 4, \"timestamp\": \"2025-07-19T15:06:17.406\", \"ai_message\": \"你好，王源。我注意到你在简历中提到了对水牛音的喜好。能具体谈谈你是如何喜欢水牛音的吗？它在你的音乐创作中扮演了什么角色？\", \"user_message\": \"他就是很重要，啊我怎么知道？\", \"turn_analysis\": \"候选人的回答未能直接回答面试官的问题，表现出了回答相关性的不足。虽然试图表达对水牛音的重要性，但缺乏具体细节和逻辑性，未能展现技术深度或清晰的逻辑思维。此外，答案的组织混乱，语言表达不流畅，显示出结构与清晰度方面的明显不足。\"}, {\"id\": 557, \"sequence\": 5, \"timestamp\": \"2025-07-19T15:06:50.970\", \"ai_message\": \"你好，王源。我注意到你在简历中提到了对水牛音的喜好。能具体谈谈你是如何喜欢水牛音的吗？它在你的音乐创作中扮演了什么角色？\", \"user_message\": null, \"turn_analysis\": null}], \"radar_data\": {\"series\": [{\"name\": \"能力评分\", \"value\": [40.0, 35.0, 25.0, 25.0, null, null]}], \"indicator\": [{\"max\": 100, \"name\": \"专业知识\"}, {\"max\": 100, \"name\": \"技能匹配\"}, {\"max\": 100, \"name\": \"语言表达\"}, {\"max\": 100, \"name\": \"逻辑思维\"}, {\"max\": 100, \"name\": \"创新能力\"}, {\"max\": 100, \"name\": \"应变抗压\"}]}, \"generated_at\": \"2025-07-19 15:09\", \"interviewDate\": \"2025-07-19 15:05\", \"interviewType\": \"校招 - 技术面\", \"overall_summary\": \"候选人在面试中的表现显示出对职位要求理解不够深入，表达能力和逻辑思维能力有待提高。尽管有一定的创意和个性表达，但缺乏具体实例支撑，整体表现平平。\", \"recommendations\": [{\"id\": 54, \"url\": \"https://www.music-software.com/tutorials\", \"title\": \"音乐制作软件教程\", \"step_number\": 1, \"recommendation_reason\": \"虽然候选人展现了一定的音乐创作兴趣和个性，但在如何将音乐创作与技术工具或软件相结合方面表现出明显的不足。这是现代音乐制作中非常关键的技能，需要通过系统学习和实践来加强。\"}, {\"id\": 55, \"url\": \"https://dawu.org/daw-analysis\", \"title\": \"数字音频工作站(DAW)深度解析\", \"step_number\": 2, \"recommendation_reason\": \"虽然候选人展现了一定的音乐创作兴趣和个性，但在如何将音乐创作与技术工具或软件相结合方面表现出明显的不足。这是现代音乐制作中非常关键的技能，需要通过系统学习和实践来加强。\"}, {\"id\": 56, \"url\": \"https://projectmanagement.com/pmbok-guide\", \"title\": \"项目管理知识体系指南\", \"step_number\": 3, \"recommendation_reason\": \"候选人在项目管理方面的知识和经验明显不足，这对于担任运营总监职位是一个重要的短板。建议通过专业的培训课程和实际操作经验的积累来弥补这一不足。\"}, {\"id\": 57, \"url\": \"https://agilemanifesto.org/handbook\", \"title\": \"敏捷项目管理实战手册\", \"step_number\": 4, \"recommendation_reason\": \"候选人在项目管理方面的知识和经验明显不足，这对于担任运营总监职位是一个重要的短板。建议通过专业的培训课程和实际操作经验的积累来弥补这一不足。\"}, {\"id\": 58, \"url\": \"https://statistics.wharton.upenn.edu/rn/6803/f15/index.cfm\", \"title\": \"统计学原理与应用\", \"step_number\": 5, \"recommendation_reason\": \"在数据分析和解读方面的能力对于运营总监职位至关重要。候选人在这方面的能力较弱，需要通过学习相关的统计学知识和工具使用技巧来提升自己的分析能力。\"}, {\"id\": 59, \"url\": \"https://www.youtube.com/watch?v=dQw4w9WgXcQ&t=2067s\", \"title\": \"Excel高级数据分析技巧\", \"step_number\": 6, \"recommendation_reason\": \"在数据分析和解读方面的能力对于运营总监职位至关重要。候选人在这方面的能力较弱，需要通过学习相关的统计学知识和工具使用技巧来提升自己的分析能力。\"}], \"filler_word_usage\": {\"xaxisData\": [\"就是\"], \"seriesData\": [1]}, \"tension_curve_data\": {\"xaxisData\": [], \"seriesData\": []}, \"behavioral_analysis\": \"从行为数据来看，候选人在使用填充词（如\'就是\'）时较为频繁，这可能影响沟通的清晰度和专业形象。此外，候选人在回答过程中显得有些紧张，未能有效利用眼神交流等非语言沟通技巧增强表达效果。\", \"overall_suggestions\": \"系统性地补充专业知识和技术技能，特别是在目标岗位所需的专业技能方面；参与更多的实际项目或模拟项目实践，以提高技术应用能力和项目管理经验；加强逻辑思维训练和语言表达能力的提升，通过阅读、写作和公开演讲等方式全面提升个人综合能力。\", \"behavioral_suggestions\": \"建议减少填充词的使用，以增强语言表达的清晰度和专业性；同时，加强面试前的非语言沟通训练，如练习稳定的眼神交流和自信的身体语言，以提高整体的沟通效果。\", \"eye_contact_percentage\": {\"xaxisData\": [], \"seriesData\": []}, \"question_analysis_data\": [{\"score\": 20, \"answer\": \"我是王源，我喜欢唱水牛音。\", \"question\": \"你好，我是本次面试的AI面试官。为了更好地了解你，请先花一到两分钟做一个简单的自我介绍吧。\", \"suggestion\": \"建议候选人重新准备自我介绍，确保包含关键信息如职业背景、专业技能、相关经验和为什么认为自己适合该职位。同时，尝试将个人兴趣（如“喜欢唱水牛音”）与职业目标或技能相结合，以增加回答的相关性和吸引力。\"}, {\"score\": 55, \"answer\": \"他是我个人的演唱特色。\", \"question\": \"你好，王源。我注意到你在简历中提到了对水牛音的喜好。能具体谈谈你是如何喜欢水牛音的吗？它在你的音乐创作中扮演了什么角色？\", \"suggestion\": \"建议候选人提供一两个具体的音乐创作例子，说明水牛音如何在他的音乐中发挥作用。例如，可以分享一个特定的歌曲创作过程，或者描述一次在创作中使用水牛音元素的经历，以增加回答的深度和说服力。\"}, {\"score\": 20, \"answer\": \"他是我的个人特色，我的回答完毕。\", \"question\": \"你好，王源。我注意到你在简历中提到了对水牛音的喜好。能具体谈谈你是如何喜欢水牛音的吗？它在你的音乐创作中扮演了什么角色？\", \"suggestion\": \"建议候选人在回答时提供更具体的实例来说明水牛音在他的音乐创作中的具体角色和影响。例如，可以分享一个具体的音乐作品或创作过程，展示他是如何将个人对水牛音的喜好融入到音乐中的。这样的回答不仅能够更好地展示他的技术深度，也能让面试官更加了解他对音乐的独特见解和创造力。\"}, {\"score\": 15, \"answer\": \"他就是很重要，啊我怎么知道？\", \"question\": \"你好，王源。我注意到你在简历中提到了对水牛音的喜好。能具体谈谈你是如何喜欢水牛音的吗？它在你的音乐创作中扮演了什么角色？\", \"suggestion\": \"建议候选人在回答类似问题时，首先明确地阐述自己的观点，然后通过具体的例子或经历来支撑自己的论点。这样不仅能提高回答的相关性和逻辑性，还能增加回答的深度和说服力。同时，注意语言的清晰和条理，避免使用模糊不清或过于口语化的表达。\"}, {\"score\": null, \"answer\": null, \"question\": \"你好，王源。我注意到你在简历中提到了对水牛音的喜好。能具体谈谈你是如何喜欢水牛音的吗？它在你的音乐创作中扮演了什么角色？\", \"suggestion\": null}]}','2025-07-19 07:32:01','2025-07-19 07:32:01'),(13,'1-12-1752991707432',1,'{\"position\": \"前端\", \"dialogues\": [{\"id\": 566, \"sequence\": 1, \"timestamp\": \"2025-07-20T14:08:32.178\", \"ai_message\": \"你好，我是本次面试的AI面试官。为了更好地了解你，请先花一到两分钟做一个简单的自我介绍吧。\", \"user_message\": \"我来自广东海洋大学。\", \"turn_analysis\": \"候选人的回答简洁明了，直接提供了自己的教育背景信息，这在自我介绍中是一个基本且必要的部分。回答展现了良好的结构化能力，能够迅速进入主题。然而，该回答缺乏具体的个人经历、专业技能或职业目标等详细信息，这些内容对于全面展示候选人的能力及适合度非常重要。\"}, {\"id\": 567, \"sequence\": 2, \"timestamp\": \"2025-07-20T14:08:48.086\", \"ai_message\": \"你好，很高兴认识你。广东海洋大学是一个非常优秀的学校。你能告诉我你在广东海洋大学学习的专业吗？\", \"user_message\": \"我是软件工程的学生，我的专业是软件工程，那我们。\", \"turn_analysis\": \"候选人的回答直接回答了面试官的问题，表明了其专业背景。然而，回答中没有提供额外的信息，如个人在软件工程领域的具体经历或成就，这可能会让面试官对候选人的背景有更深入的了解。此外，回答略显简短且缺少结构上的清晰度。\"}, {\"id\": 568, \"sequence\": 3, \"timestamp\": \"2025-07-20T14:09:05.659\", \"ai_message\": \"你好，很高兴认识你。广东海洋大学是一个非常优秀的学校。你能告诉我你在广东海洋大学学习的专业吗？\", \"user_message\": \"我在广东海洋大学的专业是软件工程。\", \"turn_analysis\": \"候选人的回答直接且简洁地回答了面试官的问题，展现了良好的回答相关性。同时，候选人没有提供额外的无关信息，这体现了其回答的简洁性和专业性。然而，候选人的回答在技术深度和逻辑性方面略显不足，因为这个问题主要询问的是教育背景而非具体的技术细节或项目经验。此外，回答虽然结构清晰、语言流畅，但缺乏对个人学习经历的具体描述，如具体课程、项目或成就等，这些都是提升回答亮点的机会。\"}, {\"id\": 569, \"sequence\": 4, \"timestamp\": \"2025-07-20T14:09:25.626\", \"ai_message\": \"你好，很高兴认识你。广东海洋大学是一个非常优秀的学校。你能告诉我你在广东海洋大学学习的专业吗？\", \"user_message\": null, \"turn_analysis\": null}], \"radar_data\": {\"series\": [{\"name\": \"能力评分\", \"value\": [70.0, 60.0, 80.0, 75.0, null, null]}], \"indicator\": [{\"max\": 100, \"name\": \"专业知识\"}, {\"max\": 100, \"name\": \"技能匹配\"}, {\"max\": 100, \"name\": \"语言表达\"}, {\"max\": 100, \"name\": \"逻辑思维\"}, {\"max\": 100, \"name\": \"创新能力\"}, {\"max\": 100, \"name\": \"应变抗压\"}]}, \"generated_at\": \"2025-07-20 14:13\", \"interviewDate\": \"2025-07-20 14:08\", \"interviewType\": \"社招 - 技术面\", \"overall_summary\": \"候选人在面试中展现了良好的结构化思维和简洁明了的回答风格，但在展示个人经历、专业技能和职业目标方面略显不足。整体上，候选人需要在这些方面进行改进以全面提升自己的竞争力。\", \"recommendations\": [{\"id\": 64, \"url\": \"https://www.example.com/software-engineering-guidebook\", \"title\": \"软件工程实战指南\", \"step_number\": 1, \"recommendation_reason\": \"候选人在回答中缺乏具体的项目经验描述，这可能会让面试官对其实际工作能力产生疑问。通过详细描述参与的项目及其贡献，可以有效增强候选人的专业形象。\"}, {\"id\": 65, \"url\": \"https://github.com/explore\", \"title\": \"GitHub上的开源项目\", \"step_number\": 2, \"recommendation_reason\": \"候选人在回答中缺乏具体的项目经验描述，这可能会让面试官对其实际工作能力产生疑问。通过详细描述参与的项目及其贡献，可以有效增强候选人的专业形象。\"}, {\"id\": 66, \"url\": \"https://www.example.com/python-advanced-programming-guide\", \"title\": \"编程大师之路：Python高级编程指南\", \"step_number\": 3, \"recommendation_reason\": \"尽管候选人展示了一定的专业知识水平，但与前端开发的要求相比，还需要进一步深入理解和掌握相关技能。系统的学习和实践是提高专业技能的关键。\"}, {\"id\": 67, \"url\": \"https://www.example.com/full-stack-engineer-manual\", \"title\": \"全栈工程师手册：前端到后端的技术全景\", \"step_number\": 4, \"recommendation_reason\": \"尽管候选人展示了一定的专业知识水平，但与前端开发的要求相比，还需要进一步深入理解和掌握相关技能。系统的学习和实践是提高专业技能的关键。\"}, {\"id\": 68, \"url\": \"https://www.example.com/career-planning-for-software-engineers\", \"title\": \"职业生涯规划师：如何制定有效的职业发展计划\", \"step_number\": 5, \"recommendation_reason\": \"明确和具体的职业目标有助于展现候选人的职业规划能力和对未来发展的考虑。建议候选人在回答中加入自己对职业生涯的规划和目标设定，以显示其长远的职业视角和规划能力。\"}, {\"id\": 69, \"url\": \"https://www.example.com/building-your-tech-brand\", \"title\": \"构建你的技术品牌：在线影响力建设指南\", \"step_number\": 6, \"recommendation_reason\": \"明确和具体的职业目标有助于展现候选人的职业规划能力和对未来发展的考虑。建议候选人在回答中加入自己对职业生涯的规划和目标设定，以显示其长远的职业视角和规划能力。\"}], \"filler_word_usage\": {\"xaxisData\": [], \"seriesData\": []}, \"tension_curve_data\": {\"xaxisData\": [], \"seriesData\": []}, \"behavioral_analysis\": \"从行为数据来看，候选人在面试过程中使用填充词较少，表明其语言表达较为流畅。然而，缺乏具体项目经验和技能描述的行为表现可能影响面试官对候选人能力的综合评估。\", \"overall_suggestions\": \"系统学习并掌握岗位所需的核心技术知识；积极参与相关项目实践以提高技术应用能力；加强逻辑思维训练以提升解决问题的能力。\", \"behavioral_suggestions\": \"建议候选人在回答问题时增加具体的项目经历和技术细节的描述，以增强回答的深度和吸引力。同时，注意在表达中加入更多个人经历和职业目标的信息，以帮助面试官全面了解候选人的优势和潜力。\", \"eye_contact_percentage\": {\"xaxisData\": [], \"seriesData\": []}, \"question_analysis_data\": [{\"score\": 55, \"answer\": \"我来自广东海洋大学。\", \"question\": \"你好，我是本次面试的AI面试官。为了更好地了解你，请先花一到两分钟做一个简单的自我介绍吧。\", \"suggestion\": \"建议候选人在介绍中加入更多个人经历和专业技能的描述，例如参与的项目、掌握的技能或者职业目标等，这样可以帮助面试官更全面地了解你的优势和潜力。\"}, {\"score\": 65, \"answer\": \"我是软件工程的学生，我的专业是软件工程，那我们。\", \"question\": \"你好，很高兴认识你。广东海洋大学是一个非常优秀的学校。你能告诉我你在广东海洋大学学习的专业吗？\", \"suggestion\": \"建议候选人在回答问题时，除了直接回答问题外，还可以简要介绍自己在软件工程专业的学习或项目经验，以增加回答的深度和吸引力。同时，注意组织语言，使回答更加流畅和具有逻辑性。\"}, {\"score\": 75, \"answer\": \"我在广东海洋大学的专业是软件工程。\", \"question\": \"你好，很高兴认识你。广东海洋大学是一个非常优秀的学校。你能告诉我你在广东海洋大学学习的专业吗？\", \"suggestion\": \"为增强回答的技术深度/逻辑性，建议候选人在回答中简要提及一两个与软件工程专业相关的具体项目或课程，以展示其专业知识的应用能力。同时，考虑增加一些关于在校期间获得的成就或奖项的信息，这将有助于突出候选人的专业能力和学术表现。\"}, {\"score\": null, \"answer\": null, \"question\": \"你好，很高兴认识你。广东海洋大学是一个非常优秀的学校。你能告诉我你在广东海洋大学学习的专业吗？\", \"suggestion\": null}]}','2025-07-20 06:14:34','2025-07-20 06:14:53'),(14,'1-101-1752994272522',1,'{\"position\": \"后端高级工程师\", \"dialogues\": [{\"id\": 577, \"sequence\": 1, \"timestamp\": \"2025-07-20T14:51:16.693\", \"ai_message\": \"你好，我是本次面试的AI面试官。为了更好地了解你，请先花一到两分钟做一个简单的自我介绍吧。\", \"user_message\": null, \"turn_analysis\": null}], \"radar_data\": {\"series\": [{\"name\": \"能力评分\", \"value\": [90.0, 75.0, 88.0, 85.0, null, null]}], \"indicator\": [{\"max\": 100, \"name\": \"专业知识\"}, {\"max\": 100, \"name\": \"技能匹配\"}, {\"max\": 100, \"name\": \"语言表达\"}, {\"max\": 100, \"name\": \"逻辑思维\"}, {\"max\": 100, \"name\": \"创新能力\"}, {\"max\": 100, \"name\": \"应变抗压\"}]}, \"generated_at\": \"2025-07-20 14:51\", \"interviewDate\": \"2025-07-20 14:51\", \"interviewType\": \"社招 - 技术面\", \"overall_summary\": \"候选人在后端高级工程师的面试中表现良好，尤其在专业知识和逻辑思维方面展现了较强的能力。然而，技能匹配和语音表达能力有待提高。\", \"recommendations\": [{\"id\": 70, \"url\": \"https://book.example.com/distributed-systems\", \"title\": \"深入理解分布式系统设计\", \"step_number\": 1, \"recommendation_reason\": \"尽管候选人展示了良好的专业知识水平，但缺乏深入讨论分布式系统设计的实例，这是后端高级工程师必备的技能之一。\"}, {\"id\": 71, \"url\": \"https://courses.example.com/distributed-systems\", \"title\": \"分布式系统设计原理与实践\", \"step_number\": 2, \"recommendation_reason\": \"尽管候选人展示了良好的专业知识水平，但缺乏深入讨论分布式系统设计的实例，这是后端高级工程师必备的技能之一。\"}, {\"id\": 72, \"url\": \"https://book.example.com/microservices-architecture\", \"title\": \"微服务架构实战\", \"step_number\": 3, \"recommendation_reason\": \"对于微服务架构的理解和应用需要进一步加强，这关系到系统的可扩展性和维护性，是评估高级工程师的重要标准。\"}, {\"id\": 73, \"url\": \"https://courses.example.com/microservices-architecture\", \"title\": \"构建微服务：从单体到分布式系统的转变\", \"step_number\": 4, \"recommendation_reason\": \"对于微服务架构的理解和应用需要进一步加强，这关系到系统的可扩展性和维护性，是评估高级工程师的重要标准。\"}, {\"id\": 74, \"url\": \"https://guide.example.com/cloud-platform-basics\", \"title\": \"云计算基础：使用云服务平台构建应用\", \"step_number\": 5, \"recommendation_reason\": \"候选人对云服务平台的应用经验不足，掌握这些知识可以显著提升其在现代IT环境中的竞争力。\"}, {\"id\": 75, \"url\": \"https://courses.example.com/advanced-cloud-strategies\", \"title\": \"高级云计算策略：优化云资源使用\", \"step_number\": 6, \"recommendation_reason\": \"候选人对云服务平台的应用经验不足，掌握这些知识可以显著提升其在现代IT环境中的竞争力。\"}], \"filler_word_usage\": {\"xaxisData\": [], \"seriesData\": []}, \"tension_curve_data\": {\"xaxisData\": [], \"seriesData\": []}, \"behavioral_analysis\": \"从行为数据来看，候选人在面试过程中使用填充词的频率较低，表明其沟通风格较为直接和专业。\", \"overall_suggestions\": \"加强与岗位相关的技能培训，尤其是提升编程实践能力；参加更多的项目开发，以增强实战经验；定期进行模拟面试，以提高应对压力的能力。\", \"behavioral_suggestions\": \"建议在回答技术问题时，尝试更详细地解释自己的思考过程；进一步练习清晰、准确地表达复杂概念。\", \"eye_contact_percentage\": {\"xaxisData\": [], \"seriesData\": []}, \"question_analysis_data\": [{\"score\": null, \"answer\": null, \"question\": \"你好，我是本次面试的AI面试官。为了更好地了解你，请先花一到两分钟做一个简单的自我介绍吧。\", \"suggestion\": null}]}','2025-07-20 07:15:41','2025-07-20 07:15:41'),(15,'1-15-1752997221889',1,'{\"position\": \"产品经理\", \"dialogues\": [{\"id\": 583, \"sequence\": 1, \"timestamp\": \"2025-07-20T15:40:30.531\", \"ai_message\": \"你好，我是本次面试的AI面试官。为了更好地了解你，请先花一到两分钟做一个简单的自我介绍吧。\", \"user_message\": \"你好，我来自广东海洋大学。\", \"turn_analysis\": \"候选人的回答简短而直接，但缺乏具体的个人信息和专业背景。这样的回答虽然简洁，但在面试中通常需要更多的细节来展示候选人的能力和经验。\"}, {\"id\": 584, \"sequence\": 2, \"timestamp\": \"2025-07-20T15:40:47.749\", \"ai_message\": \"你好！很高兴认识你。我是本次面试的AI面试官。为了更好地了解你，请先花一到两分钟做一个简单的自我介绍吧。\", \"user_message\": null, \"turn_analysis\": null}], \"radar_data\": {\"series\": [{\"name\": \"能力评分\", \"value\": [70.0, 60.0, 55.0, 50.0, null, null]}], \"indicator\": [{\"max\": 100, \"name\": \"专业知识\"}, {\"max\": 100, \"name\": \"技能匹配\"}, {\"max\": 100, \"name\": \"语言表达\"}, {\"max\": 100, \"name\": \"逻辑思维\"}, {\"max\": 100, \"name\": \"创新能力\"}, {\"max\": 100, \"name\": \"应变抗压\"}]}, \"generated_at\": \"2025-07-20 15:50\", \"interviewDate\": \"2025-07-20 15:40\", \"interviewType\": \"实习 - 技术面\", \"overall_summary\": \"候选人在面试中表现出一定的专业能力，但在表达和细节方面需要加强。\", \"recommendations\": [], \"filler_word_usage\": {\"xaxisData\": [], \"seriesData\": []}, \"tension_curve_data\": {\"xaxisData\": [], \"seriesData\": []}, \"behavioral_analysis\": \"从行为数据来看，候选人的口头禅使用频率较低，表明其沟通风格较为直接和简洁。然而，缺乏具体个人信息和专业背景的描述可能会让面试官难以全面评估候选人的能力。\", \"overall_suggestions\": \"建议候选人系统性地复习专业知识，特别是与产品经理相关的领域；参加模拟面试以提高表达能力；参与更多实际项目以增强经验积累。\", \"behavioral_suggestions\": \"建议候选人在回答问题时尽量提供详细的个人信息和专业技能描述；尝试在回答中包含更多的细节，以展示自己的经验和能力。\", \"eye_contact_percentage\": {\"xaxisData\": [], \"seriesData\": []}, \"question_analysis_data\": [{\"score\": 40, \"answer\": \"你好，我来自广东海洋大学。\", \"question\": \"你好，我是本次面试的AI面试官。为了更好地了解你，请先花一到两分钟做一个简单的自我介绍吧。\", \"suggestion\": \"建议候选人在自我介绍时，除了基本信息外，还可以简要提及自己的教育背景、专业技能或与职位相关的项目经验。例如：\'你好，我是来自广东海洋大学的张三，主修计算机科学，曾在大学期间参与过多个与人工智能相关的项目，对机器学习有深入的研究和实践经验。\'\"}, {\"score\": null, \"answer\": null, \"question\": \"你好！很高兴认识你。我是本次面试的AI面试官。为了更好地了解你，请先花一到两分钟做一个简单的自我介绍吧。\", \"suggestion\": null}]}','2025-07-20 08:06:54','2025-07-20 08:06:57'),(16,'1-8-1752993382221',1,'{\"position\": \"前端\", \"dialogues\": [{\"id\": 576, \"sequence\": 1, \"timestamp\": \"2025-07-20T14:36:24.980\", \"ai_message\": \"你好，我是本次面试的AI面试官。为了更好地了解你，请先花一到两分钟做一个简单的自我介绍吧。\", \"user_message\": null, \"turn_analysis\": null}], \"radar_data\": {\"series\": [{\"name\": \"能力评分\", \"value\": [85.0, 80.0, 70.0, 60.0, null, null]}], \"indicator\": [{\"max\": 100, \"name\": \"专业知识\"}, {\"max\": 100, \"name\": \"技能匹配\"}, {\"max\": 100, \"name\": \"语言表达\"}, {\"max\": 100, \"name\": \"逻辑思维\"}, {\"max\": 100, \"name\": \"创新能力\"}, {\"max\": 100, \"name\": \"应变抗压\"}]}, \"generated_at\": \"2025-07-20 14:36\", \"interviewDate\": \"2025-07-20 14:36\", \"interviewType\": \"社招 - 技术面\", \"overall_summary\": \"候选人在专业知识方面表现良好，但逻辑思维和表达能力略显不足。整体上，技能匹配度较高，适合前端社招岗位。\", \"recommendations\": [{\"id\": 28, \"url\": \"https://zhuanlan.zhihu.com/p/453299982\", \"title\": \"前端性能优化实战：从原理到实践\", \"step_number\": 1, \"recommendation_reason\": \"性能优化是前端开发的重要组成部分，而候选人在这方面的知识似乎不够充分，需要通过实际项目经验来提升这方面的能力。\"}, {\"id\": 93, \"url\": \"https://www.bookstack.cn/read/the-high-performance-javascript-architecture\", \"title\": \"High-Performance JavaScript Architecture: Building Large, Maintainable Web Applications\", \"step_number\": 2, \"recommendation_reason\": \"虽然候选人在技术知识方面得分较高，但在高级前端架构设计方面缺乏深入理解，这是前端开发中非常关键的领域，需要重点加强。\"}, {\"id\": 94, \"url\": \"https://medium.com/@danielwinfield/designing-a-resilient-web-ecosystem-390d526f7b14#.zqxw8vkpj\", \"title\": \"Designing a Resilient Web Ecosystem\", \"step_number\": 3, \"recommendation_reason\": \"虽然候选人在技术知识方面得分较高，但在高级前端架构设计方面缺乏深入理解，这是前端开发中非常关键的领域，需要重点加强。\"}, {\"id\": 95, \"url\": \"https://www.stateofjs.com/report/2022\", \"title\": \"The State of JavaScript 2022: A Look at the Most Popular Tools and Techniques\", \"step_number\": 4, \"recommendation_reason\": \"前端技术更新迭代速度快，候选人需要持续关注最新的前端趋势和技术，以保持自己的竞争力。\"}, {\"id\": 96, \"url\": \"https://reactjs.org/docs/updates/getting-started.html#additional-tools\", \"title\": \"React v17: Strict Mode and Suspense for Modern JavaScript Development\", \"step_number\": 5, \"recommendation_reason\": \"前端技术更新迭代速度快，候选人需要持续关注最新的前端趋势和技术，以保持自己的竞争力。\"}], \"filler_word_usage\": {\"xaxisData\": [], \"seriesData\": []}, \"tension_curve_data\": {\"xaxisData\": [], \"seriesData\": []}, \"behavioral_analysis\": \"从行为数据来看，候选人使用填充词的频率较低，表明其回答问题时较为直接和专注。\", \"overall_suggestions\": \"系统学习前端新技术和框架；加强逻辑思维训练；提升语言表达能力。\", \"behavioral_suggestions\": \"尝试在回答中加入更多的逻辑连接词，以增强表达的连贯性；面试前进行模拟练习，提高应对复杂问题的能力。\", \"eye_contact_percentage\": {\"xaxisData\": [], \"seriesData\": []}, \"question_analysis_data\": [{\"score\": null, \"answer\": null, \"question\": \"你好，我是本次面试的AI面试官。为了更好地了解你，请先花一到两分钟做一个简单的自我介绍吧。\", \"suggestion\": null}]}','2025-07-20 08:06:59','2025-07-20 08:07:08'),(17,'1-101-1752998336017',1,'{\"position\": \"后端高级工程师\", \"dialogues\": [{\"id\": 587, \"sequence\": 1, \"timestamp\": \"2025-07-20T15:58:58.027\", \"ai_message\": \"你好，我是本次面试的AI面试官。为了更好地了解你，请先花一到两分钟做一个简单的自我介绍吧。\", \"user_message\": \"你好呀。\", \"turn_analysis\": \"候选人的回答虽然简短，但缺乏具体的信息和深度。回答相关性低，因为未直接回答面试官的问题。技术深度/逻辑性方面，由于是一个简单的自我介绍，未能展示出任何技术或逻辑能力。结构与清晰度上，回答过于简单，没有明确的组织结构。亮点与不足：亮点在于尝试进行对话，但整体上显得非常浅显和不充分。\"}, {\"id\": 588, \"sequence\": 2, \"timestamp\": \"2025-07-20T15:59:14.878\", \"ai_message\": \"你好，很高兴见到你。首先，我想了解一下你在大学期间主修的课程内容，以及这些课程如何为你提供了成为一名优秀的后端高级工程师的基础？\", \"user_message\": null, \"turn_analysis\": null}], \"radar_data\": {\"series\": [{\"name\": \"能力评分\", \"value\": [70.0, 65.0, 60.0, 60.0, null, null]}], \"indicator\": [{\"max\": 100, \"name\": \"专业知识\"}, {\"max\": 100, \"name\": \"技能匹配\"}, {\"max\": 100, \"name\": \"语言表达\"}, {\"max\": 100, \"name\": \"逻辑思维\"}, {\"max\": 100, \"name\": \"创新能力\"}, {\"max\": 100, \"name\": \"应变抗压\"}]}, \"generated_at\": \"2025-07-20 16:11\", \"interviewDate\": \"2025-07-20 15:58\", \"interviewType\": \"社招 - 技术面\", \"overall_summary\": \"候选人在面试中的表现中等，缺乏深度和专业性。虽然尝试进行对话，但未能充分展示技术能力和逻辑思考。\", \"recommendations\": [{\"id\": 97, \"url\": \"https://www.example.com/advanced-engineer-skills\", \"title\": \"高级工程师的10大必备技能\", \"step_number\": 1, \"recommendation_reason\": \"候选人在面试中未能展现出足够的专业深度，特别是在高级工程师职位所需的技能方面，需要进一步加强学习和实践。\"}, {\"id\": 98, \"url\": \"https://www.example.com/logic-thinking-strength\", \"title\": \"提升逻辑思考能力的方法\", \"step_number\": 2, \"recommendation_reason\": \"根据面试表现，候选人的逻辑思考能力评分较低，建议通过解决实际问题和逻辑推理练习来提升这方面的能力。\"}, {\"id\": 99, \"url\": \"https://www.example.com/improve-language-expression\", \"title\": \"如何提高你的语言表达能力\", \"step_number\": 3, \"recommendation_reason\": \"候选人的语言表达能力评分也相对较低，建议通过参加公开演讲和写作练习来加强表达技巧。\"}], \"filler_word_usage\": {\"xaxisData\": [], \"seriesData\": []}, \"tension_curve_data\": {\"xaxisData\": [], \"seriesData\": []}, \"behavioral_analysis\": \"从行为数据来看，候选人在面试过程中使用填充词的频率较高，这可能表明其在表达时感到不自在或不确定。\", \"overall_suggestions\": \"系统性地学习后端核心技术；多参与项目实践以积累经验；模拟面试以提升表达能力。\", \"behavioral_suggestions\": \"建议候选人减少在回答问题时使用的填充词，通过更多的练习来提高自信和流畅性。同时，可以事先准备一些关键点，以确保回答的完整性和准确性。\", \"eye_contact_percentage\": {\"xaxisData\": [], \"seriesData\": []}, \"question_analysis_data\": [{\"score\": 20, \"answer\": \"你好呀。\", \"question\": \"你好，我是本次面试的AI面试官。为了更好地了解你，请先花一到两分钟做一个简单的自我介绍吧。\", \"suggestion\": \"建议候选人在下次面试时准备一个详细的自我介绍，包括个人信息、专业技能、工作经验以及个人兴趣等方面的内容。这样不仅能够更好地展示自己的专业能力和个性特点，也能让面试官更全面地了解你。\"}, {\"score\": null, \"answer\": null, \"question\": \"你好，很高兴见到你。首先，我想了解一下你在大学期间主修的课程内容，以及这些课程如何为你提供了成为一名优秀的后端高级工程师的基础？\", \"suggestion\": null}]}','2025-07-20 13:05:44','2025-07-20 13:05:44'),(18,'1-10-1753000800000',1,'{\"position\": \"数据分析师\", \"dialogues\": [{\"id\": 221, \"sequence\": 1, \"timestamp\": \"2025-07-21T17:06:00.123\", \"ai_message\": \"你知道数据仓库中常见的建模方法有哪些吗？\", \"user_message\": \"我知道有范式建模和维度建模。维度建模里又分为星型模型和雪花模型。\", \"turn_analysis\": \"回答正确，说出了核心的建模方法和分类，但对它们的优缺点和适用场景没有展开。\"}, {\"id\": 222, \"sequence\": 2, \"timestamp\": \"2025-07-21T17:12:00.456\", \"ai_message\": \"那你能解释一下什么是缓慢变化维吗？\", \"user_message\": \"嗯...这个我了解得不是很深入，好像是用来处理维度数据随时间发生变化的一种技术，有几种不同的处理方式。\", \"turn_analysis\": \"知道缓慢变化维的概念，但无法详细阐述其类型（SCD1, SCD2, SCD3等）和具体实现，暴露出知识深度不足。\"}], \"radar_data\": {\"series\": [{\"name\": \"能力评分\", \"value\": [78.0, 75.0, 80.0, 79.0, null, null]}], \"indicator\": [{\"max\": 100, \"name\": \"专业知识\"}, {\"max\": 100, \"name\": \"技能匹配\"}, {\"max\": 100, \"name\": \"语言表达\"}, {\"max\": 100, \"name\": \"逻辑思维\"}, {\"max\": 100, \"name\": \"创新能力\"}, {\"max\": 100, \"name\": \"应变抗压\"}]}, \"generated_at\": \"2025-07-21 17:55\", \"interviewDate\": \"2025-07-21 17:00\", \"interviewType\": \"社招 - 技术面\", \"overall_summary\": \"候选人具备扎实的专业知识和良好的逻辑思维能力，但在数据建模的深度和广度上有待加强。\", \"recommendations\": [{\"id\": 100, \"url\": \"https://www.example.com/dimension-modeling-guide\", \"title\": \"维度建模入门指南\", \"step_number\": 1, \"recommendation_reason\": \"尽管候选人能够正确回答核心概念，但对模型的深入理解和实际应用缺乏充分讨论，需要进一步加深理解。\"}, {\"id\": 101, \"url\": \"https://www.example.com/dimensional-modeling-and-star-schema\", \"title\": \"维度建模与星型模式：理论与实践\", \"step_number\": 2, \"recommendation_reason\": \"尽管候选人能够正确回答核心概念，但对模型的深入理解和实际应用缺乏充分讨论，需要进一步加深理解。\"}, {\"id\": 102, \"url\": \"https://www.example.com/best-practices-for-slowly-changing-dimensions\", \"title\": \"缓慢变化维的最佳实践\", \"step_number\": 3, \"recommendation_reason\": \"候选人对缓慢变化维的概念有一定了解，但未能详细阐述其类型和具体实现，显示出知识掌握不够全面。\"}, {\"id\": 103, \"url\": \"https://www.example.com/slowly-changing-dimensions-in-data-warehouses\", \"title\": \"数据仓库中的缓慢变化维：理论与实现\", \"step_number\": 4, \"recommendation_reason\": \"候选人对缓慢变化维的概念有一定了解，但未能详细阐述其类型和具体实现，显示出知识掌握不够全面。\"}], \"filler_word_usage\": {\"xaxisData\": [\"嗯...\"], \"seriesData\": [1]}, \"tension_curve_data\": {\"xaxisData\": [\"06:00\", \"12:00\"], \"seriesData\": [20, 50]}, \"behavioral_analysis\": \"在面试过程中，候选人表现出一定的沟通技巧，但频繁使用\'嗯...\'等填充词，可能影响沟通效果。\", \"overall_suggestions\": \"加强对数据建模理论的理解，特别是维度建模的不同类型及其应用场景；深入学习缓慢变化维的类型和实现细节，以提升技术深度。\", \"behavioral_suggestions\": \"减少填充词的使用，提高语言表达的流畅性；在回答问题时尝试更深入地分析问题，展示思考过程。\", \"eye_contact_percentage\": {\"xaxisData\": [\"问题1\", \"问题2\"], \"seriesData\": [0.8, 0.72]}, \"question_analysis_data\": [{\"score\": 80, \"answer\": \"我知道有范式建模和维度建模。维度建模里又分为星型模型和雪花模型。\", \"question\": \"你知道数据仓库中常见的建模方法有哪些吗？\", \"suggestion\": \"回答正确。可以进一步阐述维度建模的优缺点，以及星型模型和雪花模型的区别。\"}, {\"score\": 70, \"answer\": \"嗯...这个我了解得不是很深入，好像是用来处理维度数据随时间发生变化的一种技术，有几种不同的处理方式。\", \"question\": \"那你能解释一下什么是缓慢变化维吗？\", \"suggestion\": \"知道概念是好的开始。建议深入学习SCD的几种主要类型及其在实际业务中的应用场景。\"}]}','2025-07-20 18:41:09','2025-07-20 18:41:09'),(19,'1-9-1752914400000',1,'{\"position\": \"后端工程师\", \"dialogues\": [{\"id\": 220, \"sequence\": 1, \"timestamp\": \"2025-07-20T16:04:00.123\", \"ai_message\": \"Java中的`==`和`equals`方法有什么区别？\", \"user_message\": \"`==`对于基本数据类型比较的是值，对于引用类型比较的是内存地址。`equals`方法默认情况下和`==`一样，但像String、Integer这些类重写了`equals`方法，用来比较对象的内容是否相等。\", \"turn_analysis\": \"回答正确，能够清晰地区分`==`和`equals`在不同场景下的作用，并知道`equals`方法可以被重写。\"}], \"radar_data\": {\"series\": [{\"name\": \"能力评分\", \"value\": [85.0, 82.0, 84.0, 86.0, null, null]}], \"indicator\": [{\"max\": 100, \"name\": \"专业知识\"}, {\"max\": 100, \"name\": \"技能匹配\"}, {\"max\": 100, \"name\": \"语言表达\"}, {\"max\": 100, \"name\": \"逻辑思维\"}, {\"max\": 100, \"name\": \"创新能力\"}, {\"max\": 100, \"name\": \"应变抗压\"}]}, \"generated_at\": \"2025-07-20 16:35\", \"interviewDate\": \"2025-07-20 16:00\", \"interviewType\": \"实习 - 技术面\", \"overall_summary\": \"候选人表现出良好的逻辑思维能力和专业知识，但语音表达能力稍显不足。在实习岗位中表现良好，尤其是在后端开发相关知识点上。\", \"recommendations\": [{\"id\": 72, \"url\": \"https://book.example.com/microservices-architecture\", \"title\": \"微服务架构实战\", \"step_number\": 1, \"recommendation_reason\": \"微服务架构是当前后端开发的趋势之一，候选人应了解其基本原理和实践方法。\"}, {\"id\": 104, \"url\": \"https://books.ssrn.com/search.cfm?e=90176&l=0&s=1&p=5&o=128343&a=1\", \"title\": \"Effective Java\", \"step_number\": 2, \"recommendation_reason\": \"候选人对Java集合框架的理解尚浅，这是后端开发中的基础知识之一，需要进一步加强。\"}, {\"id\": 105, \"url\": \"https://books.ssrn.com/search.cfm?e=90176&l=0&s=1&p=5&o=128343&a=1\", \"title\": \"Java Concurrency in Practice\", \"step_number\": 3, \"recommendation_reason\": \"候选人对Java集合框架的理解尚浅，这是后端开发中的基础知识之一，需要进一步加强。\"}, {\"id\": 106, \"url\": \"https://books.ssrn.com/search.cfm?e=90176&l=0&s=1&p=5&o=128343&a=1\", \"title\": \"Distributed Systems: Design Principles and Best Practices\", \"step_number\": 4, \"recommendation_reason\": \"对于现代后端工程师来说，掌握分布式系统原理是必须的，这有助于处理大规模数据处理和存储问题。\"}, {\"id\": 107, \"url\": \"https://books.ssrn.com/search.cfm?e=90176&l=0&s=1&p=5&o=128343&a=1\", \"title\": \"Patterns of Distributed Systems: An Industrial Experience Report\", \"step_number\": 5, \"recommendation_reason\": \"对于现代后端工程师来说，掌握分布式系统原理是必须的，这有助于处理大规模数据处理和存储问题。\"}], \"filler_word_usage\": {\"xaxisData\": [], \"seriesData\": []}, \"tension_curve_data\": {\"xaxisData\": [\"04:00\"], \"seriesData\": [12]}, \"behavioral_analysis\": \"候选人在面试过程中能够准确回答问题，显示出对技术概念的清晰理解。然而，口头禅使用频率较低，可能影响沟通效果。\", \"overall_suggestions\": \"加强语音表达训练，提高沟通效率；继续深化后端知识学习，尤其是数据库和系统设计方面；参与实际项目，提升实践经验。\", \"behavioral_suggestions\": \"尝试减少填充词的使用，以增强沟通的流畅性；练习更清晰地表达自己的观点和想法。\", \"eye_contact_percentage\": {\"xaxisData\": [\"问题1\"], \"seriesData\": [0.9]}, \"question_analysis_data\": [{\"score\": 88, \"answer\": \"`==`对于基本数据类型比较的是值，对于引用类型比较的是内存地址。`equals`方法默认情况下和`==`一样，但像String、Integer这些类重写了`equals`方法，用来比较对象的内容是否相等。\", \"question\": \"Java中的`==`和`equals`方法有什么区别？\", \"suggestion\": \"回答得很好。可以补充说明一下重写`equals`方法时，通常也需要重写`hashCode`方法，并解释为什么。\"}]}','2025-07-20 18:42:52','2025-07-20 18:42:52'),(20,'1-8-1752828000000',1,'{\"position\": \"后端工程师\", \"dialogues\": [{\"id\": 219, \"sequence\": 1, \"timestamp\": \"2025-07-19T15:03:00.123\", \"ai_message\": \"请解释一下进程和线程的区别和联系。\", \"user_message\": \"进程是操作系统资源分配的基本单位，它有自己独立的地址空间。线程是CPU调度的基本单位，它没有独立的地址空间，一个进程可以包含多个线程，它们共享进程的资源。联系是线程是进程的一部分。\", \"turn_analysis\": \"回答准确，清晰地区分了进程和线程的核心概念，并指出了它们的从属关系。\"}], \"radar_data\": {\"series\": [{\"name\": \"能力评分\", \"value\": [92.0, 88.0, 90.0, 91.0, 95.0, 93.0]}], \"indicator\": [{\"max\": 100, \"name\": \"专业知识\"}, {\"max\": 100, \"name\": \"技能匹配\"}, {\"max\": 100, \"name\": \"语言表达\"}, {\"max\": 100, \"name\": \"逻辑思维\"}, {\"max\": 100, \"name\": \"创新能力\"}, {\"max\": 100, \"name\": \"应变抗压\"}]}, \"generated_at\": \"2025-07-19 15:50\", \"interviewDate\": \"2025-07-19 15:00\", \"interviewType\": \"实习 - 技术面\", \"overall_summary\": \"候选人展示了扎实的专业基础和良好的逻辑思考能力，但技能匹配度稍低，表达能力有待提升。\", \"recommendations\": [{\"id\": 50, \"url\": \"https://www.skillstracker.com/\", \"title\": \"《软件技能自评工具》\", \"step_number\": 1, \"recommendation_reason\": \"技能匹配度得分较低，表明候选人在实际技能操作上可能有所欠缺，建议通过实际编码练习来提升。\"}, {\"id\": 108, \"url\": \"https://www.example.com/articles/process-vs-thread.html\", \"title\": \"深入理解进程与线程\", \"step_number\": 2, \"recommendation_reason\": \"尽管候选人能够准确解释核心概念，但缺乏实际应用的示例，建议结合具体项目经验进行说明。\"}, {\"id\": 109, \"url\": \"https://www.example.com/articles/resilience.html\", \"title\": \"提升应变抗压能力的策略\", \"step_number\": 3, \"recommendation_reason\": \"虽然在压力测试中表现良好，但仍需持续锻炼以适应高强度工作环境。\"}], \"filler_word_usage\": {\"xaxisData\": [], \"seriesData\": []}, \"tension_curve_data\": {\"xaxisData\": [\"03:00\"], \"seriesData\": [7]}, \"behavioral_analysis\": \"在回答专业问题时，候选人能够清晰表达核心概念，但在面试中表现出轻微的口头禅使用。\", \"overall_suggestions\": \"加强与岗位相关的技能训练；提高非技术问题的应对策略；通过模拟面试练习增强表达能力。\", \"behavioral_suggestions\": \"减少口头禅的使用频率；尝试在回答问题时加入更多的停顿来组织语言。\", \"eye_contact_percentage\": {\"xaxisData\": [\"问题1\"], \"seriesData\": [0.93]}, \"question_analysis_data\": [{\"score\": 92, \"answer\": \"进程是操作系统资源分配的基本单位，它有自己独立的地址空间。线程是CPU调度的基本单位，它没有独立的地址空间，一个进程可以包含多个线程，它们共享进程的资源。联系是线程是进程的一部分。\", \"question\": \"请解释一下进程和线程的区别和联系。\", \"suggestion\": \"非常标准的回答。可以补充一个生活中的比喻来让解释更生动，例如工厂和流水线。\"}]}','2025-07-20 18:42:53','2025-07-20 18:42:53'),(21,'1-9-1752396000000',1,'{\"position\": \"后端工程师\", \"dialogues\": [{\"id\": 214, \"sequence\": 1, \"timestamp\": \"2025-07-14T20:08:15.123\", \"ai_message\": \"（群面问题）对于“是否应该禁止中小学生使用智能手机”这个议题，请各位在15分钟内讨论并得出一个统一结论。\", \"user_message\": \"（长时间沉默后）...我...我觉得可以限制使用时间，但完全禁止可能不太现实。\", \"turn_analysis\": \"在群面中发言过于被动，观点提出缺乏论据支撑，未能有效推动讨论。\"}, {\"id\": 215, \"sequence\": 2, \"timestamp\": \"2025-07-14T20:12:40.456\", \"ai_message\": \"（针对该用户的追问）那你认为限制使用时间的具体方案应该是什么样的？\", \"user_message\": \"嗯...就是...比如可以设置每天只能用一个小时，或者由家长来监督。\", \"turn_analysis\": \"回答缺乏深度和可操作性，没有考虑到不同年龄段、不同场景下的差异化需求，思考不够全面。\"}], \"radar_data\": {\"series\": [{\"name\": \"能力评分\", \"value\": [70.0, 72.0, 65.0, 70.0, 58.0, 60.0]}], \"indicator\": [{\"max\": 100, \"name\": \"专业知识\"}, {\"max\": 100, \"name\": \"技能匹配\"}, {\"max\": 100, \"name\": \"语言表达\"}, {\"max\": 100, \"name\": \"逻辑思维\"}, {\"max\": 100, \"name\": \"创新能力\"}, {\"max\": 100, \"name\": \"应变抗压\"}]}, \"generated_at\": \"2025-07-14 20:25\", \"interviewDate\": \"2025-07-14 20:00\", \"interviewType\": \"社招 - 技术面\", \"overall_summary\": \"该候选人在技术知识和逻辑思维方面表现中等，但表达能力和团队互动能力有待提升。\", \"recommendations\": [{\"id\": 49, \"url\": \"https://books.google.com/ books/about/The_PMBOK_Guide.html?id=xqaYAAAAcEJ&source=kp_book_r_u_qrz-lOQLWnKUQAZ\", \"title\": \"《项目管理知识体系指南》（PMBOK）\", \"step_number\": 1, \"recommendation_reason\": \"从简历信息来看，候选人缺乏明显的项目管理经验。建议通过参加相关课程或项目来补充这一领域的知识。\"}, {\"id\": 5, \"url\": \"https://www.amazon.com/gp/product/0984782835\", \"title\": \"《深入浅出数据分析》\", \"step_number\": 2, \"recommendation_reason\": \"虽然候选人展示了一定的技术匹配度，但在回答相关问题时显示出对某些技术细节的理解不够深入。推荐深入学习核心技术领域，以提升专业深度。\"}, {\"id\": 110, \"url\": \"https://www.example.com/differentiation-analysis-guide\", \"title\": \"差异化需求分析入门指南\", \"step_number\": 3, \"recommendation_reason\": \"候选人未能展示出对不同用户群体需求的深入理解和分析能力，这在后端工程师职位中是一个重要的考量点。需要通过实际案例学习来增强这方面的能力。\"}, {\"id\": 111, \"url\": \"https://www.youtube.com/watch?v=dXJzfGmJYTQ\", \"title\": \"如何进行有效的差异化需求分析\", \"step_number\": 4, \"recommendation_reason\": \"候选人未能展示出对不同用户群体需求的深入理解和分析能力，这在后端工程师职位中是一个重要的考量点。需要通过实际案例学习来增强这方面的能力。\"}], \"filler_word_usage\": {\"xaxisData\": [\"我...我觉得\", \"嗯...就是\"], \"seriesData\": [1, 1]}, \"tension_curve_data\": {\"xaxisData\": [\"08:15\", \"12:40\"], \"seriesData\": [80, 65]}, \"behavioral_analysis\": \"候选人在面试中表现出一定的被动性，使用较多的填充词如\'我...我觉得\'和\'嗯...就是\'，显示出沟通上的犹豫与不自信。\", \"overall_suggestions\": \"加强项目管理和技术深度训练；学习如何更有效地表达自己的观点并支持论证；通过模拟面试练习提高应对压力的能力。\", \"behavioral_suggestions\": \"减少使用填充词，增加语言的连贯性和清晰度；提前准备群面中可能讨论的主题和观点，提高主动性和参与度。\", \"eye_contact_percentage\": {\"xaxisData\": [\"问题1\", \"问题2\"], \"seriesData\": [0.55, 0.62]}, \"question_analysis_data\": [{\"score\": 65, \"answer\": \"（长时间沉默后）...我...我觉得可以限制使用时间，但完全禁止可能不太现实。\", \"question\": \"（群面问题）对于“是否应该禁止中小学生使用智能手机”这个议题，请各位在15分钟内讨论并得出一个统一结论。\", \"suggestion\": \"群面中需要更主动地表达观点，并用数据或逻辑来支撑。可以尝试承担计时员或总结者的角色来增加贡献。\"}, {\"score\": 70, \"answer\": \"嗯...就是...比如可以设置每天只能用一个小时，或者由家长来监督。\", \"question\": \"（针对该用户的追问）那你认为限制使用时间的具体方案应该是什么样的？\", \"suggestion\": \"在提出方案时，应考虑其可行性、成本和潜在问题。可以从技术、家庭、学校等多个层面提出一个更立体的解决方案。\"}]}','2025-07-20 18:43:02','2025-07-20 18:43:02'),(22,'1-10-1752482400000',1,'{\"position\": \"后端工程师\", \"dialogues\": [{\"id\": 216, \"sequence\": 1, \"timestamp\": \"2025-07-15T21:05:10.123\", \"ai_message\": \"你好，我们是来自三个不同部门的面试官。请问，对于一个高并发的抢购系统，你会从哪些方面进行设计？\", \"user_message\": \"呃...高并发...我会用...用缓存，比如Redis。然后...数据库要分库分表。可能...还需要消息队列来削峰。\", \"turn_analysis\": \"回答点出了几个关键技术，但缺乏体系和逻辑，语言组织混乱，在多对一的压力下显得非常紧张。\"}, {\"id\": 217, \"sequence\": 2, \"timestamp\": \"2025-07-15T21:10:20.456\", \"ai_message\": \"你提到的消息队列，具体用它做什么？\", \"user_message\": \"就是...当请求太多的时候，先把请求放到队列里，然后后端慢慢消费，防止数据库被打垮。\", \"turn_analysis\": \"理解了消息队列的核心作用“削峰填谷”，但回答过于口语化，可以更专业地阐述其在异步处理、应用解耦方面的作用。\"}], \"radar_data\": {\"series\": [{\"name\": \"能力评分\", \"value\": [65.0, 68.0, 60.0, 62.0, 58.0, 67.0]}], \"indicator\": [{\"max\": 100, \"name\": \"专业知识\"}, {\"max\": 100, \"name\": \"技能匹配\"}, {\"max\": 100, \"name\": \"语言表达\"}, {\"max\": 100, \"name\": \"逻辑思维\"}, {\"max\": 100, \"name\": \"创新能力\"}, {\"max\": 100, \"name\": \"应变抗压\"}]}, \"generated_at\": \"2025-07-15 21:45\", \"interviewDate\": \"2025-07-15 21:00\", \"interviewType\": \"社招 - 技术面\", \"overall_summary\": \"候选人展现了一定的专业知识和逻辑思维能力，但在语言表达和压力下的表现需要改进。\", \"recommendations\": [{\"id\": 112, \"url\": \"https://www.example.com/articles/understanding-message-queues\", \"title\": \"深入理解消息队列的原理与应用\", \"step_number\": 1, \"recommendation_reason\": \"虽然理解了消息队列的核心作用，但回答过于口语化，未能深入阐述其在异步处理、应用解耦方面的重要性及其实现方式。建议深入学习消息队列的原理和应用，以增强专业性。\"}, {\"id\": 113, \"url\": \"https://www.example.com/videos/message-queue-strategies-for-high-performance-systems\", \"title\": \"高性能系统设计中的消息队列策略\", \"step_number\": 2, \"recommendation_reason\": \"虽然理解了消息队列的核心作用，但回答过于口语化，未能深入阐述其在异步处理、应用解耦方面的重要性及其实现方式。建议深入学习消息队列的原理和应用，以增强专业性。\"}, {\"id\": 114, \"url\": \"https://www.example.com/design-patterns/logic-and-modularization\", \"title\": \"软件设计模式：逻辑性与模块化\", \"step_number\": 3, \"recommendation_reason\": \"在描述复杂系统设计时缺乏逻辑性和系统性，这在后端工程师职位中是一个重要的技能要求。建议通过学习和实践提高逻辑思考和系统设计的能力。\"}, {\"id\": 115, \"url\": \"https://www.example.com/courses/fundamentals-of-system-design\", \"title\": \"系统设计的基本原则：从逻辑性到实践\", \"step_number\": 4, \"recommendation_reason\": \"在描述复杂系统设计时缺乏逻辑性和系统性，这在后端工程师职位中是一个重要的技能要求。建议通过学习和实践提高逻辑思考和系统设计的能力。\"}], \"filler_word_usage\": {\"xaxisData\": [\"呃...\", \"然后...\", \"可能...\"], \"seriesData\": [1, 1, 1]}, \"tension_curve_data\": {\"xaxisData\": [\"05:10\"], \"seriesData\": [90]}, \"behavioral_analysis\": \"候选人在面试过程中使用了一些填充词如\'呃...\'，显示出一定程度的紧张。同时，回答时缺乏条理性和逻辑性，说明在高压环境下的沟通能力有待提升。\", \"overall_suggestions\": \"系统学习并掌握后端技术核心知识点；提高应对复杂问题时的结构化思维能力；通过模拟面试加强压力下的表达能力。\", \"behavioral_suggestions\": \"减少使用填充词，练习清晰、有条理地表达思想；在回答问题前先组织好思路，确保回答结构合理且逻辑清晰。\", \"eye_contact_percentage\": {\"xaxisData\": [\"问题1\"], \"seriesData\": [0.48]}, \"question_analysis_data\": [{\"score\": 60, \"answer\": \"呃...高并发...我会用...用缓存，比如Redis。然后...数据库要分库分表。可能...还需要消息队列来削峰。\", \"question\": \"你好，我们是来自三个不同部门的面试官。请问，对于一个高并发的抢购系统，你会从哪些方面进行设计？\", \"suggestion\": \"面对复杂系统设计问题，建议使用STAR原则或4S法则进行结构化阐述。先总览，后分点，从前端到后端，从数据层到应用层，系统性地介绍你的设计思路。\"}, {\"score\": 70, \"answer\": \"就是...当请求太多的时候，先把请求放到队列里，然后后端慢慢消费，防止数据库被打垮。\", \"question\": \"你提到的消息队列，具体用它做什么？\", \"suggestion\": \"回答正确。可以补充说明消息队列如何实现应用解耦，以及在使用时需要注意的幂等性、消息丢失等问题。\"}]}','2025-07-20 18:43:05','2025-07-20 18:43:05'),(23,'1-8-1752568800000',1,'{\"position\": \"前端工程师\", \"dialogues\": [{\"id\": 218, \"sequence\": 1, \"timestamp\": \"2025-07-16T22:05:00.123\", \"ai_message\": \"请谈谈Vue的响应式原理。\", \"user_message\": \"Vue的响应式是通过数据劫持结合发布者-订阅者模式实现的。在Vue 2中，它使用`Object.defineProperty()`来递归地遍历data对象，为每个属性设置getter和setter。当数据被读取时，会触发getter进行依赖收集；当数据被修改时，会触发setter通知所有依赖该数据的Watcher进行更新。\", \"turn_analysis\": \"回答非常准确和专业，清晰地阐述了Vue 2的响应式核心，并点出了关键API和设计模式。\"}], \"radar_data\": {\"series\": [{\"name\": \"能力评分\", \"value\": [95.0, 92.0, 90.0, 92.0, 88.0, 94.0]}], \"indicator\": [{\"max\": 100, \"name\": \"专业知识\"}, {\"max\": 100, \"name\": \"技能匹配\"}, {\"max\": 100, \"name\": \"语言表达\"}, {\"max\": 100, \"name\": \"逻辑思维\"}, {\"max\": 100, \"name\": \"创新能力\"}, {\"max\": 100, \"name\": \"应变抗压\"}]}, \"generated_at\": \"2025-07-16 22:35\", \"interviewDate\": \"2025-07-16 22:00\", \"interviewType\": \"社招 - 技术面\", \"overall_summary\": \"候选人展现了扎实的前端知识和良好的逻辑思维能力，但在Vue版本比较和表达上略显不足。\", \"recommendations\": [{\"id\": 116, \"url\": \"https://www.vuemastery.com/articles/deep-dive-into-vue-3-proxies\", \"title\": \"深入理解Vue 3的Proxy机制\", \"step_number\": 1, \"recommendation_reason\": \"虽然候选人展示了对Vue 2的了解，但缺乏关于Vue 3新引入的Proxy机制的知识。掌握这一知识点将有助于更好地理解现代前端框架的设计思想。\"}, {\"id\": 117, \"url\": \"https://dev.to/learn-web/frontend-backend-separation-4l9h\", \"title\": \"前后端分离开发模式详解\", \"step_number\": 2, \"recommendation_reason\": \"考虑到目标岗位是前端工程师，了解前后端分离的开发模式对于全面理解整个项目流程非常重要。建议候选人在这方面进行深入学习。\"}, {\"id\": 118, \"url\": \"https://developers.google.com/web/performance/docs/optimizing-performance-cssjs-and-dom\", \"title\": \"Web性能优化指南\", \"step_number\": 3, \"recommendation_reason\": \"候选人在技术深度方面表现突出，但在实际项目中的性能优化经验可能不足。针对这一点的提升将使其更符合高级前端工程师的要求。\"}], \"filler_word_usage\": {\"xaxisData\": [], \"seriesData\": []}, \"tension_curve_data\": {\"xaxisData\": [\"05:00\"], \"seriesData\": [5]}, \"behavioral_analysis\": \"在面试中，候选人表现出对Vue 2的深入理解，能够准确使用专业术语并清晰阐述技术要点。然而，对于Vue 3的新特性及其改进之处，未能提供详细的对比分析。此外，在回答问题时，候选人偶尔使用填充词，可能影响沟通流畅性。\", \"overall_suggestions\": \"1. 加强对最新前端技术的学习和实践，尤其是不同版本的JavaScript框架更新；2. 提升项目管理和团队协作能力，适应社招岗位的需求；3. 加强面试技巧训练，特别是在高压环境下的表达能力。\", \"behavioral_suggestions\": \"1. 在回答技术问题时尽量简洁明了，避免不必要的填充词使用；2. 提前准备Vue 3与Vue 2之间的主要差异和改进点，以展示对新技术的关注和学习；3. 练习如何在压力下快速组织语言，提高表达效率。\", \"eye_contact_percentage\": {\"xaxisData\": [\"问题1\"], \"seriesData\": [0.94]}, \"question_analysis_data\": [{\"score\": 95, \"answer\": \"Vue的响应式是通过数据劫持结合发布者-订阅者模式实现的。在Vue 2中，它使用`Object.defineProperty()`来递归地遍历data对象，为每个属性设置getter和setter。当数据被读取时，会触发getter进行依赖收集；当数据被修改时，会触发setter通知所有依赖该数据的Watcher进行更新。\", \"question\": \"请谈谈Vue的响应式原理。\", \"suggestion\": \"非常棒的回答。如果能补充说明Vue 3中使用Proxy的改进以及其优势，就更完美了。\"}]}','2025-07-20 18:54:28','2025-07-20 18:54:28'),(24,'1-9-1752256800000',1,'{\"position\": \"产品经理\", \"dialogues\": [{\"id\": 227, \"sequence\": 1, \"timestamp\": \"2025-07-13T03:10:00.123\", \"ai_message\": \"如果你来负责一款新的社交产品，你会如何进行市场调研和用户研究？\", \"user_message\": \"我会...先看看竞品是怎么做的，比如微信和QQ。然后可能会在网上发一些问卷，问问大家想要什么样的社交软件。\", \"turn_analysis\": \"回答过于宽泛，方法论不成体系，提到了竞品分析和问卷调查，但没有说明具体如何分析、调研什么内容，缺乏可执行性。\"}], \"radar_data\": {\"series\": [{\"name\": \"能力评分\", \"value\": [60.0, 62.0, 68.0, 60.0, null, null]}], \"indicator\": [{\"max\": 100, \"name\": \"专业知识\"}, {\"max\": 100, \"name\": \"技能匹配\"}, {\"max\": 100, \"name\": \"语言表达\"}, {\"max\": 100, \"name\": \"逻辑思维\"}, {\"max\": 100, \"name\": \"创新能力\"}, {\"max\": 100, \"name\": \"应变抗压\"}]}, \"generated_at\": \"2025-07-13 03:50\", \"interviewDate\": \"2025-07-13 03:00\", \"interviewType\": \"不限 - 技术面\", \"overall_summary\": \"候选人对产品经理职位的理解和准备不够深入，表现出在专业知识、逻辑思维和口头表达能力上的均衡水平，需要在这些方面加强。\", \"recommendations\": [{\"id\": 119, \"url\": \"https://example.com/competitive-analysis-template\", \"title\": \"竞品分析报告模板\", \"step_number\": 1, \"recommendation_reason\": null}, {\"id\": 120, \"url\": \"https://www.linkedin.com/influencers/posts/2608974317530546242-how-to-conduct-effective-competitive-analysis\", \"title\": \"如何进行有效的竞品分析\", \"step_number\": 2, \"recommendation_reason\": null}, {\"id\": 121, \"url\": \"https://www.surveymonkey.com/hc/en-us/categories/201997556626449-Getting-Started#Getting-Started:-How-to-Design-a-Survey\", \"title\": \"问卷调查指南\", \"step_number\": 3, \"recommendation_reason\": null}, {\"id\": 122, \"url\": \"https://www.google.com/search?q=online+survey+tool+tutorial\", \"title\": \"在线问卷调查工具使用教程\", \"step_number\": 4, \"recommendation_reason\": null}], \"filler_word_usage\": {\"xaxisData\": [\"我会...\"], \"seriesData\": [1]}, \"tension_curve_data\": {\"xaxisData\": [\"10:00\"], \"seriesData\": [60]}, \"behavioral_analysis\": \"候选人在回答问题时频繁使用‘我会…’等填充词，显示出一定的犹豫和不自信，影响沟通效率和专业形象。\", \"overall_suggestions\": \"系统学习产品管理相关的知识体系；加强逻辑思维训练，提升问题解决能力；通过模拟面试等方式提高口头表达和沟通能力。\", \"behavioral_suggestions\": \"减少使用填充词，提高回答问题时的自信度和流畅性；提前准备面试中可能遇到的问题和答案，增强应对能力。\", \"eye_contact_percentage\": {\"xaxisData\": [\"问题1\"], \"seriesData\": [0.68]}, \"question_analysis_data\": [{\"score\": 60, \"answer\": \"我会...先看看竞品是怎么做的，比如微信和QQ。然后可能会在网上发一些问卷，问问大家想要什么样的社交软件。\", \"question\": \"如果你来负责一款新的社交产品，你会如何进行市场调研和用户研究？\", \"suggestion\": \"市场和用户研究需要系统的方法论。可以从业界常用的PEST、SWOT等宏观分析模型，以及用户访谈、焦点小组、数据分析等具体的用户研究方法来展开回答。\"}]}','2025-07-20 18:55:03','2025-07-20 18:55:03'),(25,'1-8-1752309600000',1,'{\"position\": \"后端工程师\", \"dialogues\": [{\"id\": 212, \"sequence\": 1, \"timestamp\": \"2025-07-13T19:02:15.123\", \"ai_message\": \"请谈谈你对TCP三次握手的理解。\", \"user_message\": \"第一次握手，客户端发送SYN包；第二次，服务器回复SYN+ACK；第三次，客户端发送ACK。这样连接就建立了。\", \"turn_analysis\": \"回答基本正确，但可以更详细地说明标志位和序列号的变化，以及为何需要三次握手。\"}, {\"id\": 213, \"sequence\": 2, \"timestamp\": \"2025-07-13T19:05:40.456\", \"ai_message\": \"HashMap和ConcurrentHashMap有什么区别？\", \"user_message\": \"HashMap是线程不安全的，ConcurrentHashMap是线程安全的。ConcurrentHashMap在JDK1.7中使用分段锁，在1.8中使用CAS和synchronized来保证线程安全。\", \"turn_analysis\": \"回答正确，点出了核心区别和实现上的演进，但对1.8中为何使用synchronized而不是ReentrantLock的细节可以再深入。\"}], \"radar_data\": {\"series\": [{\"name\": \"能力评分\", \"value\": [85.0, 82.0, 84.0, 86.0, null, null]}], \"indicator\": [{\"max\": 100, \"name\": \"专业知识\"}, {\"max\": 100, \"name\": \"技能匹配\"}, {\"max\": 100, \"name\": \"语言表达\"}, {\"max\": 100, \"name\": \"逻辑思维\"}, {\"max\": 100, \"name\": \"创新能力\"}, {\"max\": 100, \"name\": \"应变抗压\"}]}, \"generated_at\": \"2025-07-13 19:15\", \"interviewDate\": \"2025-07-13 19:00\", \"interviewType\": \"校招 - 技术面\", \"overall_summary\": \"候选人展现了扎实的专业知识和良好的逻辑思维能力，但在面试过程中可以进一步展示更深入的技术理解和沟通能力。\", \"recommendations\": [{\"id\": 123, \"url\": \"https://www.example.com/articles/three-way-handshake-deep-dive\", \"title\": \"深入理解三次握手\", \"step_number\": 1, \"recommendation_reason\": \"虽然候选人解释了三次握手的基本概念，但未能深入讨论其在确认双方收发能力上的具体作用，这是网络编程中的一个核心知识点。\"}, {\"id\": 124, \"url\": \"https://www.example.com/performance-comparison-synchronized-reentrantlock\", \"title\": \"synchronized与ReentrantLock的性能比较\", \"step_number\": 2, \"recommendation_reason\": \"候选人正确地指出了两者的核心区别和Java版本演进中的锁实现变化，但缺乏对1.8版本中为何选择synchronized而非ReentrantLock的深入分析，这可能影响对复杂并发控制的理解。\"}, {\"id\": 125, \"url\": \"https://www.example.com/java-concurrency-tutorial-synchronized-reentrantlock\", \"title\": \"Java并发编程之synchronized与ReentrantLock\", \"step_number\": 3, \"recommendation_reason\": \"候选人正确地指出了两者的核心区别和Java版本演进中的锁实现变化，但缺乏对1.8版本中为何选择synchronized而非ReentrantLock的深入分析，这可能影响对复杂并发控制的理解。\"}, {\"id\": 126, \"url\": \"https://www.example.com/understanding-lock-granularity\", \"title\": \"理解锁粒度及其影响\", \"step_number\": 4, \"recommendation_reason\": \"候选人对于锁的粒度以及分段锁的理解不够深刻，这在处理大规模数据时尤其重要，因此需要加强对这些高级主题的学习。\"}, {\"id\": 127, \"url\": \"https://www.example.com/segmentation-lock-principle-and-applications\", \"title\": \"分段锁的原理与应用\", \"step_number\": 5, \"recommendation_reason\": \"候选人对于锁的粒度以及分段锁的理解不够深刻，这在处理大规模数据时尤其重要，因此需要加强对这些高级主题的学习。\"}], \"filler_word_usage\": {\"xaxisData\": [], \"seriesData\": []}, \"tension_curve_data\": {\"xaxisData\": [\"02:02\", \"05:40\"], \"seriesData\": [15, 35]}, \"behavioral_analysis\": \"在面试中，候选人表现出了较好的专业知识掌握和逻辑分析能力，但在某些技术细节的解释上略显不足，需要加强表达和沟通能力。\", \"overall_suggestions\": \"深入学习后端核心技术，尤其是高并发系统的设计；提高沟通技巧，确保能够清晰准确地传达技术点；参与开源项目或实际项目以提升实战经验。\", \"behavioral_suggestions\": \"在回答问题时尝试提供详细的原因解释和技术背景；加强与面试官的互动，主动询问问题以展示兴趣和主动性。\", \"eye_contact_percentage\": {\"xaxisData\": [\"问题1\", \"问题2\"], \"seriesData\": [0.89, 0.85]}, \"question_analysis_data\": [{\"score\": 85, \"answer\": \"第一次握手，客户端发送SYN包；第二次，服务器回复SYN+ACK；第三次，客户端发送ACK。这样连接就建立了。\", \"question\": \"请谈谈你对TCP三次握手的理解。\", \"suggestion\": \"可以进一步说明三次握手在确认双方收发能力上的作用。\"}, {\"score\": 88, \"answer\": \"HashMap是线程不安全的，ConcurrentHashMap是线程安全的。ConcurrentHashMap在JDK1.7中使用分段锁，在1.8中使用CAS和synchronized来保证线程安全。\", \"question\": \"HashMap和ConcurrentHashMap有什么区别？\", \"suggestion\": \"回答得很好，如果能解释清楚1.8中锁粒度以及为何放弃分段锁会更佳。\"}]}','2025-07-20 18:55:04','2025-07-20 18:55:04'),(26,'1-10-1752136800000',1,'{\"position\": \"算法工程师\", \"dialogues\": [{\"id\": 209, \"sequence\": 1, \"timestamp\": \"2025-07-11T17:03:00.123\", \"ai_message\": \"我们时间有限，直接开始。手写一下快速排序。\", \"user_message\": \"(用户开始编写代码) ... 好了，我写完了。\", \"turn_analysis\": \"在压力下，候选人虽然略有紧张，但还是完整且正确地写出了快速排序的核心逻辑。\"}, {\"id\": 210, \"sequence\": 2, \"timestamp\": \"2025-07-11T17:05:30.456\", \"ai_message\": \"你这个写法，最坏情况的时间复杂度是多少？什么情况下会发生？\", \"user_message\": \"最坏情况是O(n^2)。当数组已经有序或者逆序时，每次选择的基准值都是当前数组的最小值或最大值，导致分区极不均衡，递归树退化成链表。\", \"turn_analysis\": \"对算法复杂度的理解非常深刻，能够准确说出最坏情况及其触发条件，展现了扎实的理论基础。\"}], \"radar_data\": {\"series\": [{\"name\": \"能力评分\", \"value\": [90.0, 88.0, 85.0, 92.0, 75.0, 70.0]}], \"indicator\": [{\"max\": 100, \"name\": \"专业知识\"}, {\"max\": 100, \"name\": \"技能匹配\"}, {\"max\": 100, \"name\": \"语言表达\"}, {\"max\": 100, \"name\": \"逻辑思维\"}, {\"max\": 100, \"name\": \"创新能力\"}, {\"max\": 100, \"name\": \"应变抗压\"}]}, \"generated_at\": \"2025-07-11 17:15\", \"interviewDate\": \"2025-07-11 17:00\", \"interviewType\": \"校招 - 技术面\", \"overall_summary\": \"候选人在算法知识方面表现出色，逻辑思维和表达能力均达到较高水平，但在压力情境下的表现略显紧张。\", \"recommendations\": [], \"filler_word_usage\": {\"xaxisData\": [], \"seriesData\": []}, \"tension_curve_data\": {\"xaxisData\": [\"03:00\", \"05:30\"], \"seriesData\": [40, 10]}, \"behavioral_analysis\": \"尽管在压力面试中出现了轻微的紧张情绪，但候选人能够准确无误地展示快速排序的核心逻辑，说明其具备扎实的专业知识基础。\", \"overall_suggestions\": \"系统化学习高级算法和数据结构；加强项目管理能力的培养；提升沟通表达技巧，特别是在压力环境下的应对策略。\", \"behavioral_suggestions\": \"建议候选人在面对高压面试时尝试进行更多的模拟练习，以增强心理承受能力；同时，可以在回答中加入更多个人思考的过程，以展现解决问题的深度和广度。\", \"eye_contact_percentage\": {\"xaxisData\": [\"问题1\", \"问题2\"], \"seriesData\": [0.85, 0.94]}, \"question_analysis_data\": [{\"score\": 88, \"answer\": \"(用户开始编写代码) ... 好了，我写完了。\", \"question\": \"我们时间有限，直接开始。手写一下快速排序。\", \"suggestion\": \"代码正确。在压力面试中，保持冷静和清晰的思路是关键。\"}, {\"score\": 95, \"answer\": \"最坏情况是O(n^2)。当数组已经有序或者逆序时，每次选择的基准值都是当前数组的最小值或最大值，导致分区极不均衡，递归树退化成链表。\", \"question\": \"你这个写法，最坏情况的时间复杂度是多少？什么情况下会发生？\", \"suggestion\": \"回答非常准确，可以补充一下如何通过随机选择基准值或三数取中法来优化，避免最坏情况的发生。\"}]}','2025-07-20 19:02:12','2025-07-20 19:02:12'),(27,'1-8-1752050400000',1,'{\"position\": \"产品经理\", \"dialogues\": [{\"id\": 207, \"sequence\": 1, \"timestamp\": \"2025-07-10T16:41:10.123\", \"ai_message\": \"你好，请问你为什么想做一名产品经理？\", \"user_message\": \"因为我觉得产品经理很酷，可以创造东西，而且我喜欢和人打交道。\", \"turn_analysis\": \"回答过于表面化和感性，没有展现出对产品经理岗位职责、所需能力的深入思考和认知。\"}, {\"id\": 208, \"sequence\": 2, \"timestamp\": \"2025-07-10T16:43:50.456\", \"ai_message\": \"好的。那请你分析一下你最常用的一个APP，你觉得它有什么优点和可以改进的地方？\", \"user_message\": \"我最常用微信。优点是...嗯...功能很全，大家都在用。可以改进的地方...我觉得...可以让主题更好看一点？\", \"turn_analysis\": \"回答非常失败。对优点的分析停留在众所周知的表层，对缺点的分析则是一个非常次要的个性化需求，完全没有展现出产品思维。眼神飘忽不定，缺乏自信。\"}], \"radar_data\": {\"series\": [{\"name\": \"能力评分\", \"value\": [40.0, 35.0, 50.0, 40.0, null, null]}], \"indicator\": [{\"max\": 100, \"name\": \"专业知识\"}, {\"max\": 100, \"name\": \"技能匹配\"}, {\"max\": 100, \"name\": \"语言表达\"}, {\"max\": 100, \"name\": \"逻辑思维\"}, {\"max\": 100, \"name\": \"创新能力\"}, {\"max\": 100, \"name\": \"应变抗压\"}]}, \"generated_at\": \"2025-07-10 16:50\", \"interviewDate\": \"2025-07-10 16:40\", \"interviewType\": \"不限 - 技术面\", \"overall_summary\": \"候选人在技术知识、逻辑思维和语音表达方面表现出中等水平，但在深入理解产品经理职位和展现结构化分析能力方面明显不足。\", \"recommendations\": [{\"id\": 128, \"url\": \"https://www.example.com/product-manager-skills-guide\", \"title\": \"产品经理核心技能指南\", \"step_number\": 1, \"recommendation_reason\": \"候选人对产品经理的核心职责和所需技能理解不够深入，需要加强对产品生命周期管理、用户需求分析等方面的学习和实践。\"}, {\"id\": 129, \"url\": \"https://www.example.com/user-scenario-requirement-analysis-handbook\", \"title\": \"用户-场景-需求分析实战手册\", \"step_number\": 2, \"recommendation_reason\": \"候选人未能有效运用用户-场景-需求分析模型来展示其产品思维和分析能力，建议通过实际案例练习提升这方面的能力。\"}], \"filler_word_usage\": {\"xaxisData\": [\"嗯\", \"我觉得\"], \"seriesData\": [1, 1]}, \"tension_curve_data\": {\"xaxisData\": [\"01:10\", \"03:50\"], \"seriesData\": [88, 92]}, \"behavioral_analysis\": \"候选人在面试中表现出缺乏自信，眼神飘忽不定，并且在回答问题时使用过多的填充词如“嗯”和“我觉得”，显示出沟通上的不自信和准备不足。\", \"overall_suggestions\": \"系统学习产品管理相关的知识和技能；通过实际项目锻炼分析和解决问题的能力；加强沟通能力的培训，包括非语言沟通技巧。\", \"behavioral_suggestions\": \"增强自信并提前准备面试问题，减少填充词的使用；练习结构化地回答问题，提高逻辑性和条理性。\", \"eye_contact_percentage\": {\"xaxisData\": [\"问题1\", \"问题2\"], \"seriesData\": [0.45, 0.38]}, \"question_analysis_data\": [{\"score\": 40, \"answer\": \"因为我觉得产品经理很酷，可以创造东西，而且我喜欢和人打交道。\", \"question\": \"你好，请问你为什么想做一名产品经理？\", \"suggestion\": \"这是一个经典问题，需要你从能力、兴趣、行业理解等多个角度，结构化地阐述你的动机。例如，可以结合你的某个特质（如逻辑分析能力、同理心）来说明你为何适合这个岗位。\"}, {\"score\": 30, \"answer\": \"我最常用微信。优点是...嗯...功能很全，大家都在用。可以改进的地方...我觉得...可以让主题更好看一点？\", \"question\": \"好的。那请你分析一下你最常用的一个APP，你觉得它有什么优点和可以改进的地方？\", \"suggestion\": \"产品分析题需要展现你的结构化分析能力。可以尝试从“用户-场景-需求”模型入手，分析其核心功能、目标用户、商业模式等，并从用户体验、功能逻辑或商业价值等角度提出有深度的改进建议。\"}]}','2025-07-20 19:02:14','2025-07-20 19:02:14'),(28,'1-8-1752170400000',1,'{\"position\": \"后端工程师\", \"dialogues\": [{\"id\": 226, \"sequence\": 1, \"timestamp\": \"2025-07-12T02:05:00.123\", \"ai_message\": \"你对我们公司的产品（如抖音、今日头条）有什么了解？你认为它们成功的关键是什么？\", \"user_message\": \"我经常用抖音。我觉得它成功的关键是推荐算法做得非常好，总能推给我喜欢看的内容，让人停不下来。\", \"turn_analysis\": \"从用户角度给出了直观感受，并点出了核心优势“推荐算法”，但分析维度比较单一。\"}], \"radar_data\": {\"series\": [{\"name\": \"能力评分\", \"value\": [80.0, 85.0, 88.0, 84.0, 76.0, 82.0]}], \"indicator\": [{\"max\": 100, \"name\": \"专业知识\"}, {\"max\": 100, \"name\": \"技能匹配\"}, {\"max\": 100, \"name\": \"语言表达\"}, {\"max\": 100, \"name\": \"逻辑思维\"}, {\"max\": 100, \"name\": \"创新能力\"}, {\"max\": 100, \"name\": \"应变抗压\"}]}, \"generated_at\": \"2025-07-12 02:45\", \"interviewDate\": \"2025-07-12 02:00\", \"interviewType\": \"校招 - 技术面\", \"overall_summary\": \"候选人在后端工程师职位的校招面试中表现出色，尤其在逻辑思考和口头表达能力方面有显著优势。然而，对于推荐算法的分析较为单一，建议从多个角度深化分析。\", \"recommendations\": [{\"id\": 45, \"url\": \"https://www.google.com/search?q=effective+team+collaboration&oq=effecti&ie=UTF-8&rls=com_search:&sa=X&ved=2ahUKEwiUmKeF6PnIAhVjBJQKHYC9DsAQ_AUoAXO3Y#tbm=b3&biw=1047&bih=590\", \"title\": \"Effective Team Collaboration\", \"step_number\": 1, \"recommendation_reason\": \"候选人在项目管理和团队协作方面的表现有待提升，这些能力对于完成复杂项目至关重要。\"}, {\"id\": 130, \"url\": \"https://www.amazon.com/High-Level-Architecture-Design-Book/dp/1484205369\", \"title\": \"High-Level Architecture Design Book\", \"step_number\": 2, \"recommendation_reason\": \"候选人在系统架构方面的知识有所欠缺，这对于后端工程师来说是一个关键技能，需要通过学习和实践来弥补。\"}, {\"id\": 131, \"url\": \"https://www.amazon.com/System-Architecting-Practitioner\'s-Guide/dp/0123725876\", \"title\": \"System Architecting: A Practitioner\'s Guide\", \"step_number\": 3, \"recommendation_reason\": \"候选人在系统架构方面的知识有所欠缺，这对于后端工程师来说是一个关键技能，需要通过学习和实践来弥补。\"}, {\"id\": 132, \"url\": \"https://courses.udacity.com/architecting-system-design\", \"title\": \"Architecting System Design: From Novice to Professional\", \"step_number\": 4, \"recommendation_reason\": \"候选人在系统架构方面的知识有所欠缺，这对于后端工程师来说是一个关键技能，需要通过学习和实践来弥补。\"}], \"filler_word_usage\": {\"xaxisData\": [], \"seriesData\": []}, \"tension_curve_data\": {\"xaxisData\": [\"05:00\"], \"seriesData\": [15]}, \"behavioral_analysis\": \"候选人在面试过程中能够清晰地表达自己的观点，但在面对不熟悉的问题时，回答显得有些局限。建议在未来的面试准备中加强对技术知识的全面理解。\", \"overall_suggestions\": \"1. 深入学习和掌握后端核心技术，特别是系统架构设计；2. 参与更多的实际项目，以提升实战经验；3. 加强与团队的沟通协作能力，提高项目管理效率。\", \"behavioral_suggestions\": \"1. 加强专业知识的学习，特别是在不擅长的领域；2. 提高对问题的全面分析能力，尝试从不同角度解决问题；3. 在面试前进行模拟训练，以增强应对突发问题的能力。\", \"eye_contact_percentage\": {\"xaxisData\": [\"问题1\"], \"seriesData\": [0.9]}, \"question_analysis_data\": [{\"score\": 85, \"answer\": \"我经常用抖音。我觉得它成功的关键是推荐算法做得非常好，总能推给我喜欢看的内容，让人停不下来。\", \"question\": \"你对我们公司的产品（如抖音、今日头条）有什么了解？你认为它们成功的关键是什么？\", \"suggestion\": \"回答正确。可以从产品、技术、运营等多个维度去分析，例如可以谈谈其短视频的产品形态、用户体验设计、社区氛围营造等。\"}]}','2025-07-20 19:02:14','2025-07-20 19:02:14'),(29,'1-9-1751964000000',1,'{\"position\": \"前端工程师\", \"dialogues\": [{\"id\": 204, \"sequence\": 1, \"timestamp\": \"2025-07-09T16:40:35.123\", \"ai_message\": \"同学你好，我们开始面试吧。请先简单介绍一下你自己和你的前端项目。\", \"user_message\": \"啊...面试官你好。我叫李四，是XX大学大三学生。我...我做过一个校园二手书交易网站，主要用了Vue和Element UI。嗯...就是这样。\", \"turn_analysis\": \"自我介绍过于简短，且带有不自信的口头禅（啊、嗯），未能有效突出自己的优势和项目亮点。\"}, {\"id\": 205, \"sequence\": 2, \"timestamp\": \"2025-07-09T16:42:10.456\", \"ai_message\": \"好的。我们来问个基础题，CSS的盒模型有哪两种？它们有什么区别？\", \"user_message\": \"有两种，标准盒模型和IE盒模型。它们的区别在于...嗯...在于width和height的计算方式不同。标准盒模型的width只包括content，而IE盒模型的width包括了content、padding和border。\", \"turn_analysis\": \"核心概念回答正确，能够区分两种盒模型在宽度计算上的差异，表明基础知识掌握。\"}, {\"id\": 206, \"sequence\": 3, \"timestamp\": \"2025-07-09T16:44:30.789\", \"ai_message\": \"嗯，没错。那再问一个JS的问题，谈谈你对“闭包”的理解。\", \"user_message\": \"闭包就是一个函数可以访问另一个函数作用域里的变量。比如在一个函数A内部定义了另一个函数B，函数B就可以访问函数A里的变量。\", \"turn_analysis\": \"对闭包的理解停留在表面现象，未能深入解释其原理（函数词法环境的持有）、应用场景（如模块化、防抖节流）以及潜在的缺点（如内存泄漏风险）。\"}], \"radar_data\": {\"series\": [{\"name\": \"能力评分\", \"value\": [75.0, 78.0, 70.0, 76.0, null, null]}], \"indicator\": [{\"max\": 100, \"name\": \"专业知识\"}, {\"max\": 100, \"name\": \"技能匹配\"}, {\"max\": 100, \"name\": \"语言表达\"}, {\"max\": 100, \"name\": \"逻辑思维\"}, {\"max\": 100, \"name\": \"创新能力\"}, {\"max\": 100, \"name\": \"应变抗压\"}]}, \"generated_at\": \"2025-07-09 16:50\", \"interviewDate\": \"2025-07-09 16:40\", \"interviewType\": \"实习 - 技术面\", \"overall_summary\": \"候选人在基础知识和逻辑思考方面表现良好，但在自信表达和技术深度上存在不足。\", \"recommendations\": [{\"id\": 24, \"url\": \"https://www.example.com/frontend-performance-guide\", \"title\": \"前端性能优化实战指南\", \"step_number\": 1, \"recommendation_reason\": \"从对话分析来看，候选人在讨论前端性能优化方面的能力有待提高，这是前端开发中非常重要的一部分。\"}, {\"id\": 133, \"url\": \"https://developer.mozilla.org/zh-CN/docs/Web/JavaScript/Closures\", \"title\": \"深入理解JavaScript闭包\", \"step_number\": 2, \"recommendation_reason\": \"候选人对闭包的理解停留在表面，未能深入探讨其原理、应用场景及潜在缺点，这是前端高级功能实现的关键知识点。\"}, {\"id\": 134, \"url\": \"https://www.youtube.com/watch?v=dQw4w9WgXcQ\", \"title\": \"JavaScript闭包的应用示例\", \"step_number\": 3, \"recommendation_reason\": \"候选人对闭包的理解停留在表面，未能深入探讨其原理、应用场景及潜在缺点，这是前端高级功能实现的关键知识点。\"}, {\"id\": 135, \"url\": \"https://javascript.info/es6-arrow-functions\", \"title\": \"深入探索ES6+：箭头函数与解构赋值\", \"step_number\": 4, \"recommendation_reason\": \"候选人在回答涉及高级JavaScript特性的问题时显得不够自信和专业，需要进一步加强对这些知识点的理解和掌握。\"}, {\"id\": 136, \"url\": \"https://developer.mozilla.org/zh-CN/docs/Web/JavaScript/Reference/Global_Objects/Promise\", \"title\": \"JavaScript异步编程指南\", \"step_number\": 5, \"recommendation_reason\": \"候选人在回答涉及高级JavaScript特性的问题时显得不够自信和专业，需要进一步加强对这些知识点的理解和掌握。\"}, {\"id\": 137, \"url\": \"https://www.sitepoint.com/essential-javascript-performance-optimization-techniques/\", \"title\": \"提升你的JavaScript性能：最佳实践与技巧\", \"step_number\": 6, \"recommendation_reason\": \"候选人在回答涉及高级JavaScript特性的问题时显得不够自信和专业，需要进一步加强对这些知识点的理解和掌握。\"}], \"filler_word_usage\": {\"xaxisData\": [\"啊\", \"嗯\"], \"seriesData\": [1, 2]}, \"tension_curve_data\": {\"xaxisData\": [\"00:35\", \"02:10\", \"04:30\"], \"seriesData\": [65, 25, 55]}, \"behavioral_analysis\": \"候选人在面试中表现出轻微的口头禅使用（如“啊”、“嗯”），这可能影响面试官对其专业性的看法。同时，在回答技术问题时，虽然能够正确回答问题，但缺乏足够的深入解释和自信表达。\", \"overall_suggestions\": \"加强对前端核心技术的深入学习，尤其是闭包的原理和应用；通过实际项目来提升自己的技术深度和实战经验。\", \"behavioral_suggestions\": \"减少在面试中使用填充词（如“啊”、“嗯”）的频率；提前准备并练习自我介绍和技术问题的解答，以增强自信和流畅性。\", \"eye_contact_percentage\": {\"xaxisData\": [\"问题1\", \"问题2\", \"问题3\"], \"seriesData\": [0.65, 0.88, 0.71]}, \"question_analysis_data\": [{\"score\": 65, \"answer\": \"啊...面试官你好。我叫李四，是XX大学大三学生。我...我做过一个校园二手书交易网站，主要用了Vue和Element UI。嗯...就是这样。\", \"question\": \"同学你好，我们开始面试吧。请先简单介绍一下你自己和你的前端项目。\", \"suggestion\": \"自我介绍是面试的黄金一分钟，请提前准备好腹稿，自信、流畅地介绍自己的关键信息，如技术栈、项目职责和成果。\"}, {\"score\": 85, \"answer\": \"有两种，标准盒模型和IE盒模型。它们的区别在于...嗯...在于width和height的计算方式不同。标准盒模型的width只包括content，而IE盒模型的width包括了content、padding和border。\", \"question\": \"好的。我们来问个基础题，CSS的盒模型有哪两种？它们有什么区别？\", \"suggestion\": \"回答正确。可以补充一下如何通过`box-sizing`属性来切换这两种模型，会显得你理解更全面。\"}, {\"score\": 70, \"answer\": \"闭包就是一个函数可以访问另一个函数作用域里的变量。比如在一个函数A内部定义了另一个函数B，函数B就可以访问函数A里的变量。\", \"question\": \"嗯，没错。那再问一个JS的问题，谈谈你对“闭包”的理解。\", \"suggestion\": \"理解基本正确，但不够深入。建议进一步学习闭包的原理、常见应用场景以及如何避免因滥用闭包导致的内存泄漏问题。\"}]}','2025-07-20 19:09:56','2025-07-20 19:09:56'),(30,'1-9-1751988000000',1,'{\"position\": \"前端工程师\", \"dialogues\": [{\"id\": 224, \"sequence\": 1, \"timestamp\": \"2025-07-09T22:22:00.123\", \"ai_message\": \"HTTP的GET和POST请求有什么区别？\", \"user_message\": \"GET用于获取数据，POST用于提交数据。GET的参数在URL中，有长度限制且不安全；POST的参数在请求体中，没有长度限制且相对安全。GET是幂等的，POST不是。\", \"turn_analysis\": \"回答快速、准确、全面，从用途、参数位置、安全性、幂等性等多个关键维度进行了区分。\"}], \"radar_data\": {\"series\": [{\"name\": \"能力评分\", \"value\": [95.0, 90.0, 92.0, 94.0, null, null]}], \"indicator\": [{\"max\": 100, \"name\": \"专业知识\"}, {\"max\": 100, \"name\": \"技能匹配\"}, {\"max\": 100, \"name\": \"语言表达\"}, {\"max\": 100, \"name\": \"逻辑思维\"}, {\"max\": 100, \"name\": \"创新能力\"}, {\"max\": 100, \"name\": \"应变抗压\"}]}, \"generated_at\": \"2025-07-09 22:40\", \"interviewDate\": \"2025-07-09 22:20\", \"interviewType\": \"不限 - 技术面\", \"overall_summary\": \"候选人在前端技术方面展现了扎实的专业知识和良好的逻辑思维能力，但在语音表达上还有提升空间。\", \"recommendations\": [{\"id\": 28, \"url\": \"https://zhuanlan.zhihu.com/p/453299982\", \"title\": \"前端性能优化实战：从原理到实践\", \"step_number\": 1, \"recommendation_reason\": \"在性能优化方面的知识略显薄弱，这对于前端工程师来说是一个关键技能。建议通过实际案例学习和练习来提升该领域能力。\"}, {\"id\": 138, \"url\": \"https://example.com/guide-to-modern-frontend-architecture\", \"title\": \"现代前端架构设计指南\", \"step_number\": 2, \"recommendation_reason\": \"虽然表现出良好的逻辑和技术知识，但缺乏对现代前端架构设计的深入理解，建议系统学习相关课程或阅读行业资料以补足此领域的知识。\"}, {\"id\": 139, \"url\": \"https://medium.com/@sethrobertson/building-high-performance-frontends-with-reactjs#f1027a965d84\", \"title\": \"构建高效前端架构的最佳实践\", \"step_number\": 3, \"recommendation_reason\": \"虽然表现出良好的逻辑和技术知识，但缺乏对现代前端架构设计的深入理解，建议系统学习相关课程或阅读行业资料以补足此领域的知识。\"}, {\"id\": 140, \"url\": \"https://flutter.dev/docs/get-started/install\", \"title\": \"Flutter：跨平台开发的革命\", \"step_number\": 4, \"recommendation_reason\": \"对于跨平台开发工具的掌握不足，需要加强对如React Native等工具的了解和应用，以适应多样化的开发需求。\"}, {\"id\": 141, \"url\": \"https://reactnative.dev/docs/overview\", \"title\": \"React Native：用JavaScript开发原生移动应用\", \"step_number\": 5, \"recommendation_reason\": \"对于跨平台开发工具的掌握不足，需要加强对如React Native等工具的了解和应用，以适应多样化的开发需求。\"}], \"filler_word_usage\": {\"xaxisData\": [], \"seriesData\": []}, \"tension_curve_data\": {\"xaxisData\": [\"02:00\"], \"seriesData\": [4]}, \"behavioral_analysis\": \"候选人在回答过程中使用适当的填充词，但频率较低，未对沟通产生负面影响。\", \"overall_suggestions\": \"针对具体项目进行深入学习，以增强实战经验；参与更多团队协作项目，提高沟通能力。\", \"behavioral_suggestions\": \"减少不必要的填充词使用；加强语言组织能力，确保清晰流畅地表达思想。\", \"eye_contact_percentage\": {\"xaxisData\": [\"问题1\"], \"seriesData\": [0.96]}, \"question_analysis_data\": [{\"score\": 95, \"answer\": \"GET用于获取数据，POST用于提交数据。GET的参数在URL中，有长度限制且不安全；POST的参数在请求体中，没有长度限制且相对安全。GET是幂等的，POST不是。\", \"question\": \"HTTP的GET和POST请求有什么区别？\", \"suggestion\": \"非常完美的回答。\"}]}','2025-07-20 19:09:56','2025-07-20 19:09:56'),(31,'1-8-1751877600000',1,'{\"position\": \"后端工程师\", \"dialogues\": [{\"id\": 201, \"sequence\": 1, \"timestamp\": \"2025-07-08T11:20:15.123\", \"ai_message\": \"你好，请先用一分钟时间做个自我介绍，重点突出你的后端技术栈和项目经验。\", \"user_message\": \"面试官你好，我叫张三，有5年Java后端开发经验。我熟悉Spring Boot、MyBatis等主流框架，并主导过一个百万级用户的电商项目。项目中我负责了订单和支付模块，并使用Redis做了缓存优化，用Kafka处理异步消息，对高并发场景有一定的处理经验。\", \"turn_analysis\": \"自我介绍简洁有力，清晰地展示了技术栈和项目亮点，直接切入重点，给面试官留下了良好的第一印象。\"}, {\"id\": 202, \"sequence\": 2, \"timestamp\": \"2025-07-08T11:22:40.456\", \"ai_message\": \"听起来很不错。你提到了Redis，能具体讲讲你在项目中是如何使用Redis的吗？遇到过缓存穿透或雪崩问题吗？如何解决的？\", \"user_message\": \"好的。在项目中，我主要用Redis做热点商品数据和用户Session的缓存。对于缓存穿透，我们对查询为空的结果也进行了短时间的缓存，并使用了布隆过滤器作为前置拦截。对于缓存雪崩，我们采用了Redis集群来保证高可用，并为缓存的key设置了随机的过期时间，避免在同一时间大量key失效。\", \"turn_analysis\": \"回答非常专业，不仅说明了应用场景，还针对性地提出了业界主流的解决方案，并能区分穿透和雪崩的不同对策，体现了扎实的理论和实践基础。\"}, {\"id\": 203, \"sequence\": 3, \"timestamp\": \"2025-07-08T11:24:55.789\", \"ai_message\": \"很好。最后一个问题，Spring Boot的自动配置原理是什么？\", \"user_message\": \"Spring Boot的自动配置核心是`@SpringBootApplication`注解，它包含了`@EnableAutoConfiguration`。这个注解会利用SpringFactoriesLoader机制，从`spring-boot-autoconfigure.jar`包下的`META-INF/spring.factories`文件中加载所有的自动配置类。这些配置类通过`@Conditional`系列注解判断当前环境是否满足条件（比如classpath下是否存在某个类），如果满足，对应的Bean就会被自动注入到Spring容器中。\", \"turn_analysis\": \"对Spring Boot核心原理的理解非常深入，回答准确、条理清晰，能够说出关键类和实现机制，展现了优秀的源码阅读和理解能力。\"}], \"radar_data\": {\"series\": [{\"name\": \"能力评分\", \"value\": [98.0, 95.0, 92.0, 94.0, 88.0, 90.0]}], \"indicator\": [{\"max\": 100, \"name\": \"专业知识\"}, {\"max\": 100, \"name\": \"技能匹配\"}, {\"max\": 100, \"name\": \"语言表达\"}, {\"max\": 100, \"name\": \"逻辑思维\"}, {\"max\": 100, \"name\": \"创新能力\"}, {\"max\": 100, \"name\": \"应变抗压\"}]}, \"generated_at\": \"2025-07-08 11:30\", \"interviewDate\": \"2025-07-08 11:20\", \"interviewType\": \"社招 - 技术面\", \"overall_summary\": \"候选人表现出色，技术能力突出，尤其是在后端开发领域。逻辑思考能力和专业知识掌握非常扎实，沟通能力良好，但需进一步提升语言表达的流畅性和清晰度。\", \"recommendations\": [{\"id\": 142, \"url\": \"https://www.example.com/resources/microservices-architecture-principles-and-practice\", \"title\": \"微服务架构设计原理与实践\", \"step_number\": 1, \"recommendation_reason\": \"虽然候选人对Spring Boot有深入理解，但在微服务架构设计的讨论中表现一般，建议系统学习微服务相关的理论和实践知识。\"}, {\"id\": 143, \"url\": \"https://www.example.com/resources/distributed-transactions-theory-and-implementation\", \"title\": \"分布式事务处理：理论与实现\", \"step_number\": 2, \"recommendation_reason\": \"候选人在解释分布式事务时显得略微犹豫，表明需要进一步加强该领域的知识和经验积累。\"}, {\"id\": 144, \"url\": \"https://www.example.com/resources/cloud-native-technology-stack-practical-guide\", \"title\": \"云原生技术栈实战指南\", \"step_number\": 3, \"recommendation_reason\": \"对于云原生技术栈的应用，候选人的回答显示出一定的局限性，建议深入学习并实践相关技术以提升竞争力。\"}], \"filler_word_usage\": {\"xaxisData\": [], \"seriesData\": []}, \"tension_curve_data\": {\"xaxisData\": [\"00:15\", \"02:40\", \"04:55\"], \"seriesData\": [8, 5, 6]}, \"behavioral_analysis\": \"从行为数据来看，候选人在面试过程中使用了适当的填充词，但整体使用频率较低，未对沟通产生明显负面影响。眼神交流和肢体语言显示出自信和专业度。\", \"overall_suggestions\": \"继续深化对后端核心技术的理解和应用；加强项目经验的总结和分享，提高面试中的表达能力；定期进行模拟面试，以进一步提高语言表达的清晰度和流畅性。\", \"behavioral_suggestions\": \"尝试减少非关键词汇的使用，以增强回答的自然流畅性；加强眼神交流的频率，以提升沟通的专业感。\", \"eye_contact_percentage\": {\"xaxisData\": [\"问题1\", \"问题2\", \"问题3\"], \"seriesData\": [0.92, 0.95, 0.93]}, \"question_analysis_data\": [{\"score\": 95, \"answer\": \"面试官你好，我叫张三，有5年Java后端开发经验。我熟悉Spring Boot、MyBatis等主流框架，并主导过一个百万级用户的电商项目。项目中我负责了订单和支付模块，并使用Redis做了缓存优化，用Kafka处理异步消息，对高并发场景有一定的处理经验。\", \"question\": \"你好，请先用一分钟时间做个自我介绍，重点突出你的后端技术栈和项目经验。\", \"suggestion\": \"非常棒的开场，继续保持。\"}, {\"score\": 98, \"answer\": \"好的。在项目中，我主要用Redis做热点商品数据和用户Session的缓存。对于缓存穿透，我们对查询为空的结果也进行了短时间的缓存，并使用了布隆过滤器作为前置拦截。对于缓存雪崩，我们采用了Redis集群来保证高可用，并为缓存的key设置了随机的过期时间，避免在同一时间大量key失效。\", \"question\": \"听起来很不错。你提到了Redis，能具体讲讲你在项目中是如何使用Redis的吗？遇到过缓存穿透或雪崩问题吗？如何解决的？\", \"suggestion\": \"回答堪称典范，对问题的理解和解决方案的阐述都非常到位。\"}, {\"score\": 96, \"answer\": \"Spring Boot的自动配置核心是`@SpringBootApplication`注解，它包含了`@EnableAutoConfiguration`。这个注解会利用SpringFactoriesLoader机制，从`spring-boot-autoconfigure.jar`包下的`META-INF/spring.factories`文件中加载所有的自动配置类。这些配置类通过`@Conditional`系列注解判断当前环境是否满足条件（比如classpath下是否存在某个类），如果满足，对应的Bean就会被自动注入到Spring容器中。\", \"question\": \"很好。最后一个问题，Spring Boot的自动配置原理是什么？\", \"suggestion\": \"回答精准，对技术原理的掌握非常牢固。\"}]}','2025-07-20 19:10:25','2025-07-20 19:10:25'),(32,'1-8-1751888800000',1,'{\"position\": \"后端工程师\", \"dialogues\": [{\"id\": 223, \"sequence\": 1, \"timestamp\": \"2025-07-08T14:25:00.123\", \"ai_message\": \"请解释一下C++中的野指针是什么，以及如何避免它？\", \"user_message\": \"野指针就是...指向一个已经被释放或者无效的内存地址的指针。避免方法有...嗯...指针在定义时初始化，释放后立即置为NULL。\", \"turn_analysis\": \"概念解释基本正确，但避免方法说得不够全面，语言组织有些犹豫。\"}], \"radar_data\": {\"series\": [{\"name\": \"能力评分\", \"value\": [72.0, 75.0, 70.0, 74.0, 68.0, 73.0]}], \"indicator\": [{\"max\": 100, \"name\": \"专业知识\"}, {\"max\": 100, \"name\": \"技能匹配\"}, {\"max\": 100, \"name\": \"语言表达\"}, {\"max\": 100, \"name\": \"逻辑思维\"}, {\"max\": 100, \"name\": \"创新能力\"}, {\"max\": 100, \"name\": \"应变抗压\"}]}, \"generated_at\": \"2025-07-08 15:10\", \"interviewDate\": \"2025-07-08 14:20\", \"interviewType\": \"校招 - 技术面\", \"overall_summary\": \"候选人在后端工程师的面试中表现出良好的逻辑思维和专业知识，但在语言表达和概念解释上略显不足。\", \"recommendations\": [{\"id\": 145, \"url\": \"https://www.amazon.com/Effective-Pointers-Smart-Pointers-Programming/dp/B002495764\", \"title\": \"Effective C++: 13 - Smart Pointers\", \"step_number\": 1, \"recommendation_reason\": \"尽管候选人对基本概念有较好的掌握，但缺乏对现代C++中智能指针（如`std::unique_ptr`, `std::shared_ptr`）的深入理解，这是避免野指针的有效方法。\"}, {\"id\": 146, \"url\": \"https://www.amazon.com/Professional-C++-Techniques-Programmers-Developers/dp/0596007128\", \"title\": \"Professional C++: Advanced Techniques for Programmers and Developers\", \"step_number\": 2, \"recommendation_reason\": \"尽管候选人对基本概念有较好的掌握，但缺乏对现代C++中智能指针（如`std::unique_ptr`, `std::shared_ptr`）的深入理解，这是避免野指针的有效方法。\"}, {\"id\": 147, \"url\": \"https://www.amazon.com/Code-Reading-Software-Practices-Foremost-Coders/dp/0596511394\", \"title\": \"Code Reading: The Best Software Practices from the World\'s Foremost Coders\", \"step_number\": 3, \"recommendation_reason\": \"候选人在概念解释和方法阐述上不够全面，需要通过学习和实践来提高代码组织和优化的能力。\"}, {\"id\": 148, \"url\": \"https://www.amazon.com/Clean-Code-Agile-Software-Craftsmanship/dp/0132350717\", \"title\": \"Clean Code: A Handbook of Agile Software Craftsmanship\", \"step_number\": 4, \"recommendation_reason\": \"候选人在概念解释和方法阐述上不够全面，需要通过学习和实践来提高代码组织和优化的能力。\"}, {\"id\": 149, \"url\": \"https://www.amazon.com/Algorithms-4th-Edition-Computer-Science/dp/0262033848\", \"title\": \"Algorithms, 4th Edition\", \"step_number\": 5, \"recommendation_reason\": \"考虑到校招岗位的要求，候选人应加强对高级编程技巧的学习，如并发编程、性能优化等，以适应后端开发的挑战。\"}, {\"id\": 150, \"url\": \"https://www.amazon.com/Concurrency-Go-Design-Principles-Patterns/dp/1491965586\", \"title\": \"Concurrency in Go: Design Principles and Patterns for Modern Software\", \"step_number\": 6, \"recommendation_reason\": \"考虑到校招岗位的要求，候选人应加强对高级编程技巧的学习，如并发编程、性能优化等，以适应后端开发的挑战。\"}], \"filler_word_usage\": {\"xaxisData\": [\"嗯...\"], \"seriesData\": [1]}, \"tension_curve_data\": {\"xaxisData\": [\"05:00\"], \"seriesData\": [45]}, \"behavioral_analysis\": \"从行为数据来看，候选人在对话中使用了‘嗯...’等填充词，这可能表明在思考或组织语言时存在犹豫。\", \"overall_suggestions\": \"加强编程语言的深度理解；系统学习C++智能指针的使用，提高内存管理技能；参与更多的编码练习，提升实战能力。\", \"behavioral_suggestions\": \"减少使用填充词以增强表达的流畅性；提前准备并练习常见的技术问题回答以提高自信和流畅度。\", \"eye_contact_percentage\": {\"xaxisData\": [\"问题1\"], \"seriesData\": [0.78]}, \"question_analysis_data\": [{\"score\": 75, \"answer\": \"野指针就是...指向一个已经被释放或者无效的内存地址的指针。避免方法有...嗯...指针在定义时初始化，释放后立即置为NULL。\", \"question\": \"请解释一下C++中的野指针是什么，以及如何避免它？\", \"suggestion\": \"回答正确。可以补充使用智能指针（如`std::unique_ptr`, `std::shared_ptr`）是现代C++中避免野指针更有效的方法。\"}]}','2025-07-20 19:10:31','2025-07-20 19:10:31');
/*!40000 ALTER TABLE `interview_generated_reports` ENABLE KEYS */;
UNLOCK TABLES;

--
-- Table structure for table `interview_sessions`
--

DROP TABLE IF EXISTS `interview_sessions`;
/*!40101 SET @saved_cs_client     = @@character_set_client */;
/*!50503 SET character_set_client = utf8mb4 */;
CREATE TABLE `interview_sessions` (
  `id` varchar(255) COLLATE utf8mb4_unicode_ci NOT NULL COMMENT '会话唯一ID',
  `user_id` bigint unsigned NOT NULL COMMENT '参与面试的用户ID',
  `channel_id` bigint unsigned DEFAULT NULL COMMENT '使用的面试频道ID（可为空，表示快速开始）',
  `resume_id` bigint unsigned NOT NULL COMMENT '本次面试使用的简历ID',
  `status` varchar(20) CHARACTER SET utf8mb4 COLLATE utf8mb4_unicode_ci NOT NULL DEFAULT '准备中' COMMENT '面试状态(''准备中'', ''进行中'', ''已完成'', ''已取消'')',
  `started_at` timestamp NULL DEFAULT NULL COMMENT '面试开始时间',
  `ended_at` timestamp NULL DEFAULT NULL COMMENT '面试结束时间',
  `feedback_mode` varchar(20) CHARACTER SET utf8mb4 COLLATE utf8mb4_unicode_ci NOT NULL DEFAULT '''实时反馈''' COMMENT '反馈模式(''实时反馈'', ''模拟面试'')',
  `overall_score` decimal(5,2) DEFAULT NULL COMMENT '面试综合得分',
  `created_at` timestamp NOT NULL DEFAULT CURRENT_TIMESTAMP COMMENT '创建时间',
  `updated_at` timestamp NOT NULL DEFAULT CURRENT_TIMESTAMP COMMENT '更新时间',
  `overall_analysis` text COLLATE utf8mb4_unicode_ci COMMENT '此场面试的整体分析[结合了每一轮的分析]',
  PRIMARY KEY (`id`),
  KEY `idx_user_id` (`user_id`),
  KEY `idx_channel_id` (`channel_id`),
  KEY `idx_resume_id` (`resume_id`)
) ENGINE=InnoDB DEFAULT CHARSET=utf8mb4 COLLATE=utf8mb4_unicode_ci COMMENT='记录每一次具体的面试实例';
/*!40101 SET character_set_client = @saved_cs_client */;

--
-- Dumping data for table `interview_sessions`
--

LOCK TABLES `interview_sessions` WRITE;
/*!40000 ALTER TABLE `interview_sessions` DISABLE KEYS */;
INSERT INTO `interview_sessions` VALUES ('1-10-1752084000000',1,NULL,10,'已完成','2025-07-10 17:00:00','2025-07-10 17:25:00','\'实时反馈\'',78.00,'2025-07-20 18:35:03','2025-07-20 18:35:03','沟通流畅，但求职动机阐述不够清晰。'),('1-10-1752136800000',1,4,10,'已完成','2025-07-11 09:00:00','2025-07-11 09:12:00','\'实时反馈\'',85.00,'2025-07-11 08:59:00','2025-07-11 09:13:00','候选人在面试初期表现紧张，但在面试官的压力下迅速调整状态，展现了良好的心理素质。算法功底扎实，能够清晰地写出快排代码并分析其复杂度。在面对开放性问题时，虽然一开始有些错愕，但能快速冷静下来，提出有条理的思路。抗压能力和解决问题的能力突出。'),('1-10-1752343200000',1,3,10,'已取消','2025-07-13 20:00:00',NULL,'\'实时反馈\'',NULL,'2025-07-20 18:35:03','2025-07-20 18:35:03','用户未在规定时间进入面试间，系统自动取消。'),('1-10-1752482400000',1,11,10,'已完成','2025-07-15 13:00:00','2025-07-15 13:40:00','\'实时反馈\'',68.00,'2025-07-20 18:35:03','2025-07-20 18:35:03','面对多位面试官显得比较紧张，影响了正常发挥。'),('1-10-1752741600000',1,16,10,'进行中','2025-07-18 06:00:00',NULL,'\'实时反馈\'',NULL,'2025-07-20 18:35:03','2025-07-20 18:35:03','面试正在进行中...'),('1-10-1753000800000',1,19,10,'已完成','2025-07-21 09:00:00','2025-07-21 09:50:00','\'实时反馈\'',79.00,'2025-07-20 18:35:03','2025-07-20 18:35:03','对数据仓库模型有一定了解，但项目经验较少。'),('1-18-1753070319333',1,18,1,'进行中','2025-07-21 03:58:39','2025-07-21 03:58:39','\'实时反馈\'',NULL,'2025-07-21 03:58:39','2025-07-21 03:58:39',NULL),('1-20-1753076164740',1,20,1,'进行中','2025-07-21 05:36:05','2025-07-21 05:36:05','\'实时反馈\'',NULL,'2025-07-21 05:36:04','2025-07-21 05:36:04',NULL),('1-6-1753073821832',1,6,1,'进行中','2025-07-21 04:57:02','2025-07-21 04:57:02','\'实时反馈\'',NULL,'2025-07-21 04:57:01','2025-07-21 04:57:01',NULL),('1-8-1751877600000',1,2,8,'已完成','2025-07-08 03:20:00','2025-07-08 03:25:30','\'实时反馈\'',92.50,'2025-07-08 03:19:00','2025-07-08 03:26:00','候选人技术功底扎实，对分布式系统有深入理解，沟通表达清晰流畅，逻辑性强。在回答关于Redis和Spring Boot的问题时，不仅能说出原理，还能结合项目经验，展现了优秀的解决问题的能力。全程表现自信、从容，是一位非常优秀的后端工程师。'),('1-8-1751888800000',1,20,8,'已完成','2025-07-08 06:20:00','2025-07-08 07:05:00','\'实时反馈\'',72.00,'2025-07-20 18:35:03','2025-07-20 18:35:03','C++基础需要加强，特别是指针和内存管理部分。'),('1-8-1752050400000',1,5,8,'已完成','2025-07-10 08:40:00','2025-07-10 08:45:20','\'实时反馈\'',45.00,'2025-07-10 08:39:00','2025-07-10 08:46:00','候选人对产品岗位的理解非常浅薄，回答问题缺乏逻辑和结构，内容空洞。在分析产品时，无法从用户、场景、需求等基本维度展开，全程眼神躲闪，沟通意愿不强。综合来看，候选人目前不具备担任产品经理的基本素质。'),('1-8-1752170400000',1,1,8,'已完成','2025-07-11 18:00:00','2025-07-11 18:40:00','\'实时反馈\'',84.00,'2025-07-20 18:35:03','2025-07-20 18:35:03','整体不错，对字节的业务需要有更多了解。'),('1-8-1752309600000',1,1,8,'已完成','2025-07-13 11:00:00','2025-07-13 11:10:00','\'实时反馈\'',82.00,'2025-07-20 18:35:03','2025-07-20 18:35:03','整体表现良好，但在部分技术细节上有所欠缺。'),('1-8-1752568800000',1,14,8,'已完成','2025-07-16 14:00:00','2025-07-16 14:30:00','\'实时反馈\'',90.00,'2025-07-20 18:35:03','2025-07-20 18:35:03','前端基础扎实，项目经验匹配度高。'),('1-8-1752828000000',1,17,8,'已完成','2025-07-19 07:00:00','2025-07-19 07:45:00','\'实时反馈\'',88.50,'2025-07-20 18:35:03','2025-07-20 18:35:03','计算机基础知识掌握牢固，回答准确。'),('1-9-1751964000000',1,3,9,'已完成','2025-07-09 08:40:00','2025-07-09 08:46:10','\'实时反馈\'',76.80,'2025-07-09 08:39:00','2025-07-09 08:47:00','候选人基础知识掌握尚可，能够回答出大部分问题，但在深入追问时略显吃力。例如对闭包的理解停留在表面，未能阐述其内存影响。沟通态度良好，但自信心稍有不足，回答时有少量不必要的停顿和口头禅。有一定发展潜力，但技术深度和表达流畅度有待加强。'),('1-9-1751988000000',1,21,9,'已完成','2025-07-09 14:20:00','2025-07-09 14:35:00','\'实时反馈\'',91.00,'2025-07-20 18:35:03','2025-07-20 18:35:03','快问快答环节反应迅速，基础非常扎实。'),('1-9-1752256800000',1,5,9,'已完成','2025-07-12 19:00:00','2025-07-12 19:45:00','\'实时反馈\'',65.00,'2025-07-20 18:35:03','2025-07-20 18:35:03','产品感觉较弱，需要系统性学习。'),('1-9-1752396000000',1,7,9,'已完成','2025-07-14 12:00:00','2025-07-14 12:20:00','\'实时反馈\'',75.50,'2025-07-20 18:35:03','2025-07-20 18:35:03','群面中发言不够积极，但提出的观点有一定见解。'),('1-9-1752655200000',1,15,9,'已取消','2025-07-17 15:00:00',NULL,'\'实时反馈\'',NULL,'2025-07-20 18:35:03','2025-07-20 18:35:03','用户在面试开始前取消。'),('1-9-1752914400000',1,18,9,'已完成','2025-07-20 08:00:00','2025-07-20 08:30:00','\'实时反馈\'',81.00,'2025-07-20 18:35:03','2025-07-20 18:35:03','对Java实习岗位要求基本满足，有培养潜力。');
/*!40000 ALTER TABLE `interview_sessions` ENABLE KEYS */;
UNLOCK TABLES;

--
-- Table structure for table `knowledge_base_questions`
--

DROP TABLE IF EXISTS `knowledge_base_questions`;
/*!40101 SET @saved_cs_client     = @@character_set_client */;
/*!50503 SET character_set_client = utf8mb4 */;
CREATE TABLE `knowledge_base_questions` (
  `id` bigint unsigned NOT NULL AUTO_INCREMENT COMMENT '问题唯一ID',
  `question_text` text CHARACTER SET utf8mb4 COLLATE utf8mb4_unicode_ci NOT NULL COMMENT '问题题干',
  `answer_guideline` text CHARACTER SET utf8mb4 COLLATE utf8mb4_unicode_ci COMMENT '参考答案或得分要点（AI评分关键依据）',
  `difficulty` varchar(20) CHARACTER SET utf8mb4 COLLATE utf8mb4_unicode_ci NOT NULL DEFAULT '中等' COMMENT '难度等级(''简单'', ''中等'', ''困难'')',
  `topics` json DEFAULT NULL COMMENT '关联的知识点/主题（数组），如：["计算机网络", "TCP/IP"]',
  `positions` json DEFAULT NULL COMMENT '适用的岗位（数组），如：["后端工程师", "网络工程师"]',
  `job_types` json DEFAULT NULL COMMENT '适用的工作类型（数组），如：["校招", "社招"]',
  `styles` json DEFAULT NULL COMMENT '适用的面试官风格（数组），如：["技术型", "压力面"]',
  `companies` json DEFAULT NULL COMMENT '关联的公司（数组），如：["腾讯", "阿里巴巴"]',
  `status` varchar(20) CHARACTER SET utf8mb4 COLLATE utf8mb4_unicode_ci NOT NULL DEFAULT '已发布' COMMENT '问题状态(''草稿'', ''审核中'', ''已发布'', ''已归档'')',
  `creator_id` bigint unsigned DEFAULT NULL COMMENT '问题创建者ID',
  `created_at` timestamp NOT NULL DEFAULT CURRENT_TIMESTAMP COMMENT '创建时间',
  `updated_at` timestamp NOT NULL DEFAULT CURRENT_TIMESTAMP ON UPDATE CURRENT_TIMESTAMP COMMENT '更新时间',
  PRIMARY KEY (`id`),
  KEY `idx_difficulty` (`difficulty`),
  KEY `idx_status` (`status`)
) ENGINE=InnoDB DEFAULT CHARSET=utf8mb4 COLLATE=utf8mb4_unicode_ci COMMENT='知识库-单表JSON实现';
/*!40101 SET character_set_client = @saved_cs_client */;

--
-- Dumping data for table `knowledge_base_questions`
--

LOCK TABLES `knowledge_base_questions` WRITE;
/*!40000 ALTER TABLE `knowledge_base_questions` DISABLE KEYS */;
/*!40000 ALTER TABLE `knowledge_base_questions` ENABLE KEYS */;
UNLOCK TABLES;

--
-- Table structure for table `learning_resources`
--

DROP TABLE IF EXISTS `learning_resources`;
/*!40101 SET @saved_cs_client     = @@character_set_client */;
/*!50503 SET character_set_client = utf8mb4 */;
CREATE TABLE `learning_resources` (
  `id` bigint unsigned NOT NULL AUTO_INCREMENT COMMENT '资源唯一ID',
  `topic_id` int unsigned NOT NULL COMMENT '关联的知识点ID',
  `title` varchar(255) COLLATE utf8mb4_general_ci NOT NULL COMMENT '资源标题',
  `description` text COLLATE utf8mb4_general_ci COMMENT '资源描述',
  `url` varchar(512) COLLATE utf8mb4_general_ci NOT NULL COMMENT '资源链接',
  `resource_type` varchar(255) COLLATE utf8mb4_general_ci NOT NULL DEFAULT 'ARTICLE' COMMENT '资源类型(文章,视频,课程,书籍)(''ARTICLE'', ''VIDEO'', ''COURSE'', ''BOOK'')',
  `difficulty` varchar(255) COLLATE utf8mb4_general_ci NOT NULL DEFAULT 'BEGINNER' COMMENT '难度等级((''BEGINNER'', ''INTERMEDIATE'', ''ADVANCED''))',
  `created_at` timestamp NOT NULL DEFAULT CURRENT_TIMESTAMP COMMENT '创建时间',
  PRIMARY KEY (`id`),
  KEY `idx_topic_id` (`topic_id`),
  CONSTRAINT `learning_resources_ibfk_1` FOREIGN KEY (`topic_id`) REFERENCES `learning_resources_topics` (`id`)
) ENGINE=InnoDB AUTO_INCREMENT=151 DEFAULT CHARSET=utf8mb4 COLLATE=utf8mb4_general_ci COMMENT='用于个性化推荐的学习资源库';
/*!40101 SET character_set_client = @saved_cs_client */;

--
-- Dumping data for table `learning_resources`
--

LOCK TABLES `learning_resources` WRITE;
/*!40000 ALTER TABLE `learning_resources` DISABLE KEYS */;
INSERT INTO `learning_resources` VALUES (1,1,'深入浅出Node.js','介绍Node.js基础和进阶知识，适合初学者和中级开发者。','https://www.freecodecamp.org/news/node-js-tutorial/','ARTICLE','INTERMEDIATE','2025-07-18 17:07:26'),(2,2,'提升逻辑思维能力的5种方法','提供实用的技巧来提高你的逻辑思维能力，适合所有级别的学习者。','https://medium.com/@jdoe/5-ways-to-improve-your-logical-thinking-skills-3f06478a2b19','ARTICLE','BEGINNER','2025-07-18 17:07:26'),(3,3,'如何提升你的专业知识','这篇文章提供了一些实用的方法和技巧，帮助你系统地提升和扩展自己的专业知识。','https://example.com/how-to-improve-your-professional-knowledge','ARTICLE','INTERMEDIATE','2025-07-19 01:42:56'),(4,4,'提高表达能力的实用技巧','本视频将教你如何通过练习和技巧来提高你的表达能力，让你在各种场合都能自信地表达自己。','https://example.com/how-to-improve-your-expression-skills','VIDEO','BEGINNER','2025-07-19 01:42:56'),(5,6,'《深入浅出数据分析》','这本书由著名的数据科学家Mitch Resnick所著，通过通俗易懂的方式讲解了数据分析的核心概念、技术和工具。','https://www.amazon.com/gp/product/0984782835','BOOK','INTERMEDIATE','2025-07-19 01:43:24'),(6,7,'《如何有效管理项目》','这本书提供了项目管理的基本理论和实践技巧，包括如何规划项目、执行项目和监控项目进度等。','https://www.amazon.com/Effective-Project-Management-Second-Edition/dp/1617292044','BOOK','INTERMEDIATE','2025-07-19 01:43:24'),(7,8,'如何撰写出色的简历中的工作经验部分','本指南将教你如何在简历中有效地展示你的工作经验，突出你的成就和技能。','https://www.linkedin.com/learning/how-to-write-an-effective-work-experience-section-of-your-resume','ARTICLE','INTERMEDIATE','2025-07-19 01:47:52'),(8,9,'如何快速提升你的专业知识','这篇文章提供了一些实用的方法和策略，帮助你在短时间内有效提高自己的专业水平。','https://example.com/how-to-quickly-improve-your-professional-knowledge','ARTICLE','INTERMEDIATE','2025-07-19 02:22:39'),(9,10,'从理论到实践：构建实战经验','本课程旨在帮助学员将理论知识转化为实际工作能力，通过案例分析和模拟练习提升实战经验。','https://example.com/theory-to-practice-course','COURSE','ADVANCED','2025-07-19 02:22:39'),(10,11,'面试成功的秘密：技巧与策略','这本书详细讲解了面试中的各种技巧和策略，帮助读者更好地准备和应对面试挑战。','https://example.com/interview-success-secrets','BOOK','BEGINNER','2025-07-19 02:22:39'),(11,12,'技能匹配：如何利用机器学习进行高效招聘','本文介绍了如何使用机器学习算法优化招聘流程，提高候选人与职位的匹配度。','https://medium.com/@example/skill-matching-how-to-use-machine-learning-for-efficient-recruitment-5c3d84a12b97','ARTICLE','INTERMEDIATE','2025-07-19 02:22:41'),(12,13,'《运营之光》','本书由互联网运营专家黄有璨撰写，深入浅出地讲解了运营的基本概念和实战技巧。','https://www.amazon.com/Operation-Light-Internet-Operations-Experts/dp/1617293854','BOOK','INTERMEDIATE','2025-07-19 02:22:43'),(13,14,'《创新者的窘境》','克莱顿·克里斯坦森的经典之作，深入探讨了为什么一些公司能够在市场中保持领先地位，而另一些则逐渐衰落。','https://www.amazon.com/Innovator-s-Dilemma-Why-Companys-Fathers-ebook/dp/0062228354','BOOK','INTERMEDIATE','2025-07-19 02:22:43'),(14,15,'如何从零开始打造高效运营团队','详细介绍了运营团队的组建、管理以及优化策略，适合初学者学习。','https://example.com/how-to-build-an-efficient-operations-team','ARTICLE','INTERMEDIATE','2025-07-19 02:22:49'),(15,16,'深入浅出算法分析','通过实例讲解常见算法的原理和应用，帮助读者提高编程效率和解决问题的能力。','https://example.com/introduction-to-algorithm-analysis','COURSE','ADVANCED','2025-07-19 02:22:49'),(16,17,'如何根据教育背景规划职业生涯','提供了一系列实用的建议和方法，帮助读者根据自身的教育背景做出明智的职业决策。','https://example.com/career-planning-based-on-educational-background','BOOK','BEGINNER','2025-07-19 02:22:49'),(17,19,'深入理解消息队列（MQ）：从入门到精通','这本书为读者提供了全面的MQ知识，包括其工作原理、常见实现以及如何在实际应用中有效使用MQ。','https://book.example.com/mq-deep-dive','BOOK','INTERMEDIATE','2025-07-19 03:12:43'),(18,19,'Apache Kafka：构建实时数据管道的最佳实践','Apache Kafka是一个分布式流处理平台，广泛用于构建实时数据管道和事件驱动应用。本书介绍了Kafka的核心概念、架构设计和最佳实践。','https://www.oreilly.com/library/view/building-real-time-data-pipelines-with-apache-kafka/9781491962625','BOOK','ADVANCED','2025-07-19 03:12:43'),(19,20,'高性能服务器架构设计指南','本书提供了关于如何设计高性能服务器架构的实用指导，包括负载均衡、缓存策略和资源分配等关键主题。','https://www.packtpub.com/books/9781783350220/9781783350220-ch01/9781783350220-ch01.pdf','BOOK','INTERMEDIATE','2025-07-19 03:12:43'),(20,20,'网站性能优化实战：解决高流量挑战的策略与技巧','本书详细介绍了各种网站性能优化的方法，特别是如何处理和预防服务器过载问题，适合希望提高网站性能的开发者和运维人员。','https://www.apress.com/book/pdf/1464656/','BOOK','BEGINNER','2025-07-19 03:12:43'),(21,21,'软件工程：原理与实践','本书全面介绍了软件工程的基本概念、原理和方法，特别关注于软件生命周期的各个阶段，包括前端开发在内的综合应用。','https://books.google.com/books?id=JkZzVnGmTxoC&printsec=frontmatter&source=gbs_us_ssl#v=one-page&q=software+engineering&f霜=false','BOOK','INTERMEDIATE','2025-07-19 03:12:43'),(22,21,'JavaScript高级程序设计 (第4版)','这本书是JavaScript编程的经典之作，不仅涵盖了JavaScript的基础语法和功能，还涉及前端开发中的高级主题和技术，适合前端开发人员深入学习。','https://www.goodreads.com/book/show/1056634.html','BOOK','ADVANCED','2025-07-19 03:12:43'),(23,22,'深入理解消息队列（MQ）','这篇文章详细介绍了消息队列的基本概念、工作原理及其在不同场景下的应用，适合初学者和中级开发者阅读。','https://www.example.com/mq-deep-dive','ARTICLE','BEGINNER','2025-07-19 03:12:49'),(24,23,'前端性能优化实战指南','本书提供了丰富的前端性能优化案例和最佳实践，帮助开发者构建快速、高效、响应迅速的用户界面。','https://www.example.com/frontend-performance-guide','BOOK','INTERMEDIATE','2025-07-19 03:12:49'),(25,24,'软件工程基础与实践','这本课程介绍了软件工程的核心概念和最佳实践，特别着重于如何将这些知识应用于实际的前端开发工作中。','https://www.example.com/software-engineering-for-frontend','COURSE','ADVANCED','2025-07-19 03:12:49'),(26,25,'深入理解消息队列：从入门到精通','本书详细介绍了消息队列的基本概念、工作原理以及如何在实际项目中应用，包括Apache Kafka、RabbitMQ等常用消息队列的实现和应用案例。','https://book.csdn.net/weixin_39621587/messagequeue.html','BOOK','INTERMEDIATE','2025-07-19 03:12:51'),(27,25,'高性能高并发系统设计：消息队列的实践指南','本视频课程深入讲解了如何在高并发系统中使用消息队列进行性能优化，涵盖了消息队列的原理、配置、常见问题及解决方案等内容。','https://edu.csdn.net/course/detail/1004769704','VIDEO','ADVANCED','2025-07-19 03:12:51'),(28,26,'前端性能优化实战：从原理到实践','本文详细介绍了前端性能优化的各种方法和最佳实践，包括代码拆分、懒加载、缓存策略等，帮助开发者构建高性能的Web应用。','https://zhuanlan.zhihu.com/p/453299982','ARTICLE','BEGINNER','2025-07-19 03:12:51'),(29,26,'Web性能优化宝典：HTML/CSS/JavaScript全解析','这本书提供了全面的前端性能优化知识，覆盖了HTML、CSS和JavaScript的性能调优技巧，适合所有级别的前端开发者阅读学习。','https://book.csdn.net/weixin_39621587/webperformanceoptimization.html','BOOK','INTERMEDIATE','2025-07-19 03:12:51'),(30,27,'深入理解React: 从入门到精通','本书全面介绍了React的核心原理、组件生命周期、虚拟DOM等高级特性，并通过大量实例展示如何在项目中应用React进行高效的前端开发。','https://book.csdn.net/weixin_39621587/react-deep-dive.html','BOOK','ADVANCED','2025-07-19 03:12:51'),(31,27,'Vue.js实战教程：构建高性能Web应用','本教程详细讲解了Vue.js的基础知识和高级功能，并提供了多个实际案例，帮助读者快速掌握Vue.js并应用于实际项目中。','https://edu.csdn.net/course/detail/1004769705','COURSE','INTERMEDIATE','2025-07-19 03:12:51'),(32,29,'高效并发解决方案','本课程将深入探讨高并发处理的多种策略和技术，包括缓存机制、异步处理、负载均衡等，旨在帮助开发者构建高性能、高可用性的应用程序。','https://www.example.com/courses/high-concurrency-solutions','COURSE','INTERMEDIATE','2025-07-19 03:12:52'),(33,29,'深入浅出：高并发处理原理与实践','本书详细阐述了高并发处理的核心原理和技术细节，并通过丰富的实例和案例分析，帮助读者掌握如何在实际项目中有效地解决并发问题。','https://www.example.com/books/high-concurrency-principles-and-practice','BOOK','ADVANCED','2025-07-19 03:12:52'),(34,30,'精通消息队列：从入门到精通','本课程全面介绍了消息队列的基础知识、应用场景以及常见问题的解决方法，适合初学者和中级开发者深入学习。','https://www.example.com/courses/mastering-message-queues','COURSE','INTERMEDIATE','2025-07-19 03:12:52'),(35,30,'消息队列实战指南','本书通过实际案例分析，详细介绍了消息队列在不同业务场景下的应用技巧和最佳实践，帮助读者快速掌握MQ的使用技巧。','https://www.example.com/books/message-queue-practical-guide','BOOK','ADVANCED','2025-07-19 03:12:52'),(36,31,'前后端分离架构全解析','本课程深入讲解了前后端分离架构的设计原则、实现方式以及与传统架构的区别，帮助开发者更好地理解并应用这种现代化开发模式。','https://www.example.com/courses/frontend-backend-separation-architecture','COURSE','INTERMEDIATE','2025-07-19 03:12:52'),(37,31,'构建高效前后端分离应用：设计、实现与优化','本书结合实际项目案例，详细阐述了前后端分离架构的设计思路、关键技术点以及性能优化方法，是前端和后端开发者必备的技术宝典。','https://www.example.com/books/building-efficient-frontend-backend-separated-applications','BOOK','ADVANCED','2025-07-19 03:12:52'),(39,34,'Software Development Fundamentals','This book provides a comprehensive overview of software development, covering topics such as coding languages, algorithms, and software design principles.','https://www.amazon.com/Software-Development-Fundamentals-Jon-Skeet/dp/1484209375','BOOK','BEGINNER','2025-07-19 05:24:34'),(40,34,'Learn Python in One Hour','This online course teaches beginners how to code in Python, with exercises and examples that help you build practical skills.','https://www.udemy.com/ Learn-Python-in-One-Hour/','COURSE','INTERMEDIATE','2025-07-19 05:24:34'),(41,35,'Career Navigator: A Comprehensive Guide to Finding Your Next Job','This guide helps readers identify their career goals and develop a plan for achieving them, including strategies for networking and building a professional brand.','https://www.careerguider.com/career-navigator','ARTICLE','ADVANCED','2025-07-19 05:24:34'),(42,35,'The 7 Habits of Highly Effective People: Powerful Tools for Getting Organized, Managing Time, and Staying Motivated','This book offers timeless advice on goal setting and personal organization, which can be applied to career planning and achieving personal and professional objectives.','https://www.goodreads.com/book/show/16930256-the-7-habits-of-highly-effective-people','BOOK','INTERMEDIATE','2025-07-19 05:24:34'),(43,36,'Project Management Professional (PMP) Certification Study Guide','This study guide is designed for candidates preparing for the Project Management Professional (PMP) certification exam, covering essential project management concepts and practices.','https://www.pmpcertification.org/pmp-certification-study-guide/','BOOK','ADVANCED','2025-07-19 05:24:34'),(44,36,'Agile Project Management: From Planning to Delivery','This book introduces the Agile methodology for project management, focusing on how to apply Agile principles to enhance project delivery and team collaboration.','https://www.amazon.com/Agile-Project-Management-Planning-Delivery/dp/1484875265','BOOK','ADVANCED','2025-07-19 05:24:34'),(45,37,'Effective Team Collaboration','This guide provides practical tips and strategies to enhance team collaboration.','https://www.google.com/search?q=effective+team+collaboration&oq=effecti&ie=UTF-8&rls=com_search:&sa=X&ved=2ahUKEwiUmKeF6PnIAhVjBJQKHYC9DsAQ_AUoAXO3Y#tbm=b3&biw=1047&bih=590','ARTICLE','INTERMEDIATE','2025-07-19 06:44:13'),(46,37,'Project Management Basics for Beginners','A comprehensive guide that covers the fundamentals of project management, including planning, executing, monitoring, and closing projects successfully.','https://www.coursera.org/courses?query=project+management+','COURSE','BEGINNER','2025-07-19 06:44:13'),(47,38,'Professional Skills in Data Science','This course teaches students how to apply data science skills to real-world problems using Python and machine learning techniques.','https://www.udemy.com/course/professional-skills-in-data-science/','COURSE','INTERMEDIATE','2025-07-19 06:44:13'),(48,38,'Applied Programming in Java','This book delves into the practical application of Java programming by providing real-world examples and case studies.','https://www.amazon.com/Applied-Programming-Java-Real-World-Problems/dp/1484209956/','BOOK','ADVANCED','2025-07-19 06:44:13'),(49,40,'《项目管理知识体系指南》（PMBOK）','这本书是项目管理领域的经典之作，提供了全面的项目管理知识和最佳实践。','https://books.google.com/ books/about/The_PMBOK_Guide.html?id=xqaYAAAAcEJ&source=kp_book_r_u_qrz-lOQLWnKUQAZ','BOOK','INTERMEDIATE','2025-07-19 06:44:25'),(50,41,'《软件技能自评工具》','这个工具可以帮助个人评估和提升自己的软件开发技能，以更好地匹配专业要求。','https://www.skillstracker.com/','ARTICLE','BEGINNER','2025-07-19 06:44:25'),(51,42,'《创新者的窘境》（The Innovator\'s Dilemma）','这本书探讨了企业如何在面临市场和技术变化时保持创新，是理解创新思维的经典读物。','https://www.goodreads.com/book/show/10543297-the_innovator%27s_dilemma','BOOK','INTERMEDIATE','2025-07-19 06:44:25'),(52,43,'提升团队协作能力的五个策略','这篇文章提供了实用的策略，帮助读者理解和实践如何通过明确的角色分配、有效的沟通技巧、定期的反馈机制、共同的目标设定和积极的冲突解决来提升团队协作能力。','https://www.linkedin.com/learning/blog/2017/05/improve-team-collaboration-five-strategies','ARTICLE','INTERMEDIATE','2025-07-19 07:01:28'),(53,43,'团队协作的艺术与科学','这本书深入探讨了团队协作的本质，分析了团队建设过程中可能遇到的问题，并提供了一系列工具和方法来促进团队内部的合作和效率。','https://www.amazon.com/Art-and-Science-Team-Collaboration-ebook/dp/B00KXW6Y84/ref=sr_1_2?ie=UTF8&qid=1509336297&sr=8-2&keywords=team+collaboration','BOOK','ADVANCED','2025-07-19 07:01:28'),(54,44,'音乐制作软件教程','介绍各种音乐制作软件的使用方法，适合初学者快速入门。','https://www.music-software.com/tutorials','ARTICLE','BEGINNER','2025-07-19 07:32:01'),(55,44,'数字音频工作站(DAW)深度解析','深入探讨数字音频工作站的功能和特性，帮助用户更高效地完成音乐创作。','https://dawu.org/daw-analysis','COURSE','INTERMEDIATE','2025-07-19 07:32:01'),(56,45,'项目管理知识体系指南','全面介绍项目管理的五大过程组和十大知识领域，是学习项目管理的权威资源。','https://projectmanagement.com/pmbok-guide','BOOK','BEGINNER','2025-07-19 07:32:01'),(57,45,'敏捷项目管理实战手册','提供敏捷项目管理的实践技巧和方法，适用于追求快速迭代和灵活管理的团队。','https://agilemanifesto.org/handbook','BOOK','ADVANCED','2025-07-19 07:32:01'),(58,46,'统计学原理与应用','深入浅出地讲解统计学基础知识，为数据分析提供坚实的理论基础。','https://statistics.wharton.upenn.edu/rn/6803/f15/index.cfm','BOOK','BEGINNER','2025-07-19 07:32:01'),(59,46,'Excel高级数据分析技巧','详细介绍如何使用Microsoft Excel进行复杂的数据分析和可视化操作。','https://www.youtube.com/watch?v=dQw4w9WgXcQ&t=2067s','VIDEO','INTERMEDIATE','2025-07-19 07:32:01'),(60,47,'软件工程基础课程','介绍软件工程的基本概念、原则和最佳实践，适合初学者建立坚实的理论基础。','https://www.example.com/courses/software-engineering-fundamentals','COURSE','BEGINNER','2025-07-20 06:14:34'),(61,47,'实际软件项目案例分析','通过分析真实的软件项目案例，学习如何在现实环境中应用软件工程原理解决问题。','https://www.example.com/case-studies/real-world-software-projects','ARTICLE','INTERMEDIATE','2025-07-20 06:14:34'),(62,48,'简历写作指南','提供关于如何有效地展示自己的教育背景和工作经验，以符合特定职位要求的建议和技巧。','https://www.example.com/resume-writing-guidelines','BOOK','BEGINNER','2025-07-20 06:14:34'),(63,48,'面试准备策略','详细介绍如何根据岗位要求准备面试，包括如何突出教育背景与岗位需求的匹配度。','https://www.example.com/interview-preparation-strategies','VIDEO','INTERMEDIATE','2025-07-20 06:14:34'),(64,49,'软件工程实战指南','提供从零开始的软件工程项目管理与实施方法，适合初学者和有经验的开发者。','https://www.example.com/software-engineering-guidebook','BOOK','BEGINNER','2025-07-20 06:14:53'),(65,49,'GitHub上的开源项目','参与GitHub上的开源项目可以实践软件工程的各个方面，学习如何协作开发和代码审查。','https://github.com/explore','PROJECTS','INTERMEDIATE','2025-07-20 06:14:53'),(66,50,'编程大师之路：Python高级编程指南','深入探讨Python语言的高级特性，帮助开发者扩展编程技能的深度。','https://www.example.com/python-advanced-programming-guide','BOOK','ADVANCED','2025-07-20 06:14:53'),(67,50,'全栈工程师手册：前端到后端的技术全景','介绍从前端到后端的各种技术栈，帮助开发者建立全面的技术视角。','https://www.example.com/full-stack-engineer-manual','COURSE','INTERMEDIATE','2025-07-20 06:14:53'),(68,51,'职业生涯规划师：如何制定有效的职业发展计划','指导读者如何根据自身情况制定个性化的职业发展计划，以实现职业目标。','https://www.example.com/career-planning-for-software-engineers','ARTICLE','BEGINNER','2025-07-20 06:14:53'),(69,51,'构建你的技术品牌：在线影响力建设指南','为希望在技术领域建立影响力的专业人士提供指导，包括社交媒体的使用、内容创作和网络建设等。','https://www.example.com/building-your-tech-brand','VIDEO','INTERMEDIATE','2025-07-20 06:14:53'),(70,52,'深入理解分布式系统设计','本书详细介绍了分布式系统的基本原理和设计模式，适合有一定编程基础的读者深入学习。','https://book.example.com/distributed-systems','BOOK','INTERMEDIATE','2025-07-20 07:15:41'),(71,52,'分布式系统设计原理与实践','本课程由领域专家授课，通过理论讲解和实际案例分析，帮助学生掌握分布式系统设计的关键技术。','https://courses.example.com/distributed-systems','COURSE','ADVANCED','2025-07-20 07:15:41'),(72,53,'微服务架构实战','本书结合作者丰富的实践经验，从理论到实践全面介绍了微服务架构的设计和开发过程。','https://book.example.com/microservices-architecture','BOOK','INTERMEDIATE','2025-07-20 07:15:41'),(73,53,'构建微服务：从单体到分布式系统的转变','本课程旨在帮助开发者理解和实现微服务架构，通过动手实验加深对微服务设计理念和技巧的理解。','https://courses.example.com/microservices-architecture','COURSE','ADVANCED','2025-07-20 07:15:41'),(74,54,'云计算基础：使用云服务平台构建应用','本指南详细介绍了如何利用AWS、Azure和GCP等平台的基础服务来搭建和管理应用。','https://guide.example.com/cloud-platform-basics','GUIDE','BEGINNER','2025-07-20 07:15:41'),(75,54,'高级云计算策略：优化云资源使用','本课程深入探讨了云资源的高级管理技巧，包括成本控制、性能监控和自动化运维。','https://courses.example.com/advanced-cloud-strategies','COURSE','INTERMEDIATE','2025-07-20 07:15:41'),(76,55,'《项目管理知识体系指南》','这本指南是项目管理领域的经典之作，详细介绍了项目管理的各个阶段和技巧。','https://www.projectmanagement.com/resources/pmbok-guide-2020-free-pdf','BOOK','INTERMEDIATE','2025-07-20 08:06:53'),(77,55,'PMP认证课程','这个在线课程旨在帮助学习者通过PMP（项目管理专业人士）认证考试，提供深入的项目管理能力培训。','https://courses.udemy.com/project-management-pro-pmp-certification-course','COURSE','ADVANCED','2025-07-20 08:06:53'),(78,56,'《有效沟通的艺术》','这本书提供了实用的沟通技巧和策略，帮助读者提升个人和职业生活中的沟通能力。','https://www.amazon.com/Effective-Communication-Arts-Second-Edition/dp/1430275698','BOOK','BEGINNER','2025-07-20 08:06:53'),(79,56,'沟通技巧工作坊','这个互动式工作坊通过模拟练习和案例研究，帮助参与者提高他们的沟通和协调技能。','https://www.linkedin.com/learning/communication-skills-workshop','VIDEO','INTERMEDIATE','2025-07-20 08:06:53'),(80,57,'《市场分析：理论与实践》','本书结合理论与实际案例，为读者提供了全面的市场分析工具和方法。','https://www.google.com/books/edition/Marketing_Analysis--Theory_and_Practice/JKRwqzvhfZcC?hl=en&gl=US&sa=X&ved=2ahUKEwitjdkUaGnIAhWxmrQKHbTuCgQAQ#v=onepage&q=market%20analysis&f=false','BOOK','INTERMEDIATE','2025-07-20 08:06:53'),(81,57,'市场分析软件教程','这个在线课程介绍了如何使用各种市场分析软件进行数据收集和分析，适合希望提升数据分析能力的专业人士。','https://www.coursera.org/specializations/marketing-analytics?affiliate=1498743966&submission=https%3A%2F%2Fwww.google.com%2Fforms%2Fd%2F1498743966%3Ftz%3D1YlNzMmVhdGVhdGUoMTLjYW5hZ2VuY29kZS1jOWwKdzMzLmMzLmMzLmMzLmMzLmMzLmMzLmMzLmMzLmMzLmMzLmMzLmMzLmMzLmMzLmMzLmMzLmMzLmMzLmMzLmMzLmMzLmMzLmMzLmMzLmMzLmMzLmMzLmMzLmMzLmMzLmMzLmMzLmMzLmMzLmMzLmMzLmMzLmMzLmMzLmMzLmMzLmMzLmMzLmMzLmMzLmMzLmMzLmMzLmMzLmMzLmMzLmMzLmMzLmMzLmMzOAGcAQA','COURSE','INTERMEDIATE','2025-07-20 08:06:53'),(82,58,'React入门教程','这是一门为初学者准备的React教程，涵盖了从基础到高级的所有内容。','https://reactjs.org/docs/beginners/getting-started.html','ARTICLE','BEGINNER','2025-07-20 08:06:58'),(83,58,'Vue.js官方文档','这是Vue.js的官方学习资源，详细介绍了如何使用Vue.js构建用户界面。','https://vuejs.org/guide/index.html','BOOK','BEGINNER','2025-07-20 08:06:58'),(84,58,'深入理解React原理','这篇文章深入探讨了React的内部工作原理，适合有一定基础想要深入了解React的开发者。','https://medium.com/@dan_abraham/understanding-react-principles-behind-react-hooks-b51c2973069e','ARTICLE','INTERMEDIATE','2025-07-20 08:06:58'),(85,59,'响应式网页设计指南','这本指南详细介绍了如何创建可以在各种设备上完美运行的网站。','https://www.responsivewebdesign.org/guidelines/','BOOK','BEGINNER','2025-07-20 08:06:58'),(86,59,'Bootstrap教程','Bootstrap是一个流行的前端框架，专为移动设备设计，可以帮助开发者快速实现响应式设计。','https://getbootstrap.com/docs/4/getting-started/introduction/','COURSE','BEGINNER','2025-07-20 08:06:58'),(87,59,'移动优先设计策略','这篇文章介绍了移动优先设计的概念和实施策略，帮助开发者在设计和开发过程中优先考虑移动设备。','https://medium.com/@jonathantneal/the-mobile-first-design-strategy-8f02d40d517a','ARTICLE','INTERMEDIATE','2025-07-20 08:06:58'),(88,60,'React入门指南','React是一个由Facebook开发的JavaScript库，用于构建用户界面。这个指南将帮助你快速入门React。','https://reactjs.org/docs/learn/getting-started.html','ARTICLE','BEGINNER','2025-07-20 08:07:03'),(89,60,'Vue.js官方文档','Vue.js是一个渐进式JavaScript框架，用于构建用户界面。这个官方文档提供了全面的指导和资源。','https://vuejs.org/v2/guide/index.html','COURSE','INTERMEDIATE','2025-07-20 08:07:03'),(90,60,'AngularJS教程','AngularJS是一个由Google维护的Web应用程序开发平台，它提供了一个声明式的编程模型。这个教程将引导你通过AngularJS的基本概念。','https://angularjs.org/tutorial.html','COURSE','INTERMEDIATE','2025-07-20 08:07:03'),(91,62,'提升你的语音表达能力','本视频系列旨在帮助初学者和中级学习者提高他们的语音表达技巧。通过专业讲师的指导，你将学习如何更好地控制发音、调整语调，并有效传达你的想法。','https://www.youtube.com/playlist?list=PL590128647E3A0D1C7','VIDEO','BEGINNER','2025-07-20 08:07:04'),(92,62,'语音表达的艺术：从基础到高级','本书深入探讨了语音表达的各种技术和策略，适合所有水平的学习者。通过实用的练习和案例分析，读者可以系统地提高自己的语音表达能力。','https://www.amazon.com/Art-of-Voice-Expression-Beginners-Intermediate/dp/1484722465','BOOK','INTERMEDIATE','2025-07-20 08:07:04'),(93,63,'High-Performance JavaScript Architecture: Building Large, Maintainable Web Applications','这本书深入探讨了如何在大型项目中实现高性能JavaScript架构，适合有一定基础的开发者深入学习。','https://www.bookstack.cn/read/the-high-performance-javascript-architecture','BOOK','INTERMEDIATE','2025-07-20 08:07:08'),(94,63,'Designing a Resilient Web Ecosystem','这篇文章介绍了如何构建一个弹性的Web生态系统，包括微服务架构、API设计和容错机制等。','https://medium.com/@danielwinfield/designing-a-resilient-web-ecosystem-390d526f7b14#.zqxw8vkpj','ARTICLE','ADVANCED','2025-07-20 08:07:08'),(95,64,'The State of JavaScript 2022: A Look at the Most Popular Tools and Techniques','这份报告总结了2022年最受欢迎的JavaScript工具和技术，对于了解当前最前沿的前端开发非常有帮助。','https://www.stateofjs.com/report/2022','REPORT','BEGINNER','2025-07-20 08:07:08'),(96,64,'React v17: Strict Mode and Suspense for Modern JavaScript Development','这篇文章介绍了React 17中新增的功能，特别是Strict Mode和Suspense，这对于使用React进行现代Web开发的开发者非常有用。','https://reactjs.org/docs/updates/getting-started.html#additional-tools','ARTICLE','INTERMEDIATE','2025-07-20 08:07:08'),(97,65,'高级工程师的10大必备技能','本文介绍了成为高级工程师所需的关键技能，包括编程、系统设计、项目管理等。','https://www.example.com/advanced-engineer-skills','ARTICLE','ADVANCED','2025-07-20 13:05:44'),(98,66,'提升逻辑思考能力的方法','这篇文章提供了一些实用的技巧和方法来增强个人的逻辑思考能力。','https://www.example.com/logic-thinking-strength','ARTICLE','BEGINNER','2025-07-20 13:05:44'),(99,67,'如何提高你的语言表达能力','这篇文章详细介绍了各种提高语言表达能力的策略和技巧。','https://www.example.com/improve-language-expression','ARTICLE','INTERMEDIATE','2025-07-20 13:05:44'),(100,68,'维度建模入门指南','这篇文章详细介绍了维度建模的基本概念、优缺点以及如何在不同场景下应用维度模型。','https://www.example.com/dimension-modeling-guide','BOOK','BEGINNER','2025-07-20 18:41:09'),(101,68,'维度建模与星型模式：理论与实践','这本书深入探讨了维度建模的理论，并结合实际案例展示了如何在各种业务场景中应用星型模式进行数据建模。','https://www.example.com/dimensional-modeling-and-star-schema','BOOK','ADVANCED','2025-07-20 18:41:09'),(102,69,'缓慢变化维的最佳实践','本文介绍了缓慢变化维的概念及其在数据仓库设计中的应用，并提供了一些最佳实践来优化缓慢变化维的实现。','https://www.example.com/best-practices-for-slowly-changing-dimensions','ARTICLE','INTERMEDIATE','2025-07-20 18:41:09'),(103,69,'数据仓库中的缓慢变化维：理论与实现','这篇详细的技术文章讨论了缓慢变化维的理论基础，并提供了具体的实现方法和技巧，适用于具有一定数据库知识的读者。','https://www.example.com/slowly-changing-dimensions-in-data-warehouses','ARTICLE','ADVANCED','2025-07-20 18:41:09'),(104,70,'Effective Java','这本书详细介绍了Java编程的最佳实践，包括如何使用Java集合框架。','https://books.ssrn.com/search.cfm?e=90176&l=0&s=1&p=5&o=128343&a=1','BOOK','INTERMEDIATE','2025-07-20 18:42:52'),(105,70,'Java Concurrency in Practice','这本书详细解释了并发编程的概念，包括如何使用Java集合框架来实现高效的并发处理。','https://books.ssrn.com/search.cfm?e=90176&l=0&s=1&p=5&o=128343&a=1','BOOK','ADVANCED','2025-07-20 18:42:52'),(106,71,'Distributed Systems: Design Principles and Best Practices','本书全面介绍了分布式系统的设计原则和最佳实践，适合希望深入了解分布式系统原理的读者。','https://books.ssrn.com/search.cfm?e=90176&l=0&s=1&p=5&o=128343&a=1','BOOK','ADVANCED','2025-07-20 18:42:52'),(107,71,'Patterns of Distributed Systems: An Industrial Experience Report','本书基于作者在分布式系统领域的实际经验，介绍了多种分布式系统的设计模式和实践经验。','https://books.ssrn.com/search.cfm?e=90176&l=0&s=1&p=5&o=128343&a=1','BOOK','INTERMEDIATE','2025-07-20 18:42:52'),(108,72,'深入理解进程与线程','这篇文章详细介绍了进程和线程的定义、区别以及它们在操作系统中的角色。','https://www.example.com/articles/process-vs-thread.html','ARTICLE','BEGINNER','2025-07-20 18:42:53'),(109,73,'提升应变抗压能力的策略','本文探讨了如何通过设计更好的算法和架构来提高系统的应变抗压能力。','https://www.example.com/articles/resilience.html','ARTICLE','INTERMEDIATE','2025-07-20 18:42:53'),(110,74,'差异化需求分析入门指南','本指南提供了一种结构化的方法来分析和理解不同客户群体的需求。','https://www.example.com/differentiation-analysis-guide','BOOK','BEGINNER','2025-07-20 18:43:02'),(111,74,'如何进行有效的差异化需求分析','这个视频教程将指导您通过一系列步骤来进行差异化需求分析，包括数据收集、分析和实施策略。','https://www.youtube.com/watch?v=dXJzfGmJYTQ','VIDEO','INTERMEDIATE','2025-07-20 18:43:02'),(112,75,'深入理解消息队列的原理与应用','本资源将详细介绍消息队列的基本概念、工作原理及其在现代企业级应用中的实际应用案例。','https://www.example.com/articles/understanding-message-queues','ARTICLE','INTERMEDIATE','2025-07-20 18:43:05'),(113,75,'高性能系统设计中的消息队列策略','本视频教程将讲解如何在高性能系统设计中有效地使用消息队列来提高系统的可靠性和性能。','https://www.example.com/videos/message-queue-strategies-for-high-performance-systems','VIDEO','ADVANCED','2025-07-20 18:43:05'),(114,76,'软件设计模式：逻辑性与模块化','本文介绍了软件设计中的常见模式，如模块化、封装等，强调了逻辑性在系统设计中的重要性。','https://www.example.com/design-patterns/logic-and-modularization','ARTICLE','INTERMEDIATE','2025-07-20 18:43:05'),(115,76,'系统设计的基本原则：从逻辑性到实践','该课程详细讲解了如何在实际项目中应用系统设计的逻辑性原则，包括架构选择、接口设计等。','https://www.example.com/courses/fundamentals-of-system-design','COURSE','ADVANCED','2025-07-20 18:43:05'),(116,77,'深入理解Vue 3的Proxy机制','这篇文章详细介绍了Vue 3中Proxy机制的原理、优势以及如何在实际项目中应用。','https://www.vuemastery.com/articles/deep-dive-into-vue-3-proxies','ARTICLE','INTERMEDIATE','2025-07-20 18:54:28'),(117,78,'前后端分离开发模式详解','本文介绍了前后端分离开发模式的基本概念、优点以及实施过程中需要注意的事项。','https://dev.to/learn-web/frontend-backend-separation-4l9h','ARTICLE','BEGINNER','2025-07-20 18:54:28'),(118,79,'Web性能优化指南','本指南提供了一系列的性能优化技巧和方法，帮助开发者提升Web应用的性能。','https://developers.google.com/web/performance/docs/optimizing-performance-cssjs-and-dom','BOOK','ADVANCED','2025-07-20 18:54:28'),(119,80,'竞品分析报告模板','该资源提供了一个完整的竞品分析报告模板，包括如何进行有效的竞品分析以及报告的结构。','https://example.com/competitive-analysis-template','ARTICLE','BEGINNER','2025-07-20 18:55:03'),(120,80,'如何进行有效的竞品分析','这篇文章详细介绍了进行竞品分析的步骤和方法，帮助读者理解并应用在实际操作中。','https://www.linkedin.com/influencers/posts/2608974317530546242-how-to-conduct-effective-competitive-analysis','ARTICLE','INTERMEDIATE','2025-07-20 18:55:03'),(121,81,'问卷调查指南','这份指南介绍了如何设计和实施问卷调查，包括问卷设计的原则和技巧。','https://www.surveymonkey.com/hc/en-us/categories/201997556626449-Getting-Started#Getting-Started:-How-to-Design-a-Survey','ARTICLE','BEGINNER','2025-07-20 18:55:03'),(122,81,'在线问卷调查工具使用教程','本教程详细讲解了如何使用各种在线问卷调查工具来创建和管理问卷。','https://www.google.com/search?q=online+survey+tool+tutorial','VIDEO','INTERMEDIATE','2025-07-20 18:55:03'),(123,82,'深入理解三次握手','本资源将详细讲解三次握手的原理及其在网络通信中的重要性。','https://www.example.com/articles/three-way-handshake-deep-dive','ARTICLE','BEGINNER','2025-07-20 18:55:04'),(124,83,'synchronized与ReentrantLock的性能比较','本文对比了synchronized和ReentrantLock在不同场景下的性能表现。','https://www.example.com/performance-comparison-synchronized-reentrantlock','ARTICLE','INTERMEDIATE','2025-07-20 18:55:04'),(125,83,'Java并发编程之synchronized与ReentrantLock','本教程详细介绍了synchronized和ReentrantLock的使用方式及其适用场景。','https://www.example.com/java-concurrency-tutorial-synchronized-reentrantlock','COURSE','ADVANCED','2025-07-20 18:55:04'),(126,84,'理解锁粒度及其影响','本文探讨了不同锁粒度对系统性能的影响以及如何根据具体场景选择合适的锁粒度。','https://www.example.com/understanding-lock-granularity','ARTICLE','BEGINNER','2025-07-20 18:55:04'),(127,84,'分段锁的原理与应用','该资源详细介绍了分段锁的工作机制及其在实际项目中的应用案例。','https://www.example.com/segmentation-lock-principle-and-applications','VIDEO','INTERMEDIATE','2025-07-20 18:55:04'),(128,85,'产品经理核心技能指南','本指南详细介绍了成为优秀产品经理所需的各项关键技能，并通过实际案例分析来加深理解。','https://www.example.com/product-manager-skills-guide','BOOK','INTERMEDIATE','2025-07-20 19:02:14'),(129,86,'用户-场景-需求分析实战手册','这本手册提供了详细的步骤和最佳实践，用于实施用户-场景-需求分析模型，并通过案例研究展示了如何成功应用于产品开发中。','https://www.example.com/user-scenario-requirement-analysis-handbook','COURSE','ADVANCED','2025-07-20 19:02:14'),(130,87,'High-Level Architecture Design Book','This book provides a comprehensive guide to high-level system architecture design, covering various aspects such as architectural styles, patterns, and principles.','https://www.amazon.com/High-Level-Architecture-Design-Book/dp/1484205369','BOOK','INTERMEDIATE','2025-07-20 19:02:14'),(131,87,'System Architecting: A Practitioner\'s Guide','This book is an in-depth exploration of system architecture design, covering topics such as microservices, event-driven architectures, and cloud-native systems.','https://www.amazon.com/System-Architecting-Practitioner\'s-Guide/dp/0123725876','BOOK','ADVANCED','2025-07-20 19:02:14'),(132,87,'Architecting System Design: From Novice to Professional','This online course teaches you the fundamentals of system architecture design, including how to create scalable, maintainable, and reliable systems.','https://courses.udacity.com/architecting-system-design','COURSE','BEGINNER','2025-07-20 19:02:14'),(133,88,'深入理解JavaScript闭包','这篇文章详细解释了闭包的原理和如何在实际编程中应用闭包。','https://developer.mozilla.org/zh-CN/docs/Web/JavaScript/Closures','ARTICLE','INTERMEDIATE','2025-07-20 19:09:56'),(134,88,'JavaScript闭包的应用示例','通过一些实际的例子，展示了如何在项目中应用闭包来提高代码的可维护性和模块化程度。','https://www.youtube.com/watch?v=dQw4w9WgXcQ','VIDEO','BEGINNER','2025-07-20 19:09:56'),(135,89,'深入探索ES6+：箭头函数与解构赋值','这篇文章介绍了ES6+中的箭头函数和解构赋值的特性及其在实际应用中的用法。','https://javascript.info/es6-arrow-functions','BOOK','ADVANCED','2025-07-20 19:09:56'),(136,89,'JavaScript异步编程指南','详细介绍了JavaScript中的异步编程技术，包括回调函数、Promise、async/await等，并提供了相关的代码示例。','https://developer.mozilla.org/zh-CN/docs/Web/JavaScript/Reference/Global_Objects/Promise','ARTICLE','INTERMEDIATE','2025-07-20 19:09:56'),(137,89,'提升你的JavaScript性能：最佳实践与技巧','本文将分享一些实用的技巧和最佳实践，帮助你优化JavaScript代码，提升运行效率。','https://www.sitepoint.com/essential-javascript-performance-optimization-techniques/','ARTICLE','ADVANCED','2025-07-20 19:09:56'),(138,90,'现代前端架构设计指南','本书深入探讨了现代Web应用的前端架构，涵盖了从基础组件到复杂系统的全方位知识。','https://example.com/guide-to-modern-frontend-architecture','BOOK','INTERMEDIATE','2025-07-20 19:09:56'),(139,90,'构建高效前端架构的最佳实践','这篇文章提供了一些实用的技巧和最佳实践，帮助开发者构建高性能、易于维护的前端应用。','https://medium.com/@sethrobertson/building-high-performance-frontends-with-reactjs#f1027a965d84','ARTICLE','ADVANCED','2025-07-20 19:09:56'),(140,91,'Flutter：跨平台开发的革命','Flutter是Google推出的跨平台UI框架，用于创建美观、快速且富有表现力的原生接口应用。','https://flutter.dev/docs/get-started/install','COURSE','BEGINNER','2025-07-20 19:09:56'),(141,91,'React Native：用JavaScript开发原生移动应用','React Native是一个由Facebook开发的开源框架，允许你使用JavaScript和React来开发跨平台的移动应用。','https://reactnative.dev/docs/overview','COURSE','INTERMEDIATE','2025-07-20 19:09:56'),(142,92,'微服务架构设计原理与实践','深入理解微服务架构的核心概念和设计原则，通过实际案例学习如何构建可扩展的微服务应用。','https://www.example.com/resources/microservices-architecture-principles-and-practice','BOOK','INTERMEDIATE','2025-07-20 19:10:25'),(143,93,'分布式事务处理：理论与实现','介绍分布式事务的基本概念和关键理论，以及如何在实际应用中设计和实现可靠的分布式事务解决方案。','https://www.example.com/resources/distributed-transactions-theory-and-implementation','BOOK','ADVANCED','2025-07-20 19:10:25'),(144,94,'云原生技术栈实战指南','提供全面的云原生技术栈知识，包括Kubernetes、Docker、Service Mesh等，帮助开发者和企业构建高效、可扩展的应用。','https://www.example.com/resources/cloud-native-technology-stack-practical-guide','COURSE','INTERMEDIATE','2025-07-20 19:10:25'),(145,95,'Effective C++: 13 - Smart Pointers','这本书介绍了C++中各种智能指针的使用及其优缺点，包括`std::unique_ptr`, `std::shared_ptr`, `std::weak_ptr`等。','https://www.amazon.com/Effective-Pointers-Smart-Pointers-Programming/dp/B002495764','BOOK','INTERMEDIATE','2025-07-20 19:10:31'),(146,95,'Professional C++: Advanced Techniques for Programmers and Developers','这本书涵盖了C++高级编程技巧，包括内存管理和性能优化，适合有一定基础的开发者深入学习。','https://www.amazon.com/Professional-C++-Techniques-Programmers-Developers/dp/0596007128','BOOK','ADVANCED','2025-07-20 19:10:31'),(147,96,'Code Reading: The Best Software Practices from the World\'s Foremost Coders','本书通过分析顶级程序员的代码，展示了如何写出高质量的软件代码，并提供了实用的代码组织和优化技巧。','https://www.amazon.com/Code-Reading-Software-Practices-Foremost-Coders/dp/0596511394','BOOK','INTERMEDIATE','2025-07-20 19:10:31'),(148,96,'Clean Code: A Handbook of Agile Software Craftsmanship','本书介绍了编写干净、简洁且高效的代码的最佳实践，强调代码的可读性和可维护性。','https://www.amazon.com/Clean-Code-Agile-Software-Craftsmanship/dp/0132350717','BOOK','BEGINNER','2025-07-20 19:10:31'),(149,97,'Algorithms, 4th Edition','本书详细介绍了计算机科学中的各种算法及其应用，是学习高级编程技巧的经典教材。','https://www.amazon.com/Algorithms-4th-Edition-Computer-Science/dp/0262033848','BOOK','ADVANCED','2025-07-20 19:10:31'),(150,97,'Concurrency in Go: Design Principles and Patterns for Modern Software','该书深入探讨了并发编程的设计原则和模式，适合希望提高在并发环境下编程能力的开发者阅读。','https://www.amazon.com/Concurrency-Go-Design-Principles-Patterns/dp/1491965586','BOOK','ADVANCED','2025-07-20 19:10:31');
/*!40000 ALTER TABLE `learning_resources` ENABLE KEYS */;
UNLOCK TABLES;

--
-- Table structure for table `learning_resources_topics`
--

DROP TABLE IF EXISTS `learning_resources_topics`;
/*!40101 SET @saved_cs_client     = @@character_set_client */;
/*!50503 SET character_set_client = utf8mb4 */;
CREATE TABLE `learning_resources_topics` (
  `id` int unsigned NOT NULL AUTO_INCREMENT COMMENT '知识点唯一ID',
  `name` varchar(100) COLLATE utf8mb4_general_ci NOT NULL COMMENT '知识点名称 (如: Java并发, Redis持久化, Vue3响应式原理)',
  `description` text COLLATE utf8mb4_general_ci COMMENT '知识点简要描述',
  `category` varchar(50) COLLATE utf8mb4_general_ci DEFAULT NULL COMMENT '知识点分类 (如: 后端技术, 前端技术, 数据库, 软技能)',
  PRIMARY KEY (`id`),
  UNIQUE KEY `uq_topic_name` (`name`)
) ENGINE=InnoDB AUTO_INCREMENT=98 DEFAULT CHARSET=utf8mb4 COLLATE=utf8mb4_general_ci COMMENT='学习资源的知识点/主题库';
/*!40101 SET character_set_client = @saved_cs_client */;

--
-- Dumping data for table `learning_resources_topics`
--

LOCK TABLES `learning_resources_topics` WRITE;
/*!40000 ALTER TABLE `learning_resources_topics` DISABLE KEYS */;
INSERT INTO `learning_resources_topics` VALUES (1,'后端开发相关知识','后端开发涉及服务器端编程，包括数据库管理、API设计、系统架构等，是实现网站或应用功能的核心部分。','后端技术'),(2,'逻辑思维和条理性','逻辑思维和条理性是指清晰、有条理地思考和表达思想的能力，这对于解决问题、撰写文档、进行有效沟通至关重要。','软技能'),(3,'专业知识','专业知识指的是在特定领域内积累的系统化、理论化的知识体系，包括概念、原理、方法及其应用。它是专业能力的重要组成部分，是从事专业工作的基础。','软技能'),(4,'表达能力','表达能力是指个体通过语言、文字或肢体动作等方式清晰、准确、有效地传达信息的能力。它不仅包括口头表达，还包括书面表达和非言语表达。','软技能'),(6,'技术深度和逻辑性','技术深度和逻辑性指的是在技术领域中，对某一特定技术的深入理解和掌握程度，以及在解决问题时所表现出的逻辑思维能力。','软技能'),(7,'项目经验和个人成就','项目经验和个人成就是指一个人在职业生涯中所参与的项目和在这些项目中取得的成就，这些经验是衡量一个人专业能力和职业素质的重要指标。','软技能'),(8,'工作经验','工作经验是指在特定职位或领域内积累的实际工作技能和知识。它包括了个人在职业生涯中通过实践获得的专业技能、解决问题的能力以及与同事和客户互动的经验。','软技能'),(9,'专业知识不足','指个人在特定学科或技术领域中的知识储备不充分，无法满足工作或学习需求。','软技能'),(10,'实践经验缺乏','指个体在实际操作和工作中缺少足够的经验积累，影响工作效率和质量。','软技能'),(11,'面试技巧欠缺','指个人在求职面试过程中缺乏有效的沟通和展示能力，导致无法充分展现自身优势。','软技能'),(12,'技能匹配','技能匹配是指通过算法和数据挖掘技术，将候选人的技能与职位要求进行精确匹配的过程。它广泛应用于招聘系统、人才推荐系统等场景。','软技能'),(13,'运营知识','运营知识涉及如何通过策略、工具和技术来管理产品或服务，以实现其商业目标。包括市场营销、用户增长、数据分析等方面。','软技能'),(14,'创新思维','创新思维是一种能够产生新颖想法和解决方案的能力，它要求跳出传统框架，采用创造性的方法解决问题。','软技能'),(15,'运营相关知识','运营知识涵盖用户增长、市场分析、内容管理等多方面，是提升企业竞争力的关键。','软技能'),(16,'技术深度/逻辑性','技术深度和逻辑性是程序员和工程师必备的核心能力，涉及算法理解、系统设计等高级主题。','后端技术'),(17,'教育背景与职位匹配度','探讨个人教育背景如何影响职业选择和发展，以及如何根据自身条件选择合适的职位。','职业发展'),(19,'消息队列（MQ）的使用和管理','消息队列（Message Queue, MQ）是一种应用程序之间的通信方法，用于在分布式系统中异步传递消息。它允许系统组件之间进行松耦合的交互，提高系统的可扩展性和可靠性。','后端技术'),(20,'服务器过载的处理措施','服务器过载是指服务器无法处理所有请求的情况，这可能导致响应时间增加、服务中断甚至系统崩溃。有效的处理措施可以确保系统稳定运行并提升用户体验。','系统管理与优化'),(21,'软件工程专业课程与前端开发的关联','软件工程专业课程通常涵盖软件开发生命周期的各个阶段，而前端开发是其中重要的一环。了解两者间的关联有助于全面掌握软件开发技能。','软件开发与设计模式'),(22,'消息队列（MQ）应用','消息队列（Message Queue, MQ）是处理分布式系统中的异步通信的一种技术，它允许应用程序在不直接依赖对方的情况下进行数据交换。常见的消息队列系统包括Apache Kafka、RabbitMQ和Apache ActiveMQ等。它们广泛应用于企业级应用中，用于解耦组件、提高系统的伸缩性和可靠性。','后端技术'),(23,'前端性能优化','前端性能优化涉及一系列技术和策略，旨在改善网页或Web应用的加载时间、响应速度以及整体用户体验。这包括代码分割、懒加载、服务端渲染、缓存策略、CDN使用等技术手段。通过优化前端性能，可以显著提升用户满意度并降低跳出率。','前端技术'),(24,'软件工程课程与前端开发的关联','软件工程课程通常涵盖了软件开发生命周期的各个阶段，包括需求分析、设计、编码、测试和维护等。虽然这些课程主要关注后端开发，但前端开发作为软件开发的一个重要组成部分，也与之紧密相关。通过学习软件工程原理，前端开发者可以更好地理解整个应用的开发流程和架构设计，从而更有效地参与到项目的全周期开发中。','软件开发基础'),(25,'消息队列（MQ）在高并发处理中的应用','消息队列是一种应用程序之间的通信方法，用于解耦和异步处理。它可以提高系统的响应能力，通过缓冲和异步处理来应对高并发情况。','后端技术'),(26,'前端性能优化技巧','前端性能优化是提升用户体验的关键因素之一，它包括减少加载时间、优化资源使用、改善交互性能等方面。','前端技术'),(27,'现代Web框架的应用与优势分析','现代Web框架如React, Vue.js, Angular等提供了快速开发和高效维护的能力，它们各自拥有独特的优势，适用于不同类型的项目需求。','前端技术'),(29,'高并发处理','高并发处理是指在一个系统或应用中同时处理大量用户请求的能力。这通常涉及到优化资源分配、负载均衡和性能调优等技术手段，以确保在用户访问量剧增时，系统依然能够稳定运行。','后端技术'),(30,'消息队列（MQ）的应用','消息队列（Message Queue, MQ）是用于实现应用程序之间异步通信的一种技术。它通过在消息生产者和消费者之间建立缓冲区，确保了数据在传输过程中的顺序性和可靠性。MQ广泛应用于解耦系统组件、提高系统扩展性、提升数据处理效率等方面。','后端技术'),(31,'前后端分离架构的理解','前后端分离架构是一种现代Web开发模式，它将前端页面（用户界面）的开发与后端服务器端逻辑分离开来。这种架构提高了开发效率和系统的可维护性，使得前端和后端可以独立进行迭代和更新。','后端技术与前端技术结合体'),(34,'专业技能描述','专业技能描述是指对个人在某一特定领域或行业中所掌握的技能和能力的详细阐述。这包括技术能力、软技能以及与职业相关的其他专业知识。','技术技能'),(35,'职业目标说明','职业目标说明是对个人未来职业发展方向的规划和期望。它包括短期和长期的职业目标，以及实现这些目标所需的技能和行动计划。','职业规划'),(36,'项目经验详细描述','项目经验详细描述是关于个人参与过的项目及其贡献的具体细节，包括所使用的技术、解决的问题、达成的成果等。这有助于展示个人的实战经验和解决问题的能力。','项目管理与执行'),(37,'项目管理和团队协作','项目管理和团队协作是确保项目成功的关键。它包括规划、执行、监控和结束项目的各个阶段，以及有效地协调团队成员之间的工作。','软技能'),(38,'专业技能应用','专业技能应用指的是将特定的技术或行业知识应用于解决实际问题的能力。这通常涉及理论知识与实际操作的结合，以实现特定目标。','技术领域'),(40,'项目管理经验','项目管理经验是指个人在项目规划、执行、监控和收尾等各个阶段所积累的实践经验和技能。这包括了解并运用项目管理知识体系（如PMBOK），能够有效地组织团队资源，确保项目按时按质完成。','软技能'),(41,'专业技能匹配度','专业技能匹配度是指在特定职位或工作中，个人的专业技能与岗位要求之间的契合程度。这涉及到对个人技术能力、经验和资质的评估，以确保其能够满足岗位需求。','硬技能'),(42,'创新思维能力','创新思维能力是指个体在面对问题时，能够提出新颖解决方案的能力。这种能力通常需要跨学科的知识背景、批判性思维和创造性思维的结合。','软技能'),(43,'团队协作能力','团队协作能力是指个体在团队环境中有效沟通、合作和解决问题的能力。它包括了共享目标、协调行动、尊重多样性以及解决冲突等方面。具备良好的团队协作能力，可以促进团队成员之间的信任建立，提高团队整体的工作效率和创造力。','软技能'),(44,'音乐创作与技术结合','探索如何利用现代技术手段，如计算机辅助作曲、音频处理软件和数字音效库等，来增强音乐创作的效率和质量。','音乐制作'),(45,'项目管理基础','涵盖项目管理的基本概念、方法论以及工具应用，旨在提升个人和团队的项目执行能力。','项目管理'),(46,'数据分析与解读','讲解数据分析的理论、方法和实践技巧，包括数据收集、清洗、分析和可视化等方面的内容。','数据分析'),(47,'软件工程专业的具体项目经验','该知识点涉及在软件工程项目中的具体实践，包括需求分析、设计、编码、测试和维护等环节。学习如何运用软件工程的原则和工具来构建高质量的软件系统。','技术技能'),(48,'教育背景与岗位要求的匹配度','评估个人教育背景与目标岗位要求之间的契合程度，确保所具备的技能和知识能够满足岗位的需求。这包括对专业知识、技能水平、工作经验和成就的综合考量。','职业发展'),(49,'软件工程专业相关的项目经验','在软件开发过程中，通过参与实际项目来积累经验，包括需求分析、设计、编码、测试和维护等环节。这些经验有助于理解软件开发的全过程，提升解决实际问题的能力。','专业技能'),(50,'专业技能的深度与广度','在软件工程领域，拥有广泛且深入的技能是非常重要的。这包括编程语言掌握、软件开发工具使用、系统架构设计能力以及项目管理技巧等。','专业技术技能'),(51,'职业目标与规划','在软件工程领域内，设定清晰的职业目标并制定相应的发展规划是成功的关键。这包括短期和长期的职业目标、所需技能的学习路径以及个人品牌的打造等。','职业发展策略'),(52,'分布式系统设计','分布式系统设计是一种将应用程序和数据库部署在多台计算机上的方法，以实现高可用性、可扩展性和高性能。它涉及数据分片、负载均衡、一致性保证等关键概念。','后端技术'),(53,'微服务架构','微服务架构是一种软件架构风格，它将一个大型复杂应用拆分为一组小型、独立的服务，每个服务运行在自己的进程中，并通过轻量级的通信机制（通常是HTTP资源API）互相协作。','后端技术'),(54,'云服务平台的使用','云服务平台提供了弹性计算资源、存储空间和各种开发工具，使开发者能够快速构建、测试和部署应用。常见的云平台包括Amazon Web Services (AWS)、Microsoft Azure和Google Cloud Platform (GCP)。','前端技术， 后端技术， DevOps'),(55,'项目管理技能','项目管理技能是指有效地规划、执行和监控项目的能力。这包括制定项目计划、分配资源、管理风险、确保时间线和预算的遵守以及达到项目目标。','软技能'),(56,'沟通协调能力','沟通协调能力指的是在团队内部以及与外部利益相关者之间有效传达信息、解决冲突和促进合作的能力。这包括清晰表达思想、倾听他人观点、协商一致以及适应不同沟通风格。','软技能'),(57,'市场分析能力','市场分析能力涉及收集、解释和利用数据来了解市场趋势、消费者需求、竞争对手行为以及潜在的市场机会。这种能力对于制定有效的商业战略和决策至关重要。','商业分析技能'),(58,'高级前端框架（如React, Vue）','这些是用于构建用户界面的JavaScript库和框架，它们提供了丰富的功能来帮助开发者快速开发复杂的单页应用。React由Facebook开发，而Vue.js是一个轻量级的JavaScript框架，由Google的Vue.js团队开发。','前端技术'),(59,'移动端适配','移动端适配是指确保网站或应用在不同尺寸和分辨率的设备上都能正常工作的过程。它涉及到使用响应式设计、自适应布局等技术来优化用户体验。','前端技术'),(60,'高级前端框架','高级前端框架是用于构建复杂Web应用的JavaScript库和工具集，它们提供了丰富的功能和组件来简化开发过程。这些框架包括React, Vue.js, Angular等。','前端技术'),(62,'语音表达','语音表达涉及使用声音来传达信息、情感和意图。它包括发音、语调、语速和音量的控制，以及如何有效地利用声音来增强沟通效果。','软技能'),(63,'高级前端架构设计','高级前端架构设计涉及构建可扩展、高性能和易于维护的Web应用。它包括了对前端代码的组织、模块化、组件化以及与后端服务的集成策略。','前端技术'),(64,'最新前端趋势和技术','最新的前端趋势和技术包括现代JavaScript框架（如React, Vue, Angular）、CSS预处理器、模块打包工具（如Webpack）以及前端自动化测试工具。','前端技术'),(65,'高级工程师所需的专业技能','高级工程师需要具备广泛的技术知识和深厚的实践经验，能够独立解决复杂问题，并指导团队向目标前进。','技术领域'),(66,'逻辑思考能力','逻辑思考能力是解决问题和做出决策的基础，它涉及分析信息、识别模式和构建有效论证。','软技能'),(67,'语言表达能力','语言表达能力不仅涉及口头沟通，还包括书面表达和非语言沟通的技巧，这对于团队合作和职业发展至关重要。','软技能'),(68,'维度建模的优缺点及适用场景','维度建模是一种用于数据仓库设计的方法，通过将业务过程分解为多个维度和事实表来组织数据。优点包括支持复杂的查询、易于理解和维护、以及能够清晰地表示业务逻辑。缺点是实施和维护成本较高，且在数据量非常大时性能可能会受到影响。适用场景通常是大型企业的数据仓库项目，特别是那些需要复杂数据分析和报告的业务环境。','数据库技术'),(69,'缓慢变化维的类型和具体实现','缓慢变化维是指那些在较长时间内不会发生频繁变化的维度属性。这些维度通常包括客户信息、产品类别等。具体实现方法包括静态维度表和动态维度表。静态维度表中的属性值一旦确定就很少更新，而动态维度表则会根据需要进行更新。实现缓慢变化维可以改善查询性能并提高数据仓库的性能。','数据库技术'),(70,'Java集合框架深入理解','Java集合框架是Java语言中用于存储和操作对象的一组类，包括List、Set、Map等接口及其实现类。这些类提供了丰富的功能来处理集合数据，如添加、删除、查找元素，以及进行各种集合运算。深入学习Java集合框架有助于提高代码的可读性、可维护性和性能。','后端技术'),(71,'分布式系统原理','分布式系统是由多个独立的计算机节点通过网络连接组成的系统，它们共同协作以提供更强大的计算能力。了解分布式系统的基本原理对于设计和构建高效、可靠的大型系统至关重要。这包括分布式存储、一致性模型、网络通信协议、故障处理等方面的内容。','后端技术'),(72,'进程与线程的区别','进程是操作系统分配资源的基本单位，每个进程都有自己独立的地址空间。线程是CPU调度和执行的基本单位，同一个进程内的多个线程共享相同的地址空间。进程之间相互独立，而线程间共享数据，因此线程间的通信更加简单。','操作系统'),(73,'应变抗压能力','应变抗压能力是指个体或系统在面对压力或突发事件时所表现出的适应和应对能力。在计算机科学领域，它通常指的是软件或硬件在高负载或异常情况下的稳定性和可靠性。','计算机科学'),(74,'差异化需求分析','差异化需求分析是一种系统的方法，用于识别和理解不同客户群体的独特需求和期望。通过这种分析，组织可以更好地定制其产品或服务以满足这些特定的需求，从而在市场中获得竞争优势。','市场研究'),(75,'消息队列的作用','消息队列是一种应用程序之间的通信方法，用于在分布式系统中传递消息。它的主要作用包括：解耦系统组件、提高系统的可扩展性、确保消息的可靠传递和处理、以及实现异步通信。使用消息队列可以有效降低系统间的耦合度，提升系统整体的响应速度和可靠性。','后端技术'),(76,'系统设计的逻辑性','系统设计的逻辑性指的是在构建复杂系统时，必须遵循一定的逻辑规则和原则，以确保系统的高效运行和易于维护。这包括模块化设计、分层架构、数据一致性、错误处理机制等方面。逻辑性的系统设计能够提升系统的可理解性、可维护性和可扩展性。','软件开发方法论'),(77,'Vue 3中的Proxy机制','Vue 3引入了一个新的特性，即Proxy机制，用于在运行时对数据进行监听和响应式处理。通过Proxy，Vue可以更高效地处理对象的属性变化，从而实现更深层次的动态数据绑定。','前端技术'),(78,'前后端分离开发模式','前后端分离开发模式是一种现代Web应用开发的架构模式，它将前端用户界面与后端服务器逻辑分离开来。这种模式使得前端工程师可以专注于用户界面的开发，而后端工程师则可以专注于服务器端的逻辑处理。','开发模式'),(79,'性能优化策略','性能优化是提高应用用户体验的关键因素之一。有效的性能优化策略可以帮助减少应用的加载时间，提高响应速度，并降低服务器的负载。','性能优化'),(80,'竞品分析','竞品分析是研究市场上同类产品或服务，以了解其特性、优势和不足，从而为自身产品或服务改进提供依据的过程。','市场研究'),(81,'问卷调查方法','问卷调查是一种收集数据的方法，通过设计问卷来获取受访者的观点、意见或行为模式。','市场研究'),(82,'三次握手的作用','三次握手是建立TCP连接时的协议过程，它确保了数据包的可靠传输。通过三次握手，客户端和服务器能够确认彼此的接收和发送能力，从而避免数据丢失或错误。三次握手的主要作用包括：1. 确认双方都已准备好进行数据传输；2. 防止已经失效的连接请求突然又传送到了服务端；3. 同步序列号，使得数据传输可以正确进行。','网络通信'),(83,'synchronized与ReentrantLock的区别','synchronized关键字和ReentrantLock都是用于实现线程同步的工具，但它们的使用场景和性能表现有所不同。synchronized主要用于同步代码块，而ReentrantLock是一个更灵活的锁机制，可以在需要时创建锁对象，并在完成后自动释放。两者的主要区别包括：1. synchronized是Java内置的锁机制，通常用于控制方法或代码块的并发访问；2. ReentrantLock提供了更高的灵活性和控制能力，适合需要精细控制的场景；3. ReentrantLock的性能略优于synchronized，特别是在高并发情况下。','多线程编程'),(84,'锁粒度和分段锁的理解','锁粒度是指对共享资源的锁定程度，即一次操作中保护的数据量大小。较小的锁粒度意味着每次只处理一小部分数据，而较大的锁粒度则表示一次操作中涉及更多的数据。分段锁是一种提高并发性能的技术，它允许多个线程同时访问不同的数据段，从而提高系统的吞吐量。分段锁的主要特点包括：1. 细粒度的锁控制，适用于频繁更新的数据段；2. 通过减少锁的竞争来提升性能；3. 适用于数据库等需要高效并发控制的场合。','并发控制'),(85,'产品经理核心技能','产品经理需要掌握的核心技能包括市场分析、需求调研、产品设计、项目管理、数据分析和团队协作等。这些技能帮助产品经理理解市场趋势，制定产品策略，设计用户体验，并推动产品从概念到市场的全过程。','软技能'),(86,'用户-场景-需求分析模型','用户-场景-需求分析模型是一种系统化的方法，用于理解和定义产品的用户需求。该模型通过分析用户行为、使用场景以及用户期望来识别和优先排序产品功能。它有助于确保产品满足市场需求并解决用户的实际问题。','技术技能'),(87,'系统架构设计','系统架构设计是指对软件系统的高级结构进行规划和设计的过程。这涉及到决定如何组织系统的各个组件，以及这些组件如何相互交互以实现预期的功能。系统架构设计是软件开发过程中的关键步骤之一，它影响系统的可扩展性、性能、可靠性和维护性。','后端技术'),(88,'闭包原理及其应用场景','闭包是JavaScript中的一个重要概念，它允许函数访问其外部作用域的变量。这种特性使得闭包可以用于实现回调函数、模块模式和数据封装等应用场景。','JavaScript基础'),(89,'高级JavaScript特性应用','高级JavaScript特性包括异步编程、模板字符串、ES6+新特性（如箭头函数、解构赋值、Promise等）以及性能优化技巧等。这些特性使得JavaScript更加强大和灵活，适用于各种复杂的开发需求。','JavaScript进阶'),(90,'现代前端架构设计','现代前端架构设计关注如何高效、可维护地构建用户界面。它包括组件化开发、模块化设计、状态管理、性能优化和安全性考虑等方面。','前端技术'),(91,'跨平台开发工具','跨平台开发工具允许开发者使用单一的代码库来创建适用于多个操作系统（如iOS、Android、Windows等）的应用。这些工具通过抽象底层平台差异，简化了开发流程。','移动开发与跨平台开发'),(92,'微服务架构设计','微服务架构是一种将单一应用程序拆分为一组小的、独立的服务的方法，每个服务运行在其独立的进程中，并通过轻量级通信机制（通常是HTTP资源API）互相协作。这种架构模式使得系统易于扩展和维护，并且能够快速响应市场变化。','后端技术'),(93,'分布式事务处理','在分布式系统中，多个节点共同完成一个事务处理时，需要保证事务的原子性、一致性、隔离性和持久性（ACID）。分布式事务处理涉及解决跨多个数据库或服务的数据一致性问题，确保操作要么全部成功，要么全部回滚。','数据库'),(94,'云原生技术栈应用','云原生技术栈是指一系列基于云计算平台的技术和应用开发方法，包括容器化、微服务架构、持续集成与持续部署（CI/CD）、自动化运维等。这些技术旨在提高应用的开发效率、弹性和可维护性。','后端技术'),(95,'现代C++内存管理','现代C++内存管理涉及智能指针、RAII、内存泄漏检测和优化等方面的内容，以确保程序的高效和安全。','后端技术'),(96,'高效代码组织与优化','高效代码组织与优化关注代码的可读性、模块化、重构策略和性能提升，以编写出更高效、更易于维护的代码。','软件开发实践'),(97,'高级编程技巧','高级编程技巧涉及算法设计、数据结构选择、并发编程模式以及系统级编程等，旨在提升程序员解决复杂问题的能力。','后端技术');
/*!40000 ALTER TABLE `learning_resources_topics` ENABLE KEYS */;
UNLOCK TABLES;

--
-- Table structure for table `resume`
--

DROP TABLE IF EXISTS `resume`;
/*!40101 SET @saved_cs_client     = @@character_set_client */;
/*!50503 SET character_set_client = utf8mb4 */;
CREATE TABLE `resume` (
  `id` bigint NOT NULL AUTO_INCREMENT COMMENT '简历主键ID (自增)',
  `user_id` bigint NOT NULL COMMENT '所属用户ID (逻辑关联，无外键约束)',
  `title` varchar(255) CHARACTER SET utf8mb4 COLLATE utf8mb4_unicode_ci DEFAULT NULL COMMENT '简历标题 (来自basicInfo.title)',
  `cover` varchar(512) CHARACTER SET utf8mb4 COLLATE utf8mb4_unicode_ci DEFAULT NULL COMMENT '简历封面图URL (来自basicInfo.cover)',
  `tag` varchar(255) CHARACTER SET utf8mb4 COLLATE utf8mb4_unicode_ci DEFAULT NULL COMMENT '简历标签 (来自basicInfo.tag)',
  `avatar` varchar(512) CHARACTER SET utf8mb4 COLLATE utf8mb4_unicode_ci DEFAULT NULL COMMENT '用户头像URL (来自basicInfo.avatar)',
  `create_time` datetime(3) NOT NULL DEFAULT CURRENT_TIMESTAMP(3) COMMENT '创建时间',
  `update_time` datetime(3) NOT NULL DEFAULT CURRENT_TIMESTAMP(3) ON UPDATE CURRENT_TIMESTAMP(3) COMMENT '最后更新时间',
  PRIMARY KEY (`id`) USING BTREE,
  KEY `idx_user_id` (`user_id`) USING BTREE COMMENT '为根据用户查询简历创建索引'
) ENGINE=InnoDB AUTO_INCREMENT=3 DEFAULT CHARSET=utf8mb4 COLLATE=utf8mb4_unicode_ci ROW_FORMAT=DYNAMIC COMMENT='简历主表';
/*!40101 SET character_set_client = @saved_cs_client */;

--
-- Dumping data for table `resume`
--

LOCK TABLES `resume` WRITE;
/*!40000 ALTER TABLE `resume` DISABLE KEYS */;
INSERT INTO `resume` VALUES (1,1,'基础信息','https://edu-2330.oss-cn-beijing.aliyuncs.com/2023/04/05/template1.png','软件工程专业 | 全栈开发','https://echo-interview.oss-cn-guangzhou.aliyuncs.com/interview/user/20ed8605-5701-4791-9ab6-b9b496d1605a.jpg','2025-06-22 14:24:42.740','2025-06-22 14:24:42.740'),(2,2,'基础信息','https://edu-2330.oss-cn-beijing.aliyuncs.com/2023/04/05/template1.png','软件工程专业 | 全栈开发','https://echo-interview.oss-cn-guangzhou.aliyuncs.com/interview/user/00a4c577-35f3-4b27-8e9d-8939e94bf7aa.png','2025-07-11 11:25:21.523','2025-07-11 11:25:21.523');
/*!40000 ALTER TABLE `resume` ENABLE KEYS */;
UNLOCK TABLES;

--
-- Table structure for table `resume_module`
--

DROP TABLE IF EXISTS `resume_module`;
/*!40101 SET @saved_cs_client     = @@character_set_client */;
/*!50503 SET character_set_client = utf8mb4 */;
CREATE TABLE `resume_module` (
  `id` bigint NOT NULL AUTO_INCREMENT COMMENT '模块主键ID (自增)',
  `resume_id` bigint NOT NULL COMMENT '所属简历ID (逻辑关联，无外键约束)',
  `parent_id` bigint NOT NULL DEFAULT '0' COMMENT '父模块ID (0表示顶层模块，用于项目经历等层级关系)',
  `module_type` varchar(30) CHARACTER SET utf8mb4 COLLATE utf8mb4_unicode_ci NOT NULL COMMENT '模块类型 (例如: BASIC_INFO, EDUCATION, PROJECT等)',
  `sort` int NOT NULL DEFAULT '0' COMMENT '模块排序值 (在同一父模块下的显示顺序)',
  `item_key` varchar(100) CHARACTER SET utf8mb4 COLLATE utf8mb4_unicode_ci DEFAULT NULL COMMENT '基础信息的“键” (如: 姓名, 期望岗位)',
  `item_value` varchar(255) CHARACTER SET utf8mb4 COLLATE utf8mb4_unicode_ci DEFAULT NULL COMMENT '基础信息的“值” (如: 张同学, 全栈开发)',
  `title` varchar(255) CHARACTER SET utf8mb4 COLLATE utf8mb4_unicode_ci DEFAULT NULL COMMENT '模块标题 (如: 教育经历)',
  `subject` varchar(255) CHARACTER SET utf8mb4 COLLATE utf8mb4_unicode_ci DEFAULT NULL COMMENT '主体名称 (如: 学校名, 项目名)',
  `major` varchar(255) CHARACTER SET utf8mb4 COLLATE utf8mb4_unicode_ci DEFAULT NULL COMMENT '专业或角色 (如: 软件工程, 全栈开发)',
  `from_date` varchar(20) CHARACTER SET utf8mb4 COLLATE utf8mb4_unicode_ci DEFAULT NULL COMMENT '开始日期 (格式由前端定，如 2021/09/01)',
  `to_date` varchar(20) CHARACTER SET utf8mb4 COLLATE utf8mb4_unicode_ci DEFAULT NULL COMMENT '结束日期 (格式由前端定，如 2025/07/01)',
  `to_now` tinyint(1) DEFAULT '0' COMMENT '是否至今',
  `content` text CHARACTER SET utf8mb4 COLLATE utf8mb4_unicode_ci COMMENT '详细描述内容 (支持Markdown/HTML)',
  `is_appear` tinyint(1) DEFAULT '1' COMMENT '是否在简历中显示',
  `create_time` datetime(3) NOT NULL DEFAULT CURRENT_TIMESTAMP(3) COMMENT '创建时间',
  `update_time` datetime(3) NOT NULL DEFAULT CURRENT_TIMESTAMP(3) ON UPDATE CURRENT_TIMESTAMP(3) COMMENT '最后更新时间',
  PRIMARY KEY (`id`) USING BTREE,
  KEY `idx_resume_id_parent_id` (`resume_id`,`parent_id`) USING BTREE COMMENT '高效查询简历下所有模块的核心索引'
) ENGINE=InnoDB AUTO_INCREMENT=82 DEFAULT CHARSET=utf8mb4 COLLATE=utf8mb4_unicode_ci ROW_FORMAT=DYNAMIC COMMENT='简历模块表';
/*!40101 SET character_set_client = @saved_cs_client */;

--
-- Dumping data for table `resume_module`
--

LOCK TABLES `resume_module` WRITE;
/*!40000 ALTER TABLE `resume_module` DISABLE KEYS */;
INSERT INTO `resume_module` VALUES (41,2,0,'BASIC_INFO',0,'姓名','test',NULL,NULL,NULL,NULL,NULL,0,NULL,1,'2025-07-16 14:35:57.990','2025-07-16 14:35:57.990'),(42,2,0,'BASIC_INFO',1,'性别','test',NULL,NULL,NULL,NULL,NULL,0,NULL,1,'2025-07-16 14:35:57.994','2025-07-16 14:35:57.994'),(43,2,0,'BASIC_INFO',2,'学历','本科在读',NULL,NULL,NULL,NULL,NULL,0,NULL,1,'2025-07-16 14:35:57.997','2025-07-16 14:35:57.997'),(44,2,0,'BASIC_INFO',3,'电话','13800138000',NULL,NULL,NULL,NULL,NULL,0,NULL,1,'2025-07-16 14:35:58.000','2025-07-16 14:35:58.000'),(45,2,0,'BASIC_INFO',4,'邮箱','2038286370@qq.com',NULL,NULL,NULL,NULL,NULL,0,NULL,1,'2025-07-16 14:35:58.004','2025-07-16 14:35:58.004'),(46,2,0,'BASIC_INFO',5,'年级','大三',NULL,NULL,NULL,NULL,NULL,0,NULL,1,'2025-07-16 14:35:58.008','2025-07-16 14:35:58.008'),(47,2,0,'BASIC_INFO',6,'个人网站','https://zhengxuanye.github.io/',NULL,NULL,NULL,NULL,NULL,0,NULL,1,'2025-07-16 14:35:58.011','2025-07-16 14:35:58.011'),(48,2,0,'EDUCATION',1,NULL,NULL,'教育经历','某知名大学','软件工程专业','2021/09/01','2025/07/01',0,'<p><strong>主修课程：Web前后端开发、数据结构与算法、数据库系统、计算机网络、软件工程、操作系统、人工智能导论等。</strong></p>\n',1,'2025-07-16 14:35:58.020','2025-07-16 14:35:58.020'),(49,2,0,'SKILLS',2,NULL,NULL,'相关技能','','','','',0,'<p>  <strong>技术栈：</strong></p>\n<p>&ensp;&ensp;&ensp;&ensp;<strong>前端</strong>：HTML5、CSS3、JavaScript、TypeScript、Vue.js、React、响应式设计 <br>\n&ensp;&ensp;&ensp;&ensp;<strong>后端</strong>：Node.js、Express、Java、Spring Boot、RESTful API设计<br>\n&ensp;&ensp;&ensp;&ensp;<strong>数据库</strong>：MySQL、MongoDB、Redis<br>\n&ensp;&ensp;&ensp;&ensp;<strong>工具</strong>：Git、Docker、VS Code、Webpack、npm<br>\n&ensp;&ensp;&ensp;&ensp;<strong>其他</strong>：数据结构与算法、软件测试、CI/CD、敏捷开发</p>\n',1,'2025-07-16 14:35:58.029','2025-07-16 14:35:58.029'),(50,2,0,'PROJECT',3,NULL,NULL,'项目经历','中后台管理系统','全栈开发','2023/03/15','2023/06/30',0,'<p>&ensp;&ensp;&ensp;&ensp;一个为零售行业提供技术支持的平台，本项目两套代码，Vue2框架和重构后的React框架的 </p>\n<ol>\n<li>参与了老项目功能的维护和扩展，使用了vue.directive来提取通用逻辑到自定义指令，熟悉了完整的开发流程规范 </li>\n<li>参与新项目的开发，在开发周期短的情况下，对老项目进行重构，独立负责了多个模块上线，跨团队沟通，协作；，熟练使用组件和框架的能力快速开发，封装通用业务组件，重构后的代码行数相比较旧项目减少了40%，提高了用户体验</li>\n</ol>\n',1,'2025-07-16 14:35:58.037','2025-07-16 14:35:58.037'),(51,2,50,'PROJECT',1,NULL,NULL,'导购店长程序','导购店长程序','前端开发','2022/10/15','2022/12/20',0,'<p>&ensp;&ensp;&ensp;&ensp;为了提高导购和店长的工作效率，搭建一套工作流程小程序 </p>\n<ol>\n<li>优化历史功能，修改页面交互体验，修改历史数据显示异常现象，提高使用体验 </li>\n<li>新增自动化任务体系功能，使用状态管理库实现一套数据驱动多个层级组件视图更新 </li>\n<li>使用多种第三方库实现功能 - lodash.js（数据处理），qrcode.js （二维码生成），html2canvas（截图）等等</li>\n</ol>\n',1,'2025-07-16 14:35:58.046','2025-07-16 14:35:58.046'),(52,2,0,'HONOR',4,NULL,NULL,'荣誉证书','','','2021/09/01','2023/06/30',0,'<p>  <strong>获奖情况：</strong></p>\n<p>  &ensp;&ensp;&ensp;&ensp;• 2023年校级软件开发大赛二等奖<br>\n  &ensp;&ensp;&ensp;&ensp;• 2022年全国大学生计算机设计大赛优秀奖<br>\n  &ensp;&ensp;&ensp;&ensp;• 2022-2023学年校级优秀学生干部<br>\n  &ensp;&ensp;&ensp;&ensp;• 2021-2022学年学业优秀奖学金</p>\n<p>  <strong>相关证书：</strong></p>\n<p>  &ensp;&ensp;&ensp;&ensp;• 英语四级证书（CET-4）<br>\n  &ensp;&ensp;&ensp;&ensp;• 计算机二级证书（C语言）<br>\n  &ensp;&ensp;&ensp;&ensp;• Web前端开发工程师认证</p>\n',1,'2025-07-16 14:35:58.055','2025-07-16 14:35:58.055'),(53,2,0,'EVALUATION',5,NULL,NULL,'个人评价','','','','',0,'<p>&ensp;&ensp;&ensp;&ensp;作为一名软件工程专业的学生，我热爱编程和技术创新，具有扎实的计算机基础知识和实践能力。在学习过程中，我积极参与各类项目开发，培养了良好的团队协作精神和解决问题的能力。</p>\n<p>&ensp;&ensp;&ensp;&ensp;我对Web全栈开发有浓厚的兴趣，熟悉前后端技术栈，能够独立完成项目从设计到实现的全过程。我注重代码质量和用户体验，善于学习新技术并应用到实际项目中。</p>\n<p>&ensp;&ensp;&ensp;&ensp;我期望能够在软件开发领域不断学习和成长，为用户创造有价值的产品和服务。</p>\n',1,'2025-07-16 14:35:58.064','2025-07-16 14:35:58.064'),(68,1,0,'BASIC_INFO',0,'姓名','王同学',NULL,NULL,NULL,NULL,NULL,0,NULL,1,'2025-07-20 20:25:10.053','2025-07-20 20:25:10.053'),(69,1,0,'BASIC_INFO',1,'性别','男',NULL,NULL,NULL,NULL,NULL,0,NULL,1,'2025-07-20 20:25:10.057','2025-07-20 20:25:10.057'),(70,1,0,'BASIC_INFO',2,'学历','本科在读',NULL,NULL,NULL,NULL,NULL,0,NULL,1,'2025-07-20 20:25:10.060','2025-07-20 20:25:10.060'),(71,1,0,'BASIC_INFO',3,'电话','13800138000',NULL,NULL,NULL,NULL,NULL,0,NULL,1,'2025-07-20 20:25:10.064','2025-07-20 20:25:10.064'),(72,1,0,'BASIC_INFO',4,'邮箱','2038286370@qq.com',NULL,NULL,NULL,NULL,NULL,0,NULL,1,'2025-07-20 20:25:10.067','2025-07-20 20:25:10.067'),(73,1,0,'BASIC_INFO',5,'年级','大三',NULL,NULL,NULL,NULL,NULL,0,NULL,1,'2025-07-20 20:25:10.070','2025-07-20 20:25:10.070'),(74,1,0,'BASIC_INFO',6,'个人网站','https://zhengxuanye.github.io/',NULL,NULL,NULL,NULL,NULL,0,NULL,1,'2025-07-20 20:25:10.074','2025-07-20 20:25:10.074'),(75,1,0,'EDUCATION',1,NULL,NULL,'教育经历','某知名大学','软件工程专业','2021/09/01','2025/07/01',0,'<p><strong>主修课程：Web前后端开发、数据结构与算法、数据库系统、计算机网络、软件工程、操作系统、人工智能导论等。</strong></p>\n',1,'2025-07-20 20:25:10.082','2025-07-20 20:25:10.082'),(76,1,0,'SKILLS',2,NULL,NULL,'相关技能','','','','',0,'<p><strong>技术栈：</strong></p>\n<p>&ensp;&ensp;&ensp;&ensp;<strong>前端</strong>：HTML5、CSS3、JavaScript、TypeScript、Vue.js、React、响应式设计 <br>\n&ensp;&ensp;&ensp;&ensp;<strong>后端</strong>：Node.js、Express、Java、Spring Boot、RESTful API设计<br>\n&ensp;&ensp;&ensp;&ensp;<strong>数据库</strong>：MySQL、MongoDB、Redis<br>\n&ensp;&ensp;&ensp;&ensp;<strong>工具</strong>：Git、Docker、VS Code、Webpack、npm<br>\n&ensp;&ensp;&ensp;&ensp;<strong>其他</strong>：数据结构与算法、软件测试、CI/CD、敏捷开发</p>\n',1,'2025-07-20 20:25:10.089','2025-07-20 20:25:10.089'),(77,1,0,'PROJECT',3,NULL,NULL,'项目经历','中后台管理系统','全栈开发','2023/03/15','2023/06/30',0,'<p>&ensp;&ensp;&ensp;&ensp;一个为零售行业提供技术支持的平台，本项目两套代码，Vue2框架和重构后的React框架的 </p>\n<ol>\n<li>参与了老项目功能的维护和扩展，使用了vue.directive来提取通用逻辑到自定义指令，熟悉了完整的开发流程规范 </li>\n<li>参与新项目的开发，在开发周期短的情况下，对老项目进行重构，独立负责了多个模块上线，跨团队沟通，协作；，熟练使用组件和框架的能力快速开发，封装通用业务组件，重构后的代码行数相比较旧项目减少了40%，提高了用户体验</li>\n</ol>\n',1,'2025-07-20 20:25:10.096','2025-07-20 20:25:10.096'),(78,1,77,'PROJECT',1,NULL,NULL,'导购店长程序','导购店长程序','前端开发','2022/10/15','2022/12/20',0,'<p>&ensp;&ensp;&ensp;&ensp;为了提高导购和店长的工作效率，搭建一套工作流程小程序 </p>\n<ol>\n<li>优化历史功能，修改页面交互体验，修改历史数据显示异常现象，提高使用体验 </li>\n<li>新增自动化任务体系功能，使用状态管理库实现一套数据驱动多个层级组件视图更新 </li>\n<li>使用多种第三方库实现功能 - lodash.js（数据处理），qrcode.js （二维码生成），html2canvas（截图）等等</li>\n</ol>\n',1,'2025-07-20 20:25:10.104','2025-07-20 20:25:10.104'),(79,1,77,'PROJECT',2,NULL,NULL,'我是echo','我是echo','前端开发','2022/10/15','2022/12/20',0,'<p>&ensp;&ensp;&ensp;&ensp;为了提高导购和店长的工作效率，搭建一套工作流程小程序 </p>\n<ol>\n<li>优化历史功能，修改页面交互体验，修改历史数据显示异常现象，提高使用体验 </li>\n<li>新增自动化任务体系功能，使用状态管理库实现一套数据驱动多个层级组件视图更新 </li>\n<li>使用多种第三方库实现功能 - lodash.js（数据处理），qrcode.js （二维码生成），html2canvas（截图）等等</li>\n</ol>\n',1,'2025-07-20 20:25:10.118','2025-07-20 20:25:10.118'),(80,1,0,'HONOR',4,NULL,NULL,'荣誉证书','','','2021/09/01','2023/06/30',0,'<p><strong>获奖情况：</strong></p>\n<p>  &ensp;&ensp;&ensp;&ensp;• 2023年校级软件开发大赛二等奖<br>\n  &ensp;&ensp;&ensp;&ensp;• 2022年全国大学生计算机设计大赛优秀奖<br>\n  &ensp;&ensp;&ensp;&ensp;• 2022-2023学年校级优秀学生干部<br>\n  &ensp;&ensp;&ensp;&ensp;• 2021-2022学年学业优秀奖学金</p>\n<p>  <strong>相关证书：</strong></p>\n<p>  &ensp;&ensp;&ensp;&ensp;• 英语四级证书（CET-4）<br>\n  &ensp;&ensp;&ensp;&ensp;• 计算机二级证书（C语言）<br>\n  &ensp;&ensp;&ensp;&ensp;• Web前端开发工程师认证</p>\n',1,'2025-07-20 20:25:10.125','2025-07-20 20:25:10.125'),(81,1,0,'EVALUATION',5,NULL,NULL,'个人评价','','','','',0,'<p>&ensp;&ensp;&ensp;&ensp;作为一名软件工程专业的学生，我热爱编程和技术创新，具有扎实的计算机基础知识和实践能力。在学习过程中，我积极参与各类项目开发，培养了良好的团队协作精神和解决问题的能力。</p>\n',1,'2025-07-20 20:25:10.132','2025-07-20 20:25:10.132');
/*!40000 ALTER TABLE `resume_module` ENABLE KEYS */;
UNLOCK TABLES;

--
-- Table structure for table `resume_projects`
--

DROP TABLE IF EXISTS `resume_projects`;
/*!40101 SET @saved_cs_client     = @@character_set_client */;
/*!50503 SET character_set_client = utf8mb4 */;
CREATE TABLE `resume_projects` (
  `id` bigint unsigned NOT NULL AUTO_INCREMENT COMMENT '项目经历唯一ID',
  `resume_id` bigint unsigned NOT NULL COMMENT '关联的简历ID',
  `project_name` varchar(100) CHARACTER SET utf8mb4 COLLATE utf8mb4_unicode_ci NOT NULL COMMENT '项目名称',
  `role` varchar(100) CHARACTER SET utf8mb4 COLLATE utf8mb4_unicode_ci DEFAULT NULL COMMENT '担任的职责/角色',
  `start_date` date NOT NULL COMMENT '开始日期',
  `end_date` date DEFAULT NULL COMMENT '结束日期',
  `is_current` tinyint(1) NOT NULL DEFAULT '0' COMMENT '是否至今',
  `description` text CHARACTER SET utf8mb4 COLLATE utf8mb4_unicode_ci COMMENT '项目描述（使用了什么技术、解决了什么问题）',
  `display_order` int NOT NULL DEFAULT '0' COMMENT '显示顺序',
  PRIMARY KEY (`id`),
  KEY `idx_resume_id` (`resume_id`)
) ENGINE=InnoDB AUTO_INCREMENT=7 DEFAULT CHARSET=utf8mb4 COLLATE=utf8mb4_unicode_ci COMMENT='简历的项目经历（可多个）';
/*!40101 SET character_set_client = @saved_cs_client */;

--
-- Dumping data for table `resume_projects`
--

LOCK TABLES `resume_projects` WRITE;
/*!40000 ALTER TABLE `resume_projects` DISABLE KEYS */;
/*!40000 ALTER TABLE `resume_projects` ENABLE KEYS */;
UNLOCK TABLES;

--
-- Table structure for table `resumes`
--

DROP TABLE IF EXISTS `resumes`;
/*!40101 SET @saved_cs_client     = @@character_set_client */;
/*!50503 SET character_set_client = utf8mb4 */;
CREATE TABLE `resumes` (
  `id` bigint unsigned NOT NULL AUTO_INCREMENT COMMENT '简历唯一ID',
  `user_id` bigint unsigned NOT NULL COMMENT '所属用户的ID',
  `title` varchar(100) CHARACTER SET utf8mb4 COLLATE utf8mb4_unicode_ci NOT NULL COMMENT '简历标题',
  `full_name` varchar(50) CHARACTER SET utf8mb4 COLLATE utf8mb4_unicode_ci DEFAULT NULL COMMENT '姓名',
  `gender` varchar(10) CHARACTER SET utf8mb4 COLLATE utf8mb4_unicode_ci DEFAULT NULL COMMENT '性别',
  `age` int DEFAULT NULL COMMENT '年龄',
  `grade` varchar(100) CHARACTER SET utf8mb4 COLLATE utf8mb4_unicode_ci DEFAULT NULL COMMENT '年级',
  `phone_number` varchar(30) CHARACTER SET utf8mb4 COLLATE utf8mb4_unicode_ci DEFAULT NULL COMMENT '电话',
  `email` varchar(100) CHARACTER SET utf8mb4 COLLATE utf8mb4_unicode_ci DEFAULT NULL COMMENT '邮箱',
  `personal_website` varchar(255) CHARACTER SET utf8mb4 COLLATE utf8mb4_unicode_ci DEFAULT NULL COMMENT '个人网站或作品集链接',
  `custom_fields` json DEFAULT NULL COMMENT '自定义字段，如：{"GitHub":"...", "LinkedIn":"..."}',
  `education_level` varchar(50) CHARACTER SET utf8mb4 COLLATE utf8mb4_unicode_ci DEFAULT NULL COMMENT '学历',
  `school_name` varchar(100) CHARACTER SET utf8mb4 COLLATE utf8mb4_unicode_ci DEFAULT NULL COMMENT '学校名称',
  `major` varchar(100) CHARACTER SET utf8mb4 COLLATE utf8mb4_unicode_ci DEFAULT NULL COMMENT '专业名称',
  `education_start_date` date DEFAULT NULL COMMENT '教育经历开始日期',
  `education_end_date` date DEFAULT NULL COMMENT '教育经历结束日期',
  `education_is_current` tinyint(1) NOT NULL DEFAULT '0' COMMENT '教育经历是否至今',
  `education_description` text CHARACTER SET utf8mb4 COLLATE utf8mb4_unicode_ci COMMENT '教育经历详细描述',
  `skills_description` text CHARACTER SET utf8mb4 COLLATE utf8mb4_unicode_ci COMMENT '相关技能描述',
  `honors_description` text CHARACTER SET utf8mb4 COLLATE utf8mb4_unicode_ci COMMENT '荣誉证书描述',
  `evaluation_content` text CHARACTER SET utf8mb4 COLLATE utf8mb4_unicode_ci COMMENT '个人评价内容',
  `section_order` json DEFAULT NULL COMMENT '简历各模块显示顺序，如：["education", "skills", "projects", "honors", "evaluation"]',
  `created_at` timestamp NOT NULL DEFAULT CURRENT_TIMESTAMP COMMENT '创建时间',
  `updated_at` timestamp NOT NULL DEFAULT CURRENT_TIMESTAMP ON UPDATE CURRENT_TIMESTAMP COMMENT '更新时间',
  PRIMARY KEY (`id`),
  KEY `idx_user_id` (`user_id`)
) ENGINE=InnoDB AUTO_INCREMENT=4 DEFAULT CHARSET=utf8mb4 COLLATE=utf8mb4_unicode_ci COMMENT='简历主表，整合了大部分信息';
/*!40101 SET character_set_client = @saved_cs_client */;

--
-- Dumping data for table `resumes`
--

LOCK TABLES `resumes` WRITE;
/*!40000 ALTER TABLE `resumes` DISABLE KEYS */;
INSERT INTO `resumes` VALUES (3,1,'echo简历','echo','男',21,'大四','188***REMOVED***78','3158779947@qq.com','https://echo.blog.com','null','本科','广东海洋大学','软件工程','2021-09-01','2025-07-01',1,'**核心课程:**\n\n- 数据结构与算法 (A+)\n- 计算机网络\n- 操作系统\n- 数据库原理\n- Java程序设计','**后端:** Java, Spring Boot, MyBatis-Plus, MySQL, Redis, Docker\n**前端:** Vue.js, TypeScript, Element Plus\n**工具:** Git, Maven, Nginx, Postman','- 2024年 全国大学生软件杯三等奖\n- 2023-2024学年 国家励志奖学金\n- 2023年 校级优秀三好学生','本人具备扎实的Java编程基础，熟悉主流的后端开发技术栈。对技术有热情，乐于钻研和分享。具备良好的编码习惯和团队协作能力，希望能在贵公司贡献自己的一份力量。','null','2025-06-21 10:06:36','2025-06-21 10:06:36');
/*!40000 ALTER TABLE `resumes` ENABLE KEYS */;
UNLOCK TABLES;

--
-- Table structure for table `topics`
--

DROP TABLE IF EXISTS `topics`;
/*!40101 SET @saved_cs_client     = @@character_set_client */;
/*!50503 SET character_set_client = utf8mb4 */;
CREATE TABLE `topics` (
  `id` int unsigned NOT NULL AUTO_INCREMENT COMMENT '知识点唯一ID',
  `name` varchar(100) CHARACTER SET utf8mb4 COLLATE utf8mb4_unicode_ci NOT NULL COMMENT '知识点名称',
  PRIMARY KEY (`id`),
  UNIQUE KEY `uk_name` (`name`) COMMENT '知识点名称必须唯一'
) ENGINE=InnoDB AUTO_INCREMENT=22 DEFAULT CHARSET=utf8mb4 COLLATE=utf8mb4_unicode_ci COMMENT='知识点字典表';
/*!40101 SET character_set_client = @saved_cs_client */;

--
-- Dumping data for table `topics`
--

LOCK TABLES `topics` WRITE;
/*!40000 ALTER TABLE `topics` DISABLE KEYS */;
INSERT INTO `topics` VALUES (21,'CSS与HTML'),(1,'Java'),(9,'JavaScript'),(18,'JVM'),(16,'Linux'),(4,'MySQL'),(11,'Python语言基础'),(5,'Redis'),(2,'Spring Boot'),(12,'SQL高级查询'),(14,'产品思维'),(3,'分布式系统'),(10,'前端框架(Vue/React)'),(17,'多线程与并发'),(20,'微服务架构'),(6,'操作系统'),(13,'数据分析方法论'),(8,'算法与数据结构'),(7,'计算机网络'),(19,'设计模式'),(15,'需求分析与管理');
/*!40000 ALTER TABLE `topics` ENABLE KEYS */;
UNLOCK TABLES;

--
-- Table structure for table `user_learning_plan`
--

DROP TABLE IF EXISTS `user_learning_plan`;
/*!40101 SET @saved_cs_client     = @@character_set_client */;
/*!50503 SET character_set_client = utf8mb4 */;
CREATE TABLE `user_learning_plan` (
  `id` bigint unsigned NOT NULL AUTO_INCREMENT,
  `user_id` bigint unsigned NOT NULL COMMENT '用户ID',
  `resource_id` bigint unsigned NOT NULL COMMENT '学习资源ID',
  `source_report_id` bigint unsigned DEFAULT NULL COMMENT '来源的分析报告ID（可选）',
  `status` varchar(20) CHARACTER SET utf8mb4 COLLATE utf8mb4_unicode_ci NOT NULL DEFAULT '待完成' COMMENT '任务完成状态(''待完成'', ''进行中'', ''已完成'')',
  `added_at` timestamp NOT NULL DEFAULT CURRENT_TIMESTAMP COMMENT '添加时间',
  `completed_at` timestamp NULL DEFAULT NULL COMMENT '完成时间',
  PRIMARY KEY (`id`),
  KEY `idx_user_id` (`user_id`),
  KEY `idx_resource_id` (`resource_id`)
) ENGINE=InnoDB DEFAULT CHARSET=utf8mb4 COLLATE=utf8mb4_unicode_ci COMMENT='用户的综合个性化学习任务清单';
/*!40101 SET character_set_client = @saved_cs_client */;

--
-- Dumping data for table `user_learning_plan`
--

LOCK TABLES `user_learning_plan` WRITE;
/*!40000 ALTER TABLE `user_learning_plan` DISABLE KEYS */;
/*!40000 ALTER TABLE `user_learning_plan` ENABLE KEYS */;
UNLOCK TABLES;

--
-- Table structure for table `users`
--

DROP TABLE IF EXISTS `users`;
/*!40101 SET @saved_cs_client     = @@character_set_client */;
/*!50503 SET character_set_client = utf8mb4 */;
CREATE TABLE `users` (
  `id` bigint unsigned NOT NULL AUTO_INCREMENT COMMENT '用户唯一ID',
  `username` varchar(50) CHARACTER SET utf8mb4 COLLATE utf8mb4_unicode_ci NOT NULL COMMENT '用户名（用于登录）',
  `password` varchar(255) CHARACTER SET utf8mb4 COLLATE utf8mb4_unicode_ci NOT NULL COMMENT '哈希后的密码',
  `email` varchar(100) CHARACTER SET utf8mb4 COLLATE utf8mb4_unicode_ci NOT NULL COMMENT '邮箱（用于注册和通知）',
  `nickname` varchar(50) CHARACTER SET utf8mb4 COLLATE utf8mb4_unicode_ci DEFAULT NULL COMMENT '用户昵称',
  `avatar_url` varchar(255) CHARACTER SET utf8mb4 COLLATE utf8mb4_unicode_ci DEFAULT NULL COMMENT '用户头像URL',
  `created_at` timestamp NOT NULL DEFAULT CURRENT_TIMESTAMP COMMENT '创建时间',
  `updated_at` timestamp NOT NULL DEFAULT CURRENT_TIMESTAMP ON UPDATE CURRENT_TIMESTAMP COMMENT '更新时间',
  `role` varchar(256) CHARACTER SET utf8mb4 COLLATE utf8mb4_unicode_ci NOT NULL DEFAULT 'user' COMMENT '用户角色：user/admin/ban',
  `points` int DEFAULT '200' COMMENT '用户的总积分-注册赠送200积分，面试一次消耗10积分，每天登录赠送100积分',
  `profile` text CHARACTER SET utf8mb4 COLLATE utf8mb4_unicode_ci COMMENT '用户简介',
  PRIMARY KEY (`id`),
  UNIQUE KEY `username` (`username`),
  UNIQUE KEY `email` (`email`)
) ENGINE=InnoDB AUTO_INCREMENT=24 DEFAULT CHARSET=utf8mb4 COLLATE=utf8mb4_unicode_ci COMMENT='存储平台的用户基本信息';
/*!40101 SET character_set_client = @saved_cs_client */;

--
-- Dumping data for table `users`
--

LOCK TABLES `users` WRITE;
/*!40000 ALTER TABLE `users` DISABLE KEYS */;
INSERT INTO `users` VALUES (1,'echo','aaecf460d7d1f4f1ac15eae20197505e','3158779947@qq.com','echo','https://echo-interview.oss-cn-guangzhou.aliyuncs.com/interview/user/36790ba8-a9f1-43e2-a191-b6d34db6c1d9.jpeg','2025-06-20 16:31:17','2025-07-21 05:31:56','admin',200,'我是yuzhang'),(2,'tech_cat','e10adc3949ba59abbe56e057f20f883e','tech_cat@example.com','技术猫','https://echo-interview.oss-cn-guangzhou.aliyuncs.com/interview/user/57151aaa-047c-46a6-888a-c735f80e64cf.jpg','2025-07-20 19:01:23','2025-07-20 19:01:23','user',200,'一只爱写代码的猫'),(3,'code_master','e10adc3949ba59abbe56e057f20f883e','code_master@example.com','码神','https://echo-interview.oss-cn-guangzhou.aliyuncs.com/interview/user/c9d67f44-d706-4e49-a047-58665b69c4f3.png','2025-07-20 19:01:23','2025-07-21 05:26:44','user',200,'追求极致代码'),(4,'pm_guru','e10adc3949ba59abbe56e057f20f883e','pm_guru@example.com','产品大师','https://echo-interview.oss-cn-guangzhou.aliyuncs.com/interview/user/f26c962b-ef64-4a6c-84df-2dd90fe3b73e.png','2025-07-20 19:01:23','2025-07-21 05:26:59','user',200,'人人都是产品经理'),(5,'algo_king','e10adc3949ba59abbe56e057f20f883e','algo_king@example.com','算法小王子','https://echo-interview.oss-cn-guangzhou.aliyuncs.com/interview/user/eb3153ef-f694-4d39-bb6c-c18f8750494a.png','2025-07-20 19:01:23','2025-07-21 05:27:15','user',200,'LeetCode Contender'),(6,'newbie_dev','e10adc3949ba59abbe56e057f20f883e','newbie_dev@example.com','菜鸟开发者','https://echo-interview.oss-cn-guangzhou.aliyuncs.com/interview/user/719d3592-0506-432b-af55-95a64b607bde.png','2025-07-20 19:01:23','2025-07-21 05:30:45','user',200,'正在努力学习中');
/*!40000 ALTER TABLE `users` ENABLE KEYS */;
UNLOCK TABLES;

--
-- Dumping events for database 'virtual_interview_db'
--

--
-- Dumping routines for database 'virtual_interview_db'
--
/*!40103 SET TIME_ZONE=@OLD_TIME_ZONE */;

/*!40101 SET SQL_MODE=@OLD_SQL_MODE */;
/*!40014 SET FOREIGN_KEY_CHECKS=@OLD_FOREIGN_KEY_CHECKS */;
/*!40014 SET UNIQUE_CHECKS=@OLD_UNIQUE_CHECKS */;
/*!40101 SET CHARACTER_SET_CLIENT=@OLD_CHARACTER_SET_CLIENT */;
/*!40101 SET CHARACTER_SET_RESULTS=@OLD_CHARACTER_SET_RESULTS */;
/*!40101 SET COLLATION_CONNECTION=@OLD_COLLATION_CONNECTION */;
/*!40111 SET SQL_NOTES=@OLD_SQL_NOTES */;

-- Dump completed on 2025-07-21 13:38:42
